#options: 1920x1080 fps=24/1 timebase=1/24 bitdepth=8 cabac=1 ref=1 deblock=1:0:0 analyse=0x1:0 me=dia subme=2 psy=1 psy_rd=1.00:0.00 mixed_ref=0 me_range=16 chroma_me=1 trellis=0 8x8dct=0 cqm=0 deadzone=21,11 fast_pskip=1 chroma_qp_offset=0 threads=15 lookahead_threads=5 sliced_threads=0 nr=0 decimate=1 interlaced=0 bluray_compat=0 constrained_intra=0 bframes=3 b_pyramid=2 b_adapt=1 b_bias=0 direct=1 weightb=1 open_gop=0 weightp=2 keyint=250 keyint_min=24 scenecut=40 intra_refresh=0 rc_lookahead=40 rc=abr mbtree=1 bitrate=1778 ratetol=1.0 qcomp=0.60 qpmin=0 qpmax=69 qpstep=4 ip_ratio=1.40 aq=1:1.00
in:0 out:0 type:I dur:2 cpbdur:2 q:31.83 aq:17.81 tex:557295 mv:101933 misc:6236 imb:8160 pmb:0 smb:0 d:- ref:;
in:2 out:1 type:P dur:2 cpbdur:2 q:33.91 aq:27.26 tex:3226 mv:514 misc:652 imb:53 pmb:53 smb:8054 d:- ref:0 ;
in:1 out:2 type:b dur:2 cpbdur:2 q:33.91 aq:37.06 tex:376 mv:75 misc:429 imb:3 pmb:5 smb:8152 d:- ref:0 ;
in:4 out:3 type:P dur:2 cpbdur:2 q:33.68 aq:26.99 tex:10290 mv:1603 misc:691 imb:202 pmb:60 smb:7898 d:- ref:0 ;
in:3 out:4 type:b dur:2 cpbdur:2 q:33.79 aq:22.33 tex:4024 mv:1213 misc:683 imb:42 pmb:101 smb:8017 d:- ref:0 ;
in:5 out:5 type:P dur:2 cpbdur:2 q:33.45 aq:26.26 tex:14682 mv:2130 misc:844 imb:164 pmb:96 smb:7900 d:- ref:0 ;
in:8 out:6 type:P dur:2 cpbdur:2 q:33.35 aq:23.46 tex:36850 mv:4457 misc:933 imb:546 pmb:159 smb:7455 d:- ref:0 ;
in:6 out:7 type:B dur:2 cpbdur:2 q:33.42 aq:32.67 tex:13188 mv:3027 misc:1097 imb:73 pmb:241 smb:7846 d:- ref:0 ;
in:7 out:8 type:b dur:2 cpbdur:2 q:33.38 aq:35.39 tex:12573 mv:3410 misc:1161 imb:71 pmb:263 smb:7826 d:- ref:0 ;
in:10 out:9 type:P dur:2 cpbdur:2 q:33.07 aq:26.45 tex:43758 mv:6146 misc:1312 imb:647 pmb:247 smb:7266 d:- ref:0 ;
in:9 out:10 type:b dur:2 cpbdur:2 q:33.21 aq:33.99 tex:5464 mv:3884 misc:1452 imb:48 pmb:383 smb:7729 d:- ref:0 ;
in:12 out:11 type:P dur:2 cpbdur:2 q:32.92 aq:32.25 tex:62724 mv:7426 misc:1474 imb:832 pmb:258 smb:7070 d:- ref:0 ;
in:11 out:12 type:b dur:2 cpbdur:2 q:33.00 aq:32.15 tex:7511 mv:4598 misc:1731 imb:69 pmb:480 smb:7611 d:- ref:0 ;
in:14 out:13 type:P dur:2 cpbdur:2 q:32.82 aq:30.00 tex:65111 mv:8768 misc:1681 imb:923 pmb:333 smb:6904 d:- ref:0 ;
in:13 out:14 type:b dur:2 cpbdur:2 q:32.87 aq:33.41 tex:9733 mv:5328 misc:1995 imb:79 pmb:523 smb:7558 d:- ref:0 ;
in:16 out:15 type:P dur:2 cpbdur:2 q:36.82 aq:33.92 tex:44148 mv:8833 misc:1555 imb:1026 pmb:307 smb:6827 d:- ref:0 ;
in:15 out:16 type:b dur:2 cpbdur:2 q:34.82 aq:34.39 tex:6994 mv:5582 misc:2088 imb:75 pmb:577 smb:7508 d:- ref:0 ;
in:18 out:17 type:P dur:2 cpbdur:2 q:39.65 aq:34.49 tex:34162 mv:8265 misc:1741 imb:1117 pmb:272 smb:6771 d:- ref:0 ;
in:17 out:18 type:b dur:2 cpbdur:2 q:38.24 aq:38.47 tex:6183 mv:5775 misc:2362 imb:94 pmb:641 smb:7425 d:- ref:0 ;
in:20 out:19 type:P dur:2 cpbdur:2 q:36.10 aq:29.39 tex:53923 mv:9547 misc:1698 imb:1194 pmb:319 smb:6647 d:- ref:0 ;
in:19 out:20 type:b dur:2 cpbdur:2 q:37.88 aq:37.12 tex:7047 mv:6061 misc:2196 imb:103 pmb:577 smb:7480 d:- ref:0 ;
in:22 out:21 type:P dur:2 cpbdur:2 q:34.09 aq:26.44 tex:60143 mv:9298 misc:1895 imb:1007 pmb:418 smb:6735 d:- ref:0 ;
in:21 out:22 type:b dur:2 cpbdur:2 q:35.09 aq:35.41 tex:7847 mv:5401 misc:2016 imb:92 pmb:536 smb:7532 d:- ref:0 ;
in:24 out:23 type:P dur:2 cpbdur:2 q:32.33 aq:24.52 tex:79266 mv:8576 misc:2262 imb:685 pmb:483 smb:6992 d:- ref:0 ;
in:23 out:24 type:b dur:2 cpbdur:2 q:33.21 aq:27.53 tex:9333 mv:5115 misc:1736 imb:93 pmb:472 smb:7595 d:- ref:0 ;
in:25 out:25 type:P dur:2 cpbdur:2 q:31.26 aq:22.51 tex:56355 mv:8219 misc:3170 imb:445 pmb:710 smb:7005 d:- ref:0 ;
in:26 out:26 type:P dur:2 cpbdur:2 q:31.32 aq:21.60 tex:45927 mv:7141 misc:2420 imb:409 pmb:469 smb:7282 d:- ref:0 ;
in:27 out:27 type:P dur:2 cpbdur:2 q:30.76 aq:19.83 tex:56247 mv:8487 misc:3338 imb:433 pmb:779 smb:6948 d:- ref:0 ;
in:28 out:28 type:P dur:2 cpbdur:2 q:30.90 aq:18.77 tex:37827 mv:6749 misc:2104 imb:323 pmb:533 smb:7304 d:- ref:0 ;
in:31 out:29 type:P dur:2 cpbdur:2 q:30.47 aq:21.45 tex:73069 mv:6915 misc:2600 imb:442 pmb:625 smb:7093 d:- ref:0 ;
in:29 out:30 type:B dur:2 cpbdur:2 q:30.76 aq:28.72 tex:18347 mv:5211 misc:1418 imb:70 pmb:434 smb:7656 d:- ref:0 ;
in:30 out:31 type:b dur:2 cpbdur:2 q:30.62 aq:30.30 tex:20090 mv:4080 misc:990 imb:68 pmb:288 smb:7804 d:- ref:0 ;
in:34 out:32 type:P dur:2 cpbdur:2 q:30.41 aq:20.33 tex:63039 mv:6029 misc:1836 imb:285 pmb:519 smb:7356 d:- ref:0 ;
in:32 out:33 type:B dur:2 cpbdur:2 q:30.45 aq:31.99 tex:20403 mv:4290 misc:1107 imb:56 pmb:335 smb:7769 d:- ref:0 ;
in:33 out:34 type:b dur:2 cpbdur:2 q:30.43 aq:26.12 tex:17995 mv:4394 misc:947 imb:43 pmb:300 smb:7817 d:- ref:0 ;
in:35 out:35 type:P dur:2 cpbdur:2 q:30.06 aq:20.95 tex:65405 mv:5480 misc:3155 imb:205 pmb:794 smb:7161 d:- ref:0 ;
in:39 out:36 type:P dur:2 cpbdur:2 q:30.27 aq:17.05 tex:76075 mv:4718 misc:1527 imb:198 pmb:429 smb:7533 d:- ref:0 ;
in:37 out:37 type:B dur:2 cpbdur:2 q:30.17 aq:29.20 tex:8514 mv:2685 misc:1097 imb:23 pmb:319 smb:7818 d:- ref:0 ;
in:36 out:38 type:b dur:2 cpbdur:2 q:30.11 aq:30.50 tex:3185 mv:2449 misc:1110 imb:16 pmb:305 smb:7839 d:- ref:0 ;
in:38 out:39 type:b dur:2 cpbdur:2 q:30.22 aq:32.61 tex:3631 mv:2292 misc:685 imb:15 pmb:175 smb:7970 d:- ref:0 ;
in:43 out:40 type:P dur:2 cpbdur:2 q:29.74 aq:20.51 tex:47558 mv:3114 misc:2504 imb:120 pmb:507 smb:7533 d:- ref:0 ;
in:41 out:41 type:B dur:2 cpbdur:2 q:30.01 aq:22.43 tex:8298 mv:1381 misc:673 imb:29 pmb:114 smb:8017 d:- ref:0 ;
in:40 out:42 type:b dur:2 cpbdur:2 q:30.14 aq:23.91 tex:5195 mv:1612 misc:657 imb:13 pmb:128 smb:8019 d:- ref:0 ;
in:42 out:43 type:b dur:2 cpbdur:2 q:29.88 aq:32.80 tex:2708 mv:871 misc:533 imb:4 pmb:78 smb:8078 d:- ref:0 ;
in:47 out:44 type:P dur:2 cpbdur:2 q:29.07 aq:20.27 tex:65368 mv:2638 misc:4106 imb:98 pmb:897 smb:7165 d:- ref:0 ;
in:45 out:45 type:B dur:2 cpbdur:2 q:29.41 aq:30.18 tex:6621 mv:1559 misc:524 imb:14 pmb:101 smb:8045 d:- ref:0 ;
in:44 out:46 type:b dur:2 cpbdur:2 q:29.57 aq:24.36 tex:4003 mv:1490 misc:507 imb:11 pmb:82 smb:8067 d:- ref:0 ;
in:46 out:47 type:b dur:2 cpbdur:2 q:29.24 aq:24.52 tex:4970 mv:1941 misc:505 imb:8 pmb:101 smb:8051 d:- ref:0 ;
in:51 out:48 type:P dur:2 cpbdur:2 q:28.17 aq:19.68 tex:105480 mv:3358 misc:5370 imb:65 pmb:1577 smb:6518 d:- ref:0 ;
in:49 out:49 type:B dur:2 cpbdur:2 q:28.62 aq:28.78 tex:893 mv:450 misc:649 imb:2 pmb:74 smb:8084 d:- ref:0 ;
in:48 out:50 type:b dur:2 cpbdur:2 q:28.85 aq:30.00 tex:7 mv:74 misc:543 imb:0 pmb:41 smb:8119 d:- ref:0 ;
in:50 out:51 type:b dur:2 cpbdur:2 q:28.40 aq:31.48 tex:1978 mv:442 misc:460 imb:3 pmb:27 smb:8130 d:- ref:0 ;
in:52 out:52 type:P dur:2 cpbdur:2 q:27.41 aq:18.65 tex:129638 mv:2764 misc:5566 imb:70 pmb:2067 smb:6023 d:- ref:0 ;
in:53 out:53 type:P dur:2 cpbdur:2 q:27.16 aq:17.64 tex:75163 mv:2650 misc:4707 imb:96 pmb:1124 smb:6940 d:- ref:0 ;
in:57 out:54 type:P dur:2 cpbdur:2 q:26.88 aq:16.84 tex:67633 mv:2635 misc:3236 imb:128 pmb:623 smb:7409 d:- ref:0 ;
in:55 out:55 type:B dur:2 cpbdur:2 q:27.02 aq:28.28 tex:6214 mv:1391 misc:619 imb:6 pmb:113 smb:8041 d:- ref:0 ;
in:54 out:56 type:b dur:2 cpbdur:2 q:27.09 aq:22.87 tex:2447 mv:1174 misc:587 imb:7 pmb:79 smb:8074 d:- ref:0 ;
in:56 out:57 type:b dur:2 cpbdur:2 q:26.95 aq:27.83 tex:2706 mv:1249 misc:549 imb:5 pmb:88 smb:8067 d:- ref:0 ;
in:61 out:58 type:P dur:2 cpbdur:2 q:25.99 aq:17.36 tex:125886 mv:2871 misc:5451 imb:58 pmb:1680 smb:6422 d:- ref:0 ;
in:59 out:59 type:B dur:2 cpbdur:2 q:26.44 aq:21.50 tex:408 mv:469 misc:635 imb:0 pmb:62 smb:8098 d:- ref:0 ;
in:58 out:60 type:b dur:2 cpbdur:2 q:26.66 aq:27.02 tex:1254 mv:1302 misc:532 imb:2 pmb:95 smb:8063 d:- ref:0 ;
in:60 out:61 type:b dur:2 cpbdur:2 q:26.22 aq:28.36 tex:71 mv:114 misc:447 imb:0 pmb:14 smb:8146 d:- ref:0 ;
in:65 out:62 type:P dur:2 cpbdur:2 q:25.27 aq:16.68 tex:112667 mv:1604 misc:5473 imb:44 pmb:1698 smb:6418 d:- ref:0 ;
in:63 out:63 type:B dur:2 cpbdur:2 q:25.63 aq:23.53 tex:290 mv:240 misc:478 imb:0 pmb:16 smb:8144 d:- ref:0 ;
in:62 out:64 type:b dur:2 cpbdur:2 q:25.81 aq:27.86 tex:174 mv:92 misc:414 imb:0 pmb:5 smb:8155 d:- ref:0 ;
in:64 out:65 type:b dur:2 cpbdur:2 q:25.45 aq:27.52 tex:66 mv:95 misc:407 imb:0 pmb:5 smb:8155 d:- ref:0 ;
in:69 out:66 type:P dur:2 cpbdur:2 q:24.63 aq:15.16 tex:120399 mv:2168 misc:5577 imb:116 pmb:1725 smb:6319 d:- ref:0 ;
in:67 out:67 type:B dur:2 cpbdur:2 q:24.95 aq:19.50 tex:401 mv:216 misc:463 imb:0 pmb:14 smb:8146 d:- ref:0 ;
in:66 out:68 type:b dur:2 cpbdur:2 q:25.11 aq:27.00 tex:106 mv:71 misc:407 imb:0 pmb:5 smb:8155 d:- ref:0 ;
in:68 out:69 type:b dur:2 cpbdur:2 q:24.79 aq:26.00 tex:135 mv:71 misc:402 imb:1 pmb:3 smb:8156 d:- ref:0 ;
in:73 out:70 type:P dur:2 cpbdur:2 q:24.64 aq:15.84 tex:41598 mv:884 misc:3398 imb:9 pmb:704 smb:7447 d:- ref:0 ;
in:71 out:71 type:B dur:2 cpbdur:2 q:24.63 aq:20.24 tex:212 mv:244 misc:480 imb:0 pmb:17 smb:8143 d:- ref:0 ;
in:70 out:72 type:b dur:2 cpbdur:2 q:24.63 aq:27.51 tex:121 mv:89 misc:406 imb:0 pmb:6 smb:8154 d:- ref:0 ;
in:72 out:73 type:b dur:2 cpbdur:2 q:24.64 aq:19.51 tex:40 mv:60 misc:444 imb:0 pmb:13 smb:8147 d:- ref:0 ;
in:77 out:74 type:P dur:2 cpbdur:2 q:24.04 aq:15.53 tex:90408 mv:1270 misc:5138 imb:40 pmb:1406 smb:6714 d:- ref:0 ;
in:75 out:75 type:B dur:2 cpbdur:2 q:24.34 aq:24.00 tex:0 mv:0 misc:408 imb:0 pmb:0 smb:8160 d:- ref:0 ;
in:74 out:76 type:b dur:2 cpbdur:2 q:24.49 aq:26.00 tex:0 mv:0 misc:384 imb:0 pmb:0 smb:8160 d:- ref:0 ;
in:76 out:77 type:b dur:2 cpbdur:2 q:24.19 aq:26.00 tex:0 mv:0 misc:384 imb:0 pmb:0 smb:8160 d:- ref:0 ;
in:81 out:78 type:P dur:2 cpbdur:2 q:23.55 aq:13.30 tex:84040 mv:2129 misc:5279 imb:141 pmb:1290 smb:6729 d:- ref:0 ;
in:79 out:79 type:B dur:2 cpbdur:2 q:23.79 aq:21.74 tex:18 mv:4 misc:418 imb:0 pmb:1 smb:8159 d:- ref:0 ;
in:78 out:80 type:b dur:2 cpbdur:2 q:23.92 aq:26.00 tex:0 mv:0 misc:384 imb:0 pmb:0 smb:8160 d:- ref:0 ;
in:80 out:81 type:b dur:2 cpbdur:2 q:23.67 aq:25.00 tex:0 mv:0 misc:392 imb:0 pmb:0 smb:8160 d:- ref:0 ;
in:85 out:82 type:P dur:2 cpbdur:2 q:23.06 aq:14.56 tex:96757 mv:1274 misc:5121 imb:37 pmb:1399 smb:6724 d:- ref:0 ;
in:83 out:83 type:B dur:2 cpbdur:2 q:23.31 aq:21.74 tex:19 mv:8 misc:421 imb:0 pmb:2 smb:8158 d:- ref:0 ;
in:82 out:84 type:b dur:2 cpbdur:2 q:23.43 aq:23.74 tex:17 mv:4 misc:395 imb:0 pmb:1 smb:8159 d:- ref:0 ;
in:84 out:85 type:b dur:2 cpbdur:2 q:23.18 aq:25.00 tex:1 mv:3 misc:396 imb:0 pmb:1 smb:8159 d:- ref:0 ;
in:89 out:86 type:P dur:2 cpbdur:2 q:22.39 aq:13.51 tex:127334 mv:1680 misc:5562 imb:76 pmb:1698 smb:6386 d:- ref:0 ;
in:87 out:87 type:B dur:2 cpbdur:2 q:22.73 aq:16.45 tex:353 mv:83 misc:468 imb:3 pmb:7 smb:8150 d:- ref:0 ;
in:86 out:88 type:b dur:2 cpbdur:2 q:22.89 aq:27.36 tex:120 mv:30 misc:402 imb:0 pmb:2 smb:8158 d:- ref:0 ;
in:88 out:89 type:b dur:2 cpbdur:2 q:22.56 aq:27.14 tex:155 mv:57 misc:404 imb:0 pmb:4 smb:8156 d:- ref:0 ;
in:93 out:90 type:P dur:2 cpbdur:2 q:21.88 aq:12.46 tex:117706 mv:1989 misc:5465 imb:99 pmb:1533 smb:6528 d:- ref:0 ;
in:91 out:91 type:B dur:2 cpbdur:2 q:22.13 aq:23.35 tex:506 mv:104 misc:494 imb:1 pmb:15 smb:8144 d:- ref:0 ;
in:90 out:92 type:b dur:2 cpbdur:2 q:22.26 aq:10.64 tex:29 mv:37 misc:414 imb:2 pmb:4 smb:8154 d:- ref:0 ;
in:92 out:93 type:b dur:2 cpbdur:2 q:22.01 aq:10.39 tex:431 mv:76 misc:405 imb:2 pmb:2 smb:8156 d:- ref:0 ;
in:97 out:94 type:P dur:2 cpbdur:2 q:21.12 aq:12.44 tex:163584 mv:2007 misc:5713 imb:58 pmb:1939 smb:6163 d:- ref:0 ;
in:95 out:95 type:B dur:2 cpbdur:2 q:21.50 aq:23.39 tex:649 mv:185 misc:502 imb:3 pmb:18 smb:8139 d:- ref:0 ;
in:94 out:96 type:b dur:2 cpbdur:2 q:21.69 aq:27.00 tex:307 mv:108 misc:417 imb:0 pmb:7 smb:8153 d:- ref:0 ;
in:96 out:97 type:b dur:2 cpbdur:2 q:21.31 aq:13.01 tex:191 mv:73 misc:440 imb:2 pmb:11 smb:8147 d:- ref:0 ;
in:101 out:98 type:P dur:2 cpbdur:2 q:20.57 aq:11.72 tex:159195 mv:2222 misc:5455 imb:84 pmb:1664 smb:6412 d:- ref:0 ;
in:99 out:99 type:B dur:2 cpbdur:2 q:20.85 aq:19.50 tex:5365 mv:506 misc:529 imb:9 pmb:49 smb:8102 d:- ref:0 ;
in:98 out:100 type:b dur:2 cpbdur:2 q:20.98 aq:23.88 tex:2044 mv:337 misc:451 imb:1 pmb:25 smb:8134 d:- ref:0 ;
in:100 out:101 type:b dur:2 cpbdur:2 q:20.71 aq:25.52 tex:3592 mv:860 misc:452 imb:4 pmb:45 smb:8111 d:- ref:0 ;
in:105 out:102 type:P dur:2 cpbdur:2 q:20.32 aq:11.59 tex:117748 mv:2078 misc:4774 imb:37 pmb:1261 smb:6862 d:- ref:0 ;
in:103 out:103 type:B dur:2 cpbdur:2 q:20.45 aq:21.23 tex:2465 mv:532 misc:627 imb:0 pmb:68 smb:8092 d:- ref:0 ;
in:102 out:104 type:b dur:2 cpbdur:2 q:20.51 aq:24.14 tex:1553 mv:374 misc:513 imb:3 pmb:48 smb:8109 d:- ref:0 ;
in:104 out:105 type:b dur:2 cpbdur:2 q:20.38 aq:23.76 tex:436 mv:151 misc:453 imb:0 pmb:14 smb:8146 d:- ref:0 ;
in:109 out:106 type:P dur:2 cpbdur:2 q:20.08 aq:11.33 tex:89784 mv:1649 misc:4327 imb:27 pmb:1050 smb:7083 d:- ref:0 ;
in:107 out:107 type:B dur:2 cpbdur:2 q:20.20 aq:20.94 tex:1527 mv:570 misc:631 imb:3 pmb:57 smb:8100 d:- ref:0 ;
in:106 out:108 type:b dur:2 cpbdur:2 q:20.26 aq:24.55 tex:390 mv:254 misc:460 imb:1 pmb:17 smb:8142 d:- ref:0 ;
in:108 out:109 type:b dur:2 cpbdur:2 q:20.14 aq:22.00 tex:42 mv:73 misc:517 imb:0 pmb:32 smb:8128 d:- ref:0 ;
in:113 out:110 type:P dur:2 cpbdur:2 q:19.90 aq:10.26 tex:72040 mv:1163 misc:3973 imb:36 pmb:879 smb:7245 d:- ref:0 ;
in:111 out:111 type:B dur:2 cpbdur:2 q:19.99 aq:18.78 tex:759 mv:98 misc:535 imb:0 pmb:22 smb:8138 d:- ref:0 ;
in:110 out:112 type:b dur:2 cpbdur:2 q:20.04 aq:22.52 tex:160 mv:45 misc:451 imb:0 pmb:8 smb:8152 d:- ref:0 ;
in:112 out:113 type:b dur:2 cpbdur:2 q:19.95 aq:23.26 tex:181 mv:76 misc:431 imb:1 pmb:5 smb:8154 d:- ref:0 ;
in:117 out:114 type:P dur:2 cpbdur:2 q:19.55 aq:10.53 tex:96490 mv:1082 misc:4580 imb:25 pmb:1136 smb:6999 d:- ref:0 ;
in:115 out:115 type:B dur:2 cpbdur:2 q:19.73 aq:18.82 tex:796 mv:139 misc:545 imb:0 pmb:27 smb:8133 d:- ref:0 ;
in:114 out:116 type:b dur:2 cpbdur:2 q:19.82 aq:20.35 tex:111 mv:72 misc:465 imb:0 pmb:13 smb:8147 d:- ref:0 ;
in:116 out:117 type:b dur:2 cpbdur:2 q:19.64 aq:17.20 tex:175 mv:87 misc:434 imb:0 pmb:8 smb:8152 d:- ref:0 ;
in:121 out:118 type:P dur:2 cpbdur:2 q:19.04 aq:10.38 tex:121783 mv:1439 misc:5122 imb:39 pmb:1418 smb:6703 d:- ref:0 ;
in:119 out:119 type:B dur:2 cpbdur:2 q:19.30 aq:20.42 tex:938 mv:315 misc:579 imb:0 pmb:37 smb:8123 d:- ref:0 ;
in:118 out:120 type:b dur:2 cpbdur:2 q:19.42 aq:22.44 tex:102 mv:124 misc:422 imb:0 pmb:6 smb:8154 d:- ref:0 ;
in:120 out:121 type:b dur:2 cpbdur:2 q:19.17 aq:21.00 tex:77 mv:48 misc:435 imb:0 pmb:11 smb:8149 d:- ref:0 ;
in:125 out:122 type:P dur:2 cpbdur:2 q:18.37 aq:9.82 tex:177742 mv:1696 misc:5658 imb:76 pmb:1863 smb:6221 d:- ref:0 ;
in:123 out:123 type:B dur:2 cpbdur:2 q:18.71 aq:17.92 tex:5181 mv:716 misc:671 imb:5 pmb:86 smb:8069 d:- ref:0 ;
in:122 out:124 type:b dur:2 cpbdur:2 q:18.88 aq:19.79 tex:2165 mv:422 misc:589 imb:1 pmb:63 smb:8096 d:- ref:0 ;
in:124 out:125 type:b dur:2 cpbdur:2 q:18.54 aq:18.54 tex:2877 mv:783 misc:476 imb:3 pmb:54 smb:8103 d:- ref:0 ;
in:129 out:126 type:P dur:2 cpbdur:2 q:17.88 aq:9.47 tex:163924 mv:2219 misc:5521 imb:47 pmb:1772 smb:6341 d:- ref:0 ;
in:127 out:127 type:B dur:2 cpbdur:2 q:18.13 aq:17.87 tex:2547 mv:754 misc:667 imb:0 pmb:79 smb:8081 d:- ref:0 ;
in:126 out:128 type:b dur:2 cpbdur:2 q:18.25 aq:21.07 tex:1353 mv:521 misc:534 imb:2 pmb:58 smb:8100 d:- ref:0 ;
in:128 out:129 type:b dur:2 cpbdur:2 q:18.01 aq:20.51 tex:401 mv:104 misc:503 imb:0 pmb:19 smb:8141 d:- ref:0 ;
in:133 out:130 type:P dur:2 cpbdur:2 q:17.65 aq:9.30 tex:111208 mv:1776 misc:4920 imb:39 pmb:1287 smb:6834 d:- ref:0 ;
in:131 out:131 type:B dur:2 cpbdur:2 q:17.77 aq:18.30 tex:2268 mv:606 misc:718 imb:0 pmb:79 smb:8081 d:- ref:0 ;
in:130 out:132 type:b dur:2 cpbdur:2 q:17.83 aq:19.82 tex:692 mv:183 misc:525 imb:0 pmb:28 smb:8132 d:- ref:0 ;
in:132 out:133 type:b dur:2 cpbdur:2 q:17.71 aq:19.52 tex:412 mv:112 misc:588 imb:0 pmb:40 smb:8120 d:- ref:0 ;
in:137 out:134 type:P dur:2 cpbdur:2 q:17.44 aq:9.06 tex:81116 mv:1083 misc:4497 imb:24 pmb:1069 smb:7067 d:- ref:0 ;
in:135 out:135 type:B dur:2 cpbdur:2 q:17.54 aq:17.67 tex:1419 mv:316 misc:617 imb:0 pmb:50 smb:8110 d:- ref:0 ;
in:134 out:136 type:b dur:2 cpbdur:2 q:17.60 aq:13.78 tex:280 mv:54 misc:466 imb:2 pmb:9 smb:8149 d:- ref:0 ;
in:136 out:137 type:b dur:2 cpbdur:2 q:17.49 aq:19.26 tex:113 mv:16 misc:431 imb:0 pmb:5 smb:8155 d:- ref:0 ;
in:141 out:138 type:P dur:2 cpbdur:2 q:17.26 aq:9.00 tex:74243 mv:1036 misc:4113 imb:24 pmb:931 smb:7205 d:- ref:0 ;
in:139 out:139 type:B dur:2 cpbdur:2 q:17.35 aq:15.31 tex:1906 mv:426 misc:628 imb:0 pmb:62 smb:8098 d:- ref:0 ;
in:138 out:140 type:b dur:2 cpbdur:2 q:17.39 aq:19.92 tex:390 mv:70 misc:484 imb:0 pmb:16 smb:8144 d:- ref:0 ;
in:140 out:141 type:b dur:2 cpbdur:2 q:17.30 aq:20.48 tex:142 mv:32 misc:450 imb:0 pmb:7 smb:8153 d:- ref:0 ;
in:145 out:142 type:P dur:2 cpbdur:2 q:17.08 aq:8.70 tex:69138 mv:997 misc:3841 imb:26 pmb:884 smb:7250 d:- ref:0 ;
in:143 out:143 type:B dur:2 cpbdur:2 q:17.17 aq:15.57 tex:2013 mv:425 misc:642 imb:1 pmb:58 smb:8101 d:- ref:0 ;
in:142 out:144 type:b dur:2 cpbdur:2 q:17.21 aq:20.29 tex:103 mv:19 misc:430 imb:0 pmb:6 smb:8154 d:- ref:0 ;
in:144 out:145 type:b dur:2 cpbdur:2 q:17.12 aq:16.62 tex:383 mv:51 misc:510 imb:0 pmb:18 smb:8142 d:- ref:0 ;
in:149 out:146 type:P dur:2 cpbdur:2 q:16.87 aq:8.94 tex:39042 mv:793 misc:3173 imb:16 pmb:620 smb:7524 d:- ref:0 ;
in:147 out:147 type:B dur:2 cpbdur:2 q:16.98 aq:15.21 tex:1818 mv:390 misc:616 imb:0 pmb:58 smb:8102 d:- ref:0 ;
in:146 out:148 type:b dur:2 cpbdur:2 q:17.03 aq:16.06 tex:134 mv:40 misc:458 imb:0 pmb:8 smb:8152 d:- ref:0 ;
in:148 out:149 type:b dur:2 cpbdur:2 q:16.92 aq:19.89 tex:147 mv:33 misc:460 imb:0 pmb:9 smb:8151 d:- ref:0 ;
in:153 out:150 type:P dur:2 cpbdur:2 q:16.66 aq:9.53 tex:51167 mv:1298 misc:2695 imb:54 pmb:541 smb:7565 d:- ref:0 ;
in:151 out:151 type:B dur:2 cpbdur:2 q:16.77 aq:14.73 tex:2258 mv:445 misc:633 imb:1 pmb:60 smb:8099 d:- ref:0 ;
in:150 out:152 type:b dur:2 cpbdur:2 q:16.82 aq:18.60 tex:502 mv:98 misc:512 imb:1 pmb:19 smb:8140 d:- ref:0 ;
in:152 out:153 type:b dur:2 cpbdur:2 q:16.71 aq:19.35 tex:5353 mv:313 misc:542 imb:4 pmb:37 smb:8119 d:- ref:0 ;
in:157 out:154 type:P dur:2 cpbdur:2 q:16.45 aq:10.19 tex:179546 mv:5624 misc:2742 imb:303 pmb:819 smb:7038 d:- ref:0 ;
in:155 out:155 type:B dur:2 cpbdur:2 q:16.55 aq:13.41 tex:37430 mv:2481 misc:1369 imb:53 pmb:340 smb:7767 d:- ref:0 ;
in:154 out:156 type:b dur:2 cpbdur:2 q:16.61 aq:19.44 tex:21765 mv:1103 misc:788 imb:24 pmb:135 smb:8001 d:- ref:0 ;
in:156 out:157 type:b dur:2 cpbdur:2 q:16.50 aq:17.75 tex:54654 mv:3261 misc:1221 imb:85 pmb:288 smb:7787 d:- ref:0 ;
in:159 out:158 type:P dur:2 cpbdur:2 q:16.24 aq:9.52 tex:227352 mv:8495 misc:2737 imb:427 pmb:835 smb:6898 d:- ref:0 ;
in:158 out:159 type:b dur:2 cpbdur:2 q:16.35 aq:17.06 tex:65165 mv:6520 misc:1379 imb:93 pmb:501 smb:7566 d:- ref:0 ;
in:161 out:160 type:P dur:2 cpbdur:2 q:16.12 aq:8.95 tex:187349 mv:9341 misc:2926 imb:423 pmb:981 smb:6756 d:- ref:0 ;
in:160 out:161 type:b dur:2 cpbdur:2 q:16.18 aq:17.24 tex:56041 mv:7469 misc:1546 imb:83 pmb:635 smb:7442 d:- ref:0 ;
in:163 out:162 type:P dur:2 cpbdur:2 q:16.03 aq:9.20 tex:153996 mv:9557 misc:2975 imb:453 pmb:1064 smb:6643 d:- ref:0 ;
in:162 out:163 type:b dur:2 cpbdur:2 q:16.08 aq:14.22 tex:50283 mv:7377 misc:1660 imb:100 pmb:697 smb:7363 d:- ref:0 ;
in:167 out:164 type:P dur:2 cpbdur:2 q:15.91 aq:8.68 tex:155679 mv:10690 misc:2879 imb:669 pmb:892 smb:6599 d:- ref:0 ;
in:165 out:165 type:B dur:2 cpbdur:2 q:15.97 aq:12.49 tex:83266 mv:8589 misc:1705 imb:135 pmb:785 smb:7240 d:- ref:0 ;
in:164 out:166 type:b dur:2 cpbdur:2 q:16.00 aq:12.61 tex:71967 mv:7866 misc:1583 imb:110 pmb:718 smb:7332 d:- ref:0 ;
in:166 out:167 type:b dur:2 cpbdur:2 q:15.94 aq:14.09 tex:60486 mv:7173 misc:1565 imb:98 pmb:700 smb:7362 d:- ref:0 ;
in:171 out:168 type:P dur:2 cpbdur:2 q:15.71 aq:7.80 tex:203979 mv:9237 misc:2256 imb:545 pmb:710 smb:6905 d:- ref:0 ;
in:169 out:169 type:B dur:2 cpbdur:2 q:15.81 aq:11.13 tex:5778 mv:512 misc:1230 imb:0 pmb:208 smb:7952 d:- ref:0 ;
in:168 out:170 type:b dur:2 cpbdur:2 q:15.86 aq:12.68 tex:5210 mv:489 misc:917 imb:1 pmb:156 smb:8003 d:- ref:0 ;
in:170 out:171 type:b dur:2 cpbdur:2 q:15.76 aq:17.78 tex:373 mv:103 misc:556 imb:0 pmb:27 smb:8133 d:- ref:0 ;
in:175 out:172 type:P dur:2 cpbdur:2 q:15.68 aq:8.97 tex:63357 mv:4344 misc:1899 imb:135 pmb:639 smb:7386 d:- ref:0 ;
in:173 out:173 type:B dur:2 cpbdur:2 q:15.70 aq:8.64 tex:2868 mv:817 misc:1355 imb:0 pmb:297 smb:7863 d:- ref:0 ;
in:172 out:174 type:b dur:2 cpbdur:2 q:15.71 aq:17.96 tex:332 mv:118 misc:566 imb:0 pmb:28 smb:8132 d:- ref:0 ;
in:174 out:175 type:b dur:2 cpbdur:2 q:15.69 aq:13.73 tex:934 mv:350 misc:1140 imb:1 pmb:203 smb:7956 d:- ref:0 ;
in:177 out:176 type:P dur:2 cpbdur:2 q:15.63 aq:8.80 tex:67447 mv:5076 misc:1829 imb:148 pmb:638 smb:7374 d:- ref:0 ;
in:176 out:177 type:b dur:2 cpbdur:2 q:15.66 aq:13.07 tex:14219 mv:3798 misc:1343 imb:25 pmb:388 smb:7747 d:- ref:0 ;
in:180 out:178 type:P dur:2 cpbdur:2 q:15.61 aq:10.04 tex:39954 mv:3943 misc:1735 imb:108 pmb:532 smb:7520 d:- ref:0 ;
in:178 out:179 type:B dur:2 cpbdur:2 q:15.62 aq:10.43 tex:19054 mv:4191 misc:1403 imb:39 pmb:428 smb:7693 d:- ref:0 ;
in:179 out:180 type:b dur:2 cpbdur:2 q:15.62 aq:15.57 tex:28571 mv:5829 misc:1232 imb:51 pmb:518 smb:7591 d:- ref:0 ;
in:181 out:181 type:P dur:2 cpbdur:2 q:15.58 aq:9.20 tex:968441 mv:40791 misc:2968 imb:2928 pmb:3258 smb:1974 d:- ref:0 ;
in:182 out:182 type:P dur:2 cpbdur:2 q:15.68 aq:9.34 tex:980800 mv:39739 misc:3213 imb:2316 pmb:3307 smb:2537 d:- ref:0 ;
in:183 out:183 type:P dur:2 cpbdur:2 q:16.24 aq:9.26 tex:996156 mv:42288 misc:3084 imb:2484 pmb:3149 smb:2527 d:- ref:0 ;
in:184 out:184 type:P dur:2 cpbdur:2 q:16.61 aq:9.97 tex:939800 mv:41192 misc:2872 imb:2192 pmb:3093 smb:2875 d:- ref:0 ;
in:185 out:185 type:P dur:2 cpbdur:2 q:17.04 aq:9.92 tex:977968 mv:42178 misc:2750 imb:2382 pmb:3003 smb:2775 d:- ref:0 ;
in:186 out:186 type:P dur:2 cpbdur:2 q:17.29 aq:10.10 tex:934846 mv:43071 misc:2867 imb:2392 pmb:2968 smb:2800 d:- ref:0 ;
in:187 out:187 type:P dur:2 cpbdur:2 q:17.63 aq:10.16 tex:855528 mv:41751 misc:2961 imb:2403 pmb:2964 smb:2793 d:- ref:0 ;
in:188 out:188 type:P dur:2 cpbdur:2 q:17.91 aq:10.45 tex:852176 mv:42379 misc:2973 imb:2606 pmb:2889 smb:2665 d:- ref:0 ;
in:189 out:189 type:P dur:2 cpbdur:2 q:18.17 aq:11.37 tex:851782 mv:41983 misc:3163 imb:2228 pmb:2852 smb:3080 d:- ref:0 ;
in:190 out:190 type:P dur:2 cpbdur:2 q:18.39 aq:10.98 tex:848924 mv:43215 misc:2925 imb:2608 pmb:2787 smb:2765 d:- ref:0 ;
in:191 out:191 type:P dur:2 cpbdur:2 q:18.65 aq:10.94 tex:870296 mv:43670 misc:2858 imb:2648 pmb:2773 smb:2739 d:- ref:0 ;
in:192 out:192 type:P dur:2 cpbdur:2 q:18.90 aq:11.49 tex:887780 mv:43509 misc:2855 imb:2668 pmb:2749 smb:2743 d:- ref:0 ;
in:193 out:193 type:P dur:2 cpbdur:2 q:19.10 aq:11.87 tex:866541 mv:42977 misc:2842 imb:2570 pmb:2727 smb:2863 d:- ref:0 ;
in:194 out:194 type:P dur:2 cpbdur:2 q:19.24 aq:12.05 tex:829145 mv:42766 misc:3017 imb:2360 pmb:2672 smb:3128 d:- ref:0 ;
in:195 out:195 type:P dur:2 cpbdur:2 q:19.41 aq:12.75 tex:812154 mv:40481 misc:2997 imb:2485 pmb:2636 smb:3039 d:- ref:0 ;
in:196 out:196 type:P dur:2 cpbdur:2 q:20.48 aq:12.06 tex:755666 mv:41238 misc:3208 imb:2602 pmb:2399 smb:3159 d:- ref:0 ;
in:197 out:197 type:P dur:2 cpbdur:2 q:21.56 aq:13.72 tex:725032 mv:42538 misc:2878 imb:2744 pmb:2304 smb:3112 d:- ref:0 ;
in:198 out:198 type:P dur:2 cpbdur:2 q:22.61 aq:14.57 tex:624318 mv:39153 misc:3441 imb:2635 pmb:2240 smb:3285 d:- ref:0 ;
in:199 out:199 type:P dur:2 cpbdur:2 q:23.59 aq:14.68 tex:583084 mv:39499 misc:3681 imb:3007 pmb:2140 smb:3013 d:- ref:0 ;
in:200 out:200 type:P dur:2 cpbdur:2 q:24.53 aq:15.90 tex:481306 mv:36601 misc:4013 imb:2424 pmb:2108 smb:3628 d:- ref:0 ;
in:201 out:201 type:P dur:2 cpbdur:2 q:25.37 aq:17.92 tex:459351 mv:35268 misc:3989 imb:2251 pmb:2060 smb:3849 d:- ref:0 ;
in:202 out:202 type:P dur:2 cpbdur:2 q:26.13 aq:18.44 tex:424165 mv:36316 misc:4007 imb:2250 pmb:2057 smb:3853 d:- ref:0 ;
in:203 out:203 type:P dur:2 cpbdur:2 q:26.84 aq:19.89 tex:382908 mv:34792 misc:4468 imb:2064 pmb:2131 smb:3965 d:- ref:0 ;
in:204 out:204 type:P dur:2 cpbdur:2 q:27.53 aq:19.91 tex:378389 mv:36840 misc:4467 imb:2002 pmb:2073 smb:4085 d:- ref:0 ;
in:205 out:205 type:P dur:2 cpbdur:2 q:28.17 aq:20.70 tex:311913 mv:34460 misc:4627 imb:1954 pmb:2074 smb:4132 d:- ref:0 ;
in:206 out:206 type:P dur:2 cpbdur:2 q:28.79 aq:21.02 tex:308762 mv:35511 misc:4863 imb:2080 pmb:1973 smb:4107 d:- ref:0 ;
in:207 out:207 type:P dur:2 cpbdur:2 q:29.43 aq:22.40 tex:266332 mv:34203 misc:4833 imb:1867 pmb:1933 smb:4360 d:- ref:0 ;
in:208 out:208 type:P dur:2 cpbdur:2 q:30.05 aq:21.37 tex:266315 mv:35046 misc:4519 imb:1938 pmb:1874 smb:4348 d:- ref:0 ;
in:209 out:209 type:P dur:2 cpbdur:2 q:30.64 aq:21.89 tex:239545 mv:32649 misc:4854 imb:1753 pmb:1799 smb:4608 d:- ref:0 ;
in:210 out:210 type:P dur:2 cpbdur:2 q:31.06 aq:22.79 tex:239828 mv:31764 misc:4696 imb:1848 pmb:1633 smb:4679 d:- ref:0 ;
in:211 out:211 type:P dur:2 cpbdur:2 q:31.29 aq:22.81 tex:253426 mv:32941 misc:4345 imb:1914 pmb:1649 smb:4597 d:- ref:0 ;
in:212 out:212 type:P dur:2 cpbdur:2 q:31.54 aq:23.92 tex:259984 mv:31781 misc:4379 imb:1917 pmb:1637 smb:4606 d:- ref:0 ;
in:213 out:213 type:P dur:2 cpbdur:2 q:31.77 aq:24.07 tex:224303 mv:30910 misc:4427 imb:1969 pmb:1489 smb:4702 d:- ref:0 ;
in:214 out:214 type:P dur:2 cpbdur:2 q:32.01 aq:24.52 tex:218990 mv:31334 misc:4268 imb:1958 pmb:1507 smb:4695 d:- ref:0 ;
in:215 out:215 type:P dur:2 cpbdur:2 q:32.22 aq:23.51 tex:220255 mv:30018 misc:4351 imb:2101 pmb:1342 smb:4717 d:- ref:0 ;
in:216 out:216 type:P dur:2 cpbdur:2 q:32.43 aq:25.22 tex:216949 mv:29882 misc:4097 imb:1872 pmb:1422 smb:4866 d:- ref:0 ;
in:217 out:217 type:P dur:2 cpbdur:2 q:32.64 aq:26.14 tex:99238 mv:24229 misc:4997 imb:810 pmb:1751 smb:5599 d:- ref:0 ;
in:218 out:218 type:P dur:2 cpbdur:2 q:32.85 aq:25.06 tex:95653 mv:23962 misc:4865 imb:789 pmb:1757 smb:5614 d:- ref:0 ;
in:219 out:219 type:P dur:2 cpbdur:2 q:33.06 aq:24.79 tex:93086 mv:23031 misc:4787 imb:796 pmb:1670 smb:5694 d:- ref:0 ;
in:220 out:220 type:P dur:2 cpbdur:2 q:33.24 aq:26.16 tex:85760 mv:22941 misc:4963 imb:718 pmb:1718 smb:5724 d:- ref:0 ;
in:221 out:221 type:P dur:2 cpbdur:2 q:33.43 aq:24.63 tex:74397 mv:22979 misc:5136 imb:726 pmb:1695 smb:5739 d:- ref:0 ;
in:222 out:222 type:P dur:2 cpbdur:2 q:33.60 aq:26.25 tex:69738 mv:21905 misc:5117 imb:660 pmb:1743 smb:5757 d:- ref:0 ;
in:223 out:223 type:P dur:2 cpbdur:2 q:33.78 aq:26.18 tex:81402 mv:24240 misc:5406 imb:810 pmb:1755 smb:5595 d:- ref:0 ;
in:224 out:224 type:P dur:2 cpbdur:2 q:33.96 aq:27.11 tex:78146 mv:24185 misc:5493 imb:766 pmb:1835 smb:5559 d:- ref:0 ;
in:225 out:225 type:P dur:2 cpbdur:2 q:34.13 aq:27.21 tex:69843 mv:23881 misc:5564 imb:824 pmb:1832 smb:5504 d:- ref:0 ;
in:226 out:226 type:P dur:2 cpbdur:2 q:34.32 aq:26.39 tex:63644 mv:24415 misc:5573 imb:818 pmb:1854 smb:5488 d:- ref:0 ;
in:227 out:227 type:P dur:2 cpbdur:2 q:34.51 aq:25.20 tex:53828 mv:24987 misc:5801 imb:831 pmb:1883 smb:5446 d:- ref:0 ;
in:228 out:228 type:P dur:2 cpbdur:2 q:34.67 aq:25.92 tex:47738 mv:23509 misc:5889 imb:796 pmb:1813 smb:5551 d:- ref:0 ;
in:229 out:229 type:P dur:2 cpbdur:2 q:34.83 aq:25.71 tex:40899 mv:22313 misc:5948 imb:673 pmb:1813 smb:5674 d:- ref:0 ;
in:230 out:230 type:P dur:2 cpbdur:2 q:35.00 aq:25.86 tex:40601 mv:22140 misc:6019 imb:740 pmb:1761 smb:5659 d:- ref:0 ;
in:231 out:231 type:P dur:2 cpbdur:2 q:35.15 aq:25.55 tex:45038 mv:22526 misc:6004 imb:904 pmb:1834 smb:5422 d:- ref:0 ;
in:232 out:232 type:P dur:2 cpbdur:2 q:35.22 aq:24.93 tex:41937 mv:22068 misc:6067 imb:752 pmb:1793 smb:5615 d:- ref:0 ;
in:233 out:233 type:P dur:2 cpbdur:2 q:35.28 aq:25.33 tex:29491 mv:20293 misc:6088 imb:663 pmb:1792 smb:5705 d:- ref:0 ;
in:234 out:234 type:P dur:2 cpbdur:2 q:35.34 aq:25.50 tex:31577 mv:19547 misc:5924 imb:605 pmb:1718 smb:5837 d:- ref:0 ;
in:235 out:235 type:P dur:2 cpbdur:2 q:35.39 aq:24.15 tex:30180 mv:19984 misc:5964 imb:718 pmb:1638 smb:5804 d:- ref:0 ;
in:236 out:236 type:P dur:2 cpbdur:2 q:35.44 aq:24.28 tex:41211 mv:20283 misc:5970 imb:775 pmb:1656 smb:5729 d:- ref:0 ;
in:237 out:237 type:P dur:2 cpbdur:2 q:35.48 aq:24.01 tex:41121 mv:20819 misc:5804 imb:832 pmb:1757 smb:5571 d:- ref:0 ;
in:238 out:238 type:P dur:2 cpbdur:2 q:35.54 aq:24.39 tex:51686 mv:23637 misc:5757 imb:814 pmb:1940 smb:5406 d:- ref:0 ;
in:239 out:239 type:P dur:2 cpbdur:2 q:35.59 aq:23.86 tex:57175 mv:23206 misc:5675 imb:969 pmb:1969 smb:5222 d:- ref:0 ;
in:240 out:240 type:P dur:2 cpbdur:2 q:35.64 aq:21.84 tex:80939 mv:25491 misc:5442 imb:1165 pmb:2066 smb:4929 d:- ref:0 ;
in:241 out:241 type:P dur:2 cpbdur:2 q:35.69 aq:22.78 tex:84325 mv:25666 misc:5441 imb:1058 pmb:2107 smb:4995 d:- ref:0 ;
in:242 out:242 type:P dur:2 cpbdur:2 q:35.72 aq:22.86 tex:94975 mv:25632 misc:5233 imb:977 pmb:2268 smb:4915 d:- ref:0 ;
in:244 out:243 type:P dur:2 cpbdur:2 q:35.75 aq:24.61 tex:100058 mv:22133 misc:5561 imb:672 pmb:2258 smb:5230 d:- ref:0 ;
in:243 out:244 type:b dur:2 cpbdur:2 q:35.74 aq:33.09 tex:471 mv:1477 misc:1196 imb:8 pmb:219 smb:7933 d:- ref:0 ;
in:248 out:245 type:P dur:2 cpbdur:2 q:35.81 aq:28.23 tex:13438 mv:2773 misc:2933 imb:61 pmb:546 smb:7553 d:- ref:0 ;
in:246 out:246 type:B dur:2 cpbdur:2 q:35.78 aq:30.78 tex:84 mv:224 misc:732 imb:1 pmb:92 smb:8067 d:- ref:0 ;
in:245 out:247 type:b dur:2 cpbdur:2 q:35.77 aq:30.44 tex:274 mv:2105 misc:733 imb:7 pmb:241 smb:7912 d:- ref:0 ;
in:247 out:248 type:b dur:2 cpbdur:2 q:35.79 aq:40.00 tex:0 mv:0 misc:392 imb:0 pmb:0 smb:8160 d:- ref:0 ;
in:249 out:249 type:P dur:2 cpbdur:2 q:35.90 aq:40.00 tex:0 mv:0 misc:408 imb:0 pmb:0 smb:8160 d:- ref:0 ;
in:250 out:250 type:I dur:2 cpbdur:2 q:30.46 aq:16.25 tex:600883 mv:109347 misc:658 imb:8160 pmb:0 smb:0 d:- ref:;
in:254 out:251 type:P dur:2 cpbdur:2 q:35.94 aq:30.42 tex:1739 mv:567 misc:950 imb:1 pmb:127 smb:8032 d:- ref:0 ;
in:252 out:252 type:B dur:2 cpbdur:2 q:35.94 aq:37.00 tex:0 mv:0 misc:392 imb:0 pmb:0 smb:8160 d:- ref:0 ;
in:251 out:253 type:b dur:2 cpbdur:2 q:35.94 aq:40.00 tex:0 mv:0 misc:392 imb:0 pmb:0 smb:8160 d:- ref:0 ;
in:253 out:254 type:b dur:2 cpbdur:2 q:35.94 aq:40.00 tex:0 mv:0 misc:392 imb:0 pmb:0 smb:8160 d:- ref:0 ;
in:256 out:255 type:P dur:2 cpbdur:2 q:36.11 aq:28.70 tex:1784 mv:907 misc:1349 imb:8 pmb:203 smb:7949 d:- ref:0 ;
in:255 out:256 type:b dur:2 cpbdur:2 q:36.03 aq:40.00 tex:0 mv:0 misc:392 imb:0 pmb:0 smb:8160 d:- ref:0 ;
in:260 out:257 type:P dur:2 cpbdur:2 q:36.26 aq:30.41 tex:2560 mv:1898 misc:2502 imb:13 pmb:495 smb:7652 d:- ref:0 ;
in:258 out:258 type:B dur:2 cpbdur:2 q:36.19 aq:38.00 tex:0 mv:0 misc:408 imb:0 pmb:0 smb:8160 d:- ref:0 ;
in:257 out:259 type:b dur:2 cpbdur:2 q:36.15 aq:40.00 tex:0 mv:0 misc:392 imb:0 pmb:0 smb:8160 d:- ref:0 ;
in:259 out:260 type:b dur:2 cpbdur:2 q:36.23 aq:40.00 tex:0 mv:0 misc:392 imb:0 pmb:0 smb:8160 d:- ref:0 ;
in:262 out:261 type:P dur:2 cpbdur:2 q:36.26 aq:30.64 tex:2241 mv:1148 misc:2051 imb:10 pmb:322 smb:7828 d:- ref:0 ;
in:261 out:262 type:b dur:2 cpbdur:2 q:36.26 aq:40.00 tex:0 mv:0 misc:392 imb:0 pmb:0 smb:8160 d:- ref:0 ;
in:264 out:263 type:P dur:2 cpbdur:2 q:36.19 aq:28.34 tex:3338 mv:1847 misc:2495 imb:32 pmb:495 smb:7633 d:- ref:0 ;
in:263 out:264 type:b dur:2 cpbdur:2 q:36.22 aq:40.00 tex:0 mv:0 misc:392 imb:0 pmb:0 smb:8160 d:- ref:0 ;
in:266 out:265 type:P dur:2 cpbdur:2 q:36.46 aq:31.14 tex:2487 mv:1107 misc:1630 imb:25 pmb:226 smb:7909 d:- ref:0 ;
in:265 out:266 type:b dur:2 cpbdur:2 q:36.33 aq:40.00 tex:0 mv:0 misc:392 imb:0 pmb:0 smb:8160 d:- ref:0 ;
in:270 out:267 type:P dur:2 cpbdur:2 q:36.39 aq:31.47 tex:3967 mv:2073 misc:2896 imb:37 pmb:532 smb:7591 d:- ref:0 ;
in:268 out:268 type:B dur:2 cpbdur:2 q:36.43 aq:39.00 tex:6 mv:64 misc:458 imb:3 pmb:4 smb:8153 d:- ref:0 ;
in:267 out:269 type:b dur:2 cpbdur:2 q:36.44 aq:41.00 tex:0 mv:0 misc:392 imb:0 pmb:0 smb:8160 d:- ref:0 ;
in:269 out:270 type:b dur:2 cpbdur:2 q:36.41 aq:40.00 tex:0 mv:0 misc:392 imb:0 pmb:0 smb:8160 d:- ref:0 ;
in:272 out:271 type:P dur:2 cpbdur:2 q:36.26 aq:30.85 tex:2961 mv:1903 misc:2608 imb:52 pmb:435 smb:7673 d:- ref:0 ;
in:271 out:272 type:b dur:2 cpbdur:2 q:36.33 aq:40.00 tex:0 mv:8 misc:400 imb:0 pmb:1 smb:8159 d:- ref:0 ;
in:276 out:273 type:P dur:2 cpbdur:2 q:36.20 aq:31.73 tex:3176 mv:2958 misc:3202 imb:56 pmb:627 smb:7477 d:- ref:0 ;
in:274 out:274 type:B dur:2 cpbdur:2 q:36.23 aq:38.00 tex:4 mv:37 misc:431 imb:2 pmb:1 smb:8157 d:- ref:0 ;
in:273 out:275 type:b dur:2 cpbdur:2 q:36.25 aq:40.00 tex:0 mv:0 misc:392 imb:0 pmb:0 smb:8160 d:- ref:0 ;
in:275 out:276 type:b dur:2 cpbdur:2 q:36.22 aq:40.00 tex:2 mv:16 misc:406 imb:1 pmb:0 smb:8159 d:- ref:0 ;
in:278 out:277 type:P dur:2 cpbdur:2 q:36.08 aq:31.86 tex:2415 mv:1774 misc:2411 imb:60 pmb:346 smb:7754 d:- ref:0 ;
in:277 out:278 type:b dur:2 cpbdur:2 q:36.14 aq:40.00 tex:2 mv:16 misc:406 imb:1 pmb:0 smb:8159 d:- ref:0 ;
in:282 out:279 type:P dur:2 cpbdur:2 q:36.02 aq:30.38 tex:2943 mv:2065 misc:2288 imb:25 pmb:386 smb:7749 d:- ref:0 ;
in:280 out:280 type:B dur:2 cpbdur:2 q:36.05 aq:35.85 tex:68 mv:175 misc:517 imb:10 pmb:9 smb:8141 d:- ref:0 ;
in:279 out:281 type:b dur:2 cpbdur:2 q:36.06 aq:40.00 tex:0 mv:0 misc:392 imb:0 pmb:0 smb:8160 d:- ref:0 ;
in:281 out:282 type:b dur:2 cpbdur:2 q:36.03 aq:40.00 tex:0 mv:0 misc:392 imb:0 pmb:0 smb:8160 d:- ref:0 ;
in:284 out:283 type:P dur:2 cpbdur:2 q:35.91 aq:32.26 tex:1222 mv:696 misc:1194 imb:12 pmb:129 smb:8019 d:- ref:0 ;
in:283 out:284 type:b dur:2 cpbdur:2 q:35.96 aq:40.00 tex:0 mv:0 misc:392 imb:0 pmb:0 smb:8160 d:- ref:0 ;
in:287 out:285 type:P dur:2 cpbdur:2 q:35.84 aq:28.47 tex:1038 mv:753 misc:1145 imb:3 pmb:145 smb:8012 d:- ref:0 ;
in:285 out:286 type:B dur:2 cpbdur:2 q:35.88 aq:39.00 tex:0 mv:15 misc:425 imb:0 pmb:2 smb:8158 d:- ref:0 ;
in:286 out:287 type:b dur:2 cpbdur:2 q:35.86 aq:40.00 tex:0 mv:0 misc:392 imb:0 pmb:0 smb:8160 d:- ref:0 ;
in:288 out:288 type:P dur:2 cpbdur:2 q:35.76 aq:30.41 tex:648 mv:257 misc:759 imb:1 pmb:54 smb:8105 d:- ref:0 ;
in:289 out:289 type:P dur:2 cpbdur:2 q:35.73 aq:26.33 tex:39435 mv:11312 misc:2277 imb:1199 pmb:1380 smb:5581 d:- ref:0 w:6,59,11,7,119,11,121,2 ;
in:290 out:290 type:P dur:2 cpbdur:2 q:35.68 aq:28.83 tex:67793 mv:13138 misc:1925 imb:1440 pmb:1538 smb:5182 d:- ref:0 w:7,117,11,6,58,14,61,1 ;
in:291 out:291 type:P dur:2 cpbdur:2 q:35.62 aq:24.85 tex:81382 mv:22939 misc:3151 imb:5098 pmb:2162 smb:900 d:- ref:0 w:6,59,10,7,118,12,123,1 ;
in:292 out:292 type:P dur:2 cpbdur:2 q:35.57 aq:24.00 tex:93637 mv:22544 misc:3187 imb:5092 pmb:2001 smb:1067 d:- ref:0 w:7,117,11,7,120,11,127,-4 ;
in:296 out:293 type:P dur:2 cpbdur:2 q:35.51 aq:24.80 tex:132169 mv:27502 misc:1857 imb:6436 pmb:489 smb:1235 d:- ref:0 ;
in:294 out:294 type:B dur:2 cpbdur:2 q:35.54 aq:20.86 tex:19071 mv:20638 misc:3323 imb:3145 pmb:756 smb:4259 d:- ref:0 ;
in:293 out:295 type:b dur:2 cpbdur:2 q:35.55 aq:23.12 tex:6320 mv:5776 misc:2224 imb:357 pmb:456 smb:7347 d:- ref:0 ;
in:295 out:296 type:b dur:2 cpbdur:2 q:35.52 aq:23.46 tex:7805 mv:4834 misc:1785 imb:261 pmb:315 smb:7584 d:- ref:0 ;
in:300 out:297 type:P dur:2 cpbdur:2 q:35.29 aq:18.85 tex:53485 mv:10518 misc:1877 imb:6538 pmb:404 smb:1218 d:- ref:0 ;
in:298 out:298 type:B dur:2 cpbdur:2 q:35.40 aq:20.90 tex:27574 mv:10090 misc:2904 imb:773 pmb:3141 smb:4246 d:- ref:0 ;
in:297 out:299 type:b dur:2 cpbdur:2 q:35.46 aq:21.36 tex:9101 mv:4636 misc:2511 imb:260 pmb:1148 smb:6752 d:- ref:0 ;
in:299 out:300 type:b dur:2 cpbdur:2 q:35.35 aq:20.77 tex:9647 mv:16567 misc:3034 imb:2975 pmb:1084 smb:4101 d:- ref:0 ;
in:304 out:301 type:P dur:2 cpbdur:2 q:35.06 aq:26.55 tex:6370 mv:1874 misc:1740 imb:299 pmb:246 smb:7615 d:- ref:0 ;
in:302 out:302 type:B dur:2 cpbdur:2 q:35.18 aq:20.70 tex:4668 mv:1570 misc:730 imb:48 pmb:102 smb:8010 d:- ref:0 ;
in:301 out:303 type:b dur:2 cpbdur:2 q:35.23 aq:23.05 tex:3851 mv:1485 misc:776 imb:24 pmb:135 smb:8001 d:- ref:0 ;
in:303 out:304 type:b dur:2 cpbdur:2 q:35.12 aq:21.49 tex:1827 mv:492 misc:601 imb:14 pmb:55 smb:8091 d:- ref:0 ;
in:308 out:305 type:P dur:2 cpbdur:2 q:34.97 aq:26.86 tex:2636 mv:1035 misc:1473 imb:93 pmb:185 smb:7882 d:- ref:0 ;
in:306 out:306 type:B dur:2 cpbdur:2 q:35.02 aq:19.00 tex:56 mv:104 misc:544 imb:4 pmb:25 smb:8131 d:- ref:0 ;
in:305 out:307 type:b dur:2 cpbdur:2 q:35.04 aq:20.33 tex:469 mv:123 misc:496 imb:0 pmb:27 smb:8133 d:- ref:0 ;
in:307 out:308 type:b dur:2 cpbdur:2 q:35.00 aq:20.00 tex:0 mv:0 misc:392 imb:0 pmb:0 smb:8160 d:- ref:0 ;
in:311 out:309 type:P dur:2 cpbdur:2 q:35.20 aq:28.34 tex:1626 mv:616 misc:1166 imb:24 pmb:116 smb:8020 d:- ref:0 ;
in:309 out:310 type:B dur:2 cpbdur:2 q:35.05 aq:19.00 tex:0 mv:0 misc:408 imb:0 pmb:0 smb:8160 d:- ref:0 ;
in:310 out:311 type:b dur:2 cpbdur:2 q:35.12 aq:20.00 tex:0 mv:0 misc:392 imb:0 pmb:0 smb:8160 d:- ref:0 ;
in:312 out:312 type:P dur:2 cpbdur:2 q:35.12 aq:29.25 tex:1218 mv:513 misc:1021 imb:26 pmb:79 smb:8055 d:- ref:0 ;
in:314 out:313 type:P dur:2 cpbdur:2 q:35.11 aq:27.73 tex:1105 mv:454 misc:985 imb:18 pmb:75 smb:8067 d:- ref:0 ;
in:313 out:314 type:b dur:2 cpbdur:2 q:35.12 aq:20.00 tex:0 mv:0 misc:392 imb:0 pmb:0 smb:8160 d:- ref:0 ;
in:315 out:315 type:P dur:2 cpbdur:2 q:35.05 aq:23.04 tex:924 mv:372 misc:872 imb:10 pmb:68 smb:8082 d:- ref:0 ;
in:317 out:316 type:P dur:2 cpbdur:2 q:35.01 aq:29.57 tex:995 mv:418 misc:899 imb:24 pmb:51 smb:8085 d:- ref:0 ;
in:316 out:317 type:b dur:2 cpbdur:2 q:35.03 aq:20.00 tex:0 mv:0 misc:392 imb:0 pmb:0 smb:8160 d:- ref:0 ;
in:318 out:318 type:P dur:2 cpbdur:2 q:34.90 aq:20.44 tex:807 mv:362 misc:775 imb:25 pmb:35 smb:8100 d:- ref:0 ;
in:320 out:319 type:P dur:2 cpbdur:2 q:34.85 aq:22.06 tex:1113 mv:290 misc:709 imb:18 pmb:26 smb:8116 d:- ref:0 ;
in:319 out:320 type:b dur:2 cpbdur:2 q:34.87 aq:20.00 tex:0 mv:0 misc:392 imb:0 pmb:0 smb:8160 d:- ref:0 ;
in:321 out:321 type:P dur:2 cpbdur:2 q:34.72 aq:19.51 tex:3306 mv:555 misc:947 imb:36 pmb:63 smb:8061 d:- ref:0 ;
in:322 out:322 type:P dur:2 cpbdur:2 q:34.67 aq:26.23 tex:28342 mv:15878 misc:1468 imb:948 pmb:904 smb:6308 d:- ref:0 w:6,63,2,6,64,0,63,1 ;
in:323 out:323 type:P dur:2 cpbdur:2 q:34.62 aq:28.25 tex:39857 mv:19184 misc:1815 imb:1398 pmb:1003 smb:5759 d:- ref:0 w:7,125,3,5,32,0,31,2 ;
in:324 out:324 type:P dur:2 cpbdur:2 q:34.55 aq:30.29 tex:46238 mv:21062 misc:1492 imb:1541 pmb:1148 smb:5471 d:- ref:0 w:7,123,5,7,124,5,125,2 ;
in:327 out:325 type:P dur:2 cpbdur:2 q:34.51 aq:30.20 tex:119301 mv:22402 misc:1017 imb:3261 pmb:315 smb:4584 d:- ref:0 ;
in:325 out:326 type:B dur:2 cpbdur:2 q:34.54 aq:30.30 tex:35270 mv:32413 misc:3309 imb:955 pmb:1525 smb:5680 d:- ref:0 ;
in:326 out:327 type:b dur:2 cpbdur:2 q:34.52 aq:29.26 tex:23485 mv:28050 misc:3857 imb:844 pmb:1355 smb:5961 d:- ref:0 ;
in:329 out:328 type:P dur:2 cpbdur:2 q:34.33 aq:27.54 tex:104538 mv:28281 misc:1389 imb:3336 pmb:760 smb:4064 d:- ref:0 w:4,13,24,6,64,0,63,1 ;
in:328 out:329 type:b dur:2 cpbdur:2 q:34.42 aq:28.09 tex:28585 mv:29618 misc:4109 imb:1088 pmb:1382 smb:5690 d:- ref:0 ;
in:331 out:330 type:P dur:2 cpbdur:2 q:34.22 aq:25.92 tex:122855 mv:23725 misc:1004 imb:4199 pmb:551 smb:3410 d:- ref:0 ;
in:330 out:331 type:b dur:2 cpbdur:2 q:34.28 aq:26.21 tex:32246 mv:29593 misc:4409 imb:1470 pmb:1494 smb:5196 d:- ref:0 ;
in:332 out:332 type:P dur:2 cpbdur:2 q:34.12 aq:24.02 tex:99034 mv:21600 misc:1398 imb:4066 pmb:762 smb:3332 d:- ref:0 w:6,69,-10,6,74,-24,73,-10 ;
in:336 out:333 type:P dur:2 cpbdur:2 q:34.06 aq:16.93 tex:88040 mv:14072 misc:560 imb:7473 pmb:684 smb:3 d:- ref:0 w:3,9,-18,5,37,-24,37,-11 ;
in:334 out:334 type:B dur:2 cpbdur:2 q:34.09 aq:17.60 tex:992 mv:679 misc:881 imb:38 pmb:93 smb:8029 d:- ref:0 ;
in:333 out:335 type:b dur:2 cpbdur:2 q:34.10 aq:19.00 tex:48 mv:280 misc:712 imb:20 pmb:62 smb:8078 d:- ref:0 ;
in:335 out:336 type:b dur:2 cpbdur:2 q:34.08 aq:20.61 tex:1504 mv:441 misc:583 imb:4 pmb:46 smb:8110 d:- ref:0 ;
in:337 out:337 type:P dur:2 cpbdur:2 q:33.88 aq:23.40 tex:14532 mv:1821 misc:1623 imb:36 pmb:287 smb:7837 d:- ref:0 ;
in:338 out:338 type:P dur:2 cpbdur:2 q:33.88 aq:22.73 tex:11337 mv:1728 misc:1111 imb:23 pmb:178 smb:7959 d:- ref:0 ;
in:342 out:339 type:P dur:2 cpbdur:2 q:33.89 aq:20.00 tex:13131 mv:1756 misc:665 imb:37 pmb:123 smb:8000 d:- ref:0 ;
in:340 out:340 type:B dur:2 cpbdur:2 q:33.88 aq:20.41 tex:410 mv:541 misc:673 imb:5 pmb:67 smb:8088 d:- ref:0 ;
in:339 out:341 type:b dur:2 cpbdur:2 q:33.88 aq:19.25 tex:126 mv:351 misc:579 imb:1 pmb:46 smb:8113 d:- ref:0 ;
in:341 out:342 type:b dur:2 cpbdur:2 q:33.88 aq:20.20 tex:881 mv:309 misc:490 imb:6 pmb:24 smb:8130 d:- ref:0 ;
in:346 out:343 type:P dur:2 cpbdur:2 q:34.04 aq:24.08 tex:19176 mv:1518 misc:738 imb:64 pmb:142 smb:7954 d:- ref:0 ;
in:344 out:344 type:B dur:2 cpbdur:2 q:33.96 aq:21.25 tex:2695 mv:903 misc:578 imb:14 pmb:67 smb:8079 d:- ref:0 ;
in:343 out:345 type:b dur:2 cpbdur:2 q:33.93 aq:21.48 tex:2250 mv:596 misc:530 imb:12 pmb:42 smb:8106 d:- ref:0 ;
in:345 out:346 type:b dur:2 cpbdur:2 q:34.00 aq:24.06 tex:366 mv:298 misc:592 imb:3 pmb:55 smb:8102 d:- ref:0 ;
in:350 out:347 type:P dur:2 cpbdur:2 q:34.22 aq:24.46 tex:20196 mv:1231 misc:741 imb:101 pmb:85 smb:7974 d:- ref:0 ;
in:348 out:348 type:B dur:2 cpbdur:2 q:34.13 aq:26.45 tex:2963 mv:1044 misc:601 imb:12 pmb:93 smb:8055 d:- ref:0 ;
in:347 out:349 type:b dur:2 cpbdur:2 q:34.09 aq:27.74 tex:1142 mv:577 misc:529 imb:2 pmb:50 smb:8108 d:- ref:0 ;
in:349 out:350 type:b dur:2 cpbdur:2 q:34.18 aq:25.06 tex:1948 mv:1187 misc:569 imb:11 pmb:90 smb:8059 d:- ref:0 ;
in:354 out:351 type:P dur:2 cpbdur:2 q:34.14 aq:20.39 tex:17085 mv:1715 misc:736 imb:52 pmb:129 smb:7979 d:- ref:0 ;
in:352 out:352 type:B dur:2 cpbdur:2 q:34.18 aq:24.11 tex:579 mv:721 misc:660 imb:1 pmb:92 smb:8067 d:- ref:0 ;
in:351 out:353 type:b dur:2 cpbdur:2 q:34.20 aq:21.17 tex:334 mv:535 misc:643 imb:3 pmb:82 smb:8075 d:- ref:0 ;
in:353 out:354 type:b dur:2 cpbdur:2 q:34.16 aq:21.90 tex:81 mv:198 misc:457 imb:0 pmb:17 smb:8143 d:- ref:0 ;
in:358 out:355 type:P dur:2 cpbdur:2 q:33.97 aq:22.67 tex:9185 mv:1145 misc:766 imb:21 pmb:127 smb:8012 d:- ref:0 ;
in:356 out:356 type:B dur:2 cpbdur:2 q:34.05 aq:24.49 tex:162 mv:304 misc:534 imb:1 pmb:32 smb:8127 d:- ref:0 ;
in:355 out:357 type:b dur:2 cpbdur:2 q:34.10 aq:21.90 tex:122 mv:185 misc:445 imb:0 pmb:13 smb:8147 d:- ref:0 ;
in:357 out:358 type:b dur:2 cpbdur:2 q:34.01 aq:19.00 tex:20 mv:72 misc:484 imb:1 pmb:20 smb:8139 d:- ref:0 ;
in:361 out:359 type:P dur:2 cpbdur:2 q:33.75 aq:22.37 tex:12723 mv:668 misc:1009 imb:52 pmb:116 smb:7992 d:- ref:0 ;
in:359 out:360 type:B dur:2 cpbdur:2 q:33.90 aq:21.40 tex:1689 mv:474 misc:509 imb:5 pmb:39 smb:8116 d:- ref:0 ;
in:360 out:361 type:b dur:2 cpbdur:2 q:33.82 aq:23.16 tex:1883 mv:664 misc:485 imb:6 pmb:48 smb:8106 d:- ref:0 ;
in:365 out:362 type:P dur:2 cpbdur:2 q:33.56 aq:24.06 tex:24975 mv:1172 misc:1061 imb:82 pmb:120 smb:7958 d:- ref:0 ;
in:363 out:363 type:B dur:2 cpbdur:2 q:33.65 aq:19.19 tex:705 mv:596 misc:587 imb:3 pmb:66 smb:8091 d:- ref:0 ;
in:362 out:364 type:b dur:2 cpbdur:2 q:33.70 aq:22.41 tex:3321 mv:1107 misc:532 imb:15 pmb:79 smb:8066 d:- ref:0 ;
in:364 out:365 type:b dur:2 cpbdur:2 q:33.60 aq:20.66 tex:85 mv:222 misc:477 imb:2 pmb:16 smb:8142 d:- ref:0 ;
in:369 out:366 type:P dur:2 cpbdur:2 q:33.32 aq:22.08 tex:14464 mv:1172 misc:1124 imb:21 pmb:187 smb:7952 d:- ref:0 ;
in:367 out:367 type:B dur:2 cpbdur:2 q:33.44 aq:18.84 tex:198 mv:474 misc:552 imb:2 pmb:30 smb:8128 d:- ref:0 ;
in:366 out:368 type:b dur:2 cpbdur:2 q:33.50 aq:19.66 tex:85 mv:147 misc:480 imb:1 pmb:13 smb:8146 d:- ref:0 ;
in:368 out:369 type:b dur:2 cpbdur:2 q:33.38 aq:23.77 tex:78 mv:200 misc:482 imb:0 pmb:16 smb:8144 d:- ref:0 ;
in:373 out:370 type:P dur:2 cpbdur:2 q:33.09 aq:22.36 tex:12826 mv:690 misc:1252 imb:48 pmb:148 smb:7964 d:- ref:0 ;
in:371 out:371 type:B dur:2 cpbdur:2 q:33.20 aq:25.87 tex:2104 mv:385 misc:527 imb:10 pmb:39 smb:8111 d:- ref:0 ;
in:370 out:372 type:b dur:2 cpbdur:2 q:33.26 aq:24.18 tex:868 mv:131 misc:441 imb:3 pmb:18 smb:8139 d:- ref:0 ;
in:372 out:373 type:b dur:2 cpbdur:2 q:33.15 aq:24.58 tex:2439 mv:537 misc:488 imb:11 pmb:41 smb:8108 d:- ref:0 ;
in:377 out:374 type:P dur:2 cpbdur:2 q:32.87 aq:23.34 tex:25328 mv:1317 misc:1227 imb:80 pmb:144 smb:7936 d:- ref:0 ;
in:375 out:375 type:B dur:2 cpbdur:2 q:32.98 aq:20.25 tex:1133 mv:529 misc:610 imb:3 pmb:70 smb:8087 d:- ref:0 ;
in:374 out:376 type:b dur:2 cpbdur:2 q:33.03 aq:24.88 tex:3196 mv:1076 misc:552 imb:15 pmb:86 smb:8059 d:- ref:0 ;
in:376 out:377 type:b dur:2 cpbdur:2 q:32.92 aq:21.84 tex:344 mv:216 misc:504 imb:0 pmb:30 smb:8130 d:- ref:0 ;
in:381 out:378 type:P dur:2 cpbdur:2 q:32.67 aq:23.54 tex:9701 mv:1108 misc:1119 imb:24 pmb:168 smb:7968 d:- ref:0 ;
in:379 out:379 type:B dur:2 cpbdur:2 q:32.77 aq:20.20 tex:559 mv:366 misc:539 imb:2 pmb:35 smb:8123 d:- ref:0 ;
in:378 out:380 type:b dur:2 cpbdur:2 q:32.82 aq:22.19 tex:324 mv:222 misc:486 imb:2 pmb:19 smb:8139 d:- ref:0 ;
in:380 out:381 type:b dur:2 cpbdur:2 q:32.72 aq:20.24 tex:114 mv:137 misc:477 imb:0 pmb:18 smb:8142 d:- ref:0 ;
in:385 out:382 type:P dur:2 cpbdur:2 q:32.46 aq:22.50 tex:17396 mv:570 misc:1490 imb:22 pmb:226 smb:7912 d:- ref:0 ;
in:383 out:383 type:B dur:2 cpbdur:2 q:32.57 aq:16.75 tex:845 mv:161 misc:482 imb:4 pmb:24 smb:8132 d:- ref:0 ;
in:382 out:384 type:b dur:2 cpbdur:2 q:32.62 aq:19.92 tex:132 mv:30 misc:430 imb:0 pmb:7 smb:8153 d:- ref:0 ;
in:384 out:385 type:b dur:2 cpbdur:2 q:32.51 aq:21.54 tex:2401 mv:223 misc:472 imb:4 pmb:35 smb:8121 d:- ref:0 ;
in:386 out:386 type:P dur:2 cpbdur:2 q:32.25 aq:21.95 tex:26310 mv:1090 misc:1680 imb:62 pmb:267 smb:7831 d:- ref:0 ;
in:390 out:387 type:P dur:2 cpbdur:2 q:32.19 aq:21.24 tex:21142 mv:1027 misc:935 imb:58 pmb:104 smb:7998 d:- ref:0 ;
in:388 out:388 type:B dur:2 cpbdur:2 q:32.22 aq:19.15 tex:1610 mv:488 misc:566 imb:5 pmb:52 smb:8103 d:- ref:0 ;
in:387 out:389 type:b dur:2 cpbdur:2 q:32.24 aq:19.10 tex:840 mv:422 misc:538 imb:7 pmb:46 smb:8107 d:- ref:0 ;
in:389 out:390 type:b dur:2 cpbdur:2 q:32.21 aq:22.41 tex:539 mv:228 misc:497 imb:0 pmb:23 smb:8137 d:- ref:0 ;
in:394 out:391 type:P dur:2 cpbdur:2 q:32.00 aq:21.24 tex:11784 mv:930 misc:1110 imb:20 pmb:153 smb:7987 d:- ref:0 ;
in:392 out:392 type:B dur:2 cpbdur:2 q:32.10 aq:28.45 tex:304 mv:326 misc:554 imb:2 pmb:34 smb:8124 d:- ref:0 ;
in:391 out:393 type:b dur:2 cpbdur:2 q:32.15 aq:27.82 tex:211 mv:177 misc:468 imb:1 pmb:18 smb:8141 d:- ref:0 ;
in:393 out:394 type:b dur:2 cpbdur:2 q:32.05 aq:21.56 tex:61 mv:101 misc:518 imb:1 pmb:33 smb:8126 d:- ref:0 ;
in:397 out:395 type:P dur:2 cpbdur:2 q:31.78 aq:22.60 tex:24864 mv:807 misc:1609 imb:67 pmb:205 smb:7888 d:- ref:0 ;
in:395 out:396 type:B dur:2 cpbdur:2 q:31.93 aq:17.79 tex:2620 mv:477 misc:519 imb:8 pmb:42 smb:8110 d:- ref:0 ;
in:396 out:397 type:b dur:2 cpbdur:2 q:31.85 aq:23.88 tex:2096 mv:804 misc:476 imb:6 pmb:53 smb:8101 d:- ref:0 ;
in:398 out:398 type:P dur:2 cpbdur:2 q:31.64 aq:17.62 tex:26411 mv:1898 misc:1731 imb:79 pmb:257 smb:7824 d:- ref:0 ;
in:402 out:399 type:P dur:2 cpbdur:2 q:31.58 aq:17.21 tex:20366 mv:1805 misc:957 imb:54 pmb:152 smb:7954 d:- ref:0 ;
in:400 out:400 type:B dur:2 cpbdur:2 q:31.61 aq:22.14 tex:490 mv:626 misc:644 imb:2 pmb:68 smb:8090 d:- ref:0 ;
in:399 out:401 type:b dur:2 cpbdur:2 q:31.62 aq:23.05 tex:182 mv:406 misc:580 imb:2 pmb:53 smb:8105 d:- ref:0 ;
in:401 out:402 type:b dur:2 cpbdur:2 q:31.59 aq:17.00 tex:30 mv:164 misc:454 imb:2 pmb:11 smb:8147 d:- ref:0 ;
in:406 out:403 type:P dur:2 cpbdur:2 q:31.41 aq:18.48 tex:9414 mv:1210 misc:1032 imb:26 pmb:175 smb:7959 d:- ref:0 ;
in:404 out:404 type:B dur:2 cpbdur:2 q:31.49 aq:23.29 tex:64 mv:351 misc:569 imb:0 pmb:32 smb:8128 d:- ref:0 ;
in:403 out:405 type:b dur:2 cpbdur:2 q:31.54 aq:17.00 tex:8 mv:133 misc:467 imb:0 pmb:10 smb:8150 d:- ref:0 ;
in:405 out:406 type:b dur:2 cpbdur:2 q:31.45 aq:16.00 tex:7 mv:32 misc:441 imb:0 pmb:8 smb:8152 d:- ref:0 ;
in:410 out:407 type:P dur:2 cpbdur:2 q:31.20 aq:21.48 tex:10221 mv:498 misc:1545 imb:18 pmb:213 smb:7929 d:- ref:0 ;
in:408 out:408 type:B dur:2 cpbdur:2 q:31.30 aq:15.00 tex:16 mv:13 misc:443 imb:0 pmb:3 smb:8157 d:- ref:0 ;
in:407 out:409 type:b dur:2 cpbdur:2 q:31.36 aq:16.00 tex:0 mv:0 misc:400 imb:0 pmb:0 smb:8160 d:- ref:0 ;
in:409 out:410 type:b dur:2 cpbdur:2 q:31.25 aq:16.00 tex:0 mv:0 misc:400 imb:0 pmb:0 smb:8160 d:- ref:0 ;
in:414 out:411 type:P dur:2 cpbdur:2 q:31.01 aq:20.36 tex:7510 mv:248 misc:1266 imb:6 pmb:141 smb:8013 d:- ref:0 ;
in:412 out:412 type:B dur:2 cpbdur:2 q:31.10 aq:15.00 tex:0 mv:0 misc:416 imb:0 pmb:0 smb:8160 d:- ref:0 ;
in:411 out:413 type:b dur:2 cpbdur:2 q:31.15 aq:16.00 tex:0 mv:0 misc:400 imb:0 pmb:0 smb:8160 d:- ref:0 ;
in:413 out:414 type:b dur:2 cpbdur:2 q:31.06 aq:16.00 tex:0 mv:0 misc:400 imb:0 pmb:0 smb:8160 d:- ref:0 ;
in:418 out:415 type:P dur:2 cpbdur:2 q:30.82 aq:19.22 tex:9184 mv:288 misc:1432 imb:9 pmb:183 smb:7968 d:- ref:0 ;
in:416 out:416 type:B dur:2 cpbdur:2 q:30.92 aq:15.00 tex:14 mv:3 misc:423 imb:0 pmb:1 smb:8159 d:- ref:0 ;
in:415 out:417 type:b dur:2 cpbdur:2 q:30.96 aq:16.00 tex:0 mv:0 misc:400 imb:0 pmb:0 smb:8160 d:- ref:0 ;
in:417 out:418 type:b dur:2 cpbdur:2 q:30.87 aq:16.00 tex:0 mv:0 misc:400 imb:0 pmb:0 smb:8160 d:- ref:0 ;
in:422 out:419 type:P dur:2 cpbdur:2 q:30.61 aq:20.00 tex:9339 mv:283 misc:1346 imb:6 pmb:172 smb:7982 d:- ref:0 ;
in:420 out:420 type:B dur:2 cpbdur:2 q:30.72 aq:14.00 tex:13 mv:3 misc:424 imb:0 pmb:1 smb:8159 d:- ref:0 ;
in:419 out:421 type:b dur:2 cpbdur:2 q:30.77 aq:16.00 tex:0 mv:0 misc:400 imb:0 pmb:0 smb:8160 d:- ref:0 ;
in:421 out:422 type:b dur:2 cpbdur:2 q:30.66 aq:16.00 tex:0 mv:0 misc:400 imb:0 pmb:0 smb:8160 d:- ref:0 ;
in:426 out:423 type:P dur:2 cpbdur:2 q:30.41 aq:19.00 tex:9235 mv:228 misc:1401 imb:4 pmb:187 smb:7969 d:- ref:0 ;
in:424 out:424 type:B dur:2 cpbdur:2 q:30.51 aq:14.00 tex:13 mv:3 misc:424 imb:0 pmb:1 smb:8159 d:- ref:0 ;
in:423 out:425 type:b dur:2 cpbdur:2 q:30.56 aq:16.00 tex:0 mv:0 misc:400 imb:0 pmb:0 smb:8160 d:- ref:0 ;
in:425 out:426 type:b dur:2 cpbdur:2 q:30.46 aq:15.00 tex:0 mv:0 misc:400 imb:0 pmb:0 smb:8160 d:- ref:0 ;
in:430 out:427 type:P dur:2 cpbdur:2 q:30.20 aq:19.59 tex:12005 mv:841 misc:1482 imb:11 pmb:253 smb:7896 d:- ref:0 ;
in:428 out:428 type:B dur:2 cpbdur:2 q:30.30 aq:14.00 tex:40 mv:116 misc:556 imb:1 pmb:42 smb:8117 d:- ref:0 ;
in:427 out:429 type:b dur:2 cpbdur:2 q:30.35 aq:15.00 tex:0 mv:0 misc:400 imb:0 pmb:0 smb:8160 d:- ref:0 ;
in:429 out:430 type:b dur:2 cpbdur:2 q:30.25 aq:15.00 tex:30 mv:103 misc:515 imb:1 pmb:32 smb:8127 d:- ref:0 ;
in:434 out:431 type:P dur:2 cpbdur:2 q:29.99 aq:19.56 tex:18825 mv:1354 misc:1437 imb:20 pmb:256 smb:7884 d:- ref:0 ;
in:432 out:432 type:B dur:2 cpbdur:2 q:30.09 aq:17.46 tex:1005 mv:956 misc:583 imb:3 pmb:74 smb:8083 d:- ref:0 ;
in:431 out:433 type:b dur:2 cpbdur:2 q:30.14 aq:28.79 tex:436 mv:457 misc:531 imb:0 pmb:38 smb:8122 d:- ref:0 ;
in:433 out:434 type:b dur:2 cpbdur:2 q:30.04 aq:27.33 tex:440 mv:388 misc:516 imb:1 pmb:40 smb:8119 d:- ref:0 ;
in:438 out:435 type:P dur:2 cpbdur:2 q:29.78 aq:18.34 tex:16604 mv:1480 misc:1524 imb:38 pmb:257 smb:7865 d:- ref:0 ;
in:436 out:436 type:B dur:2 cpbdur:2 q:29.88 aq:17.06 tex:669 mv:852 misc:591 imb:2 pmb:74 smb:8084 d:- ref:0 ;
in:435 out:437 type:b dur:2 cpbdur:2 q:29.93 aq:18.22 tex:281 mv:431 misc:536 imb:2 pmb:46 smb:8112 d:- ref:0 ;
in:437 out:438 type:b dur:2 cpbdur:2 q:29.83 aq:22.29 tex:381 mv:482 misc:537 imb:0 pmb:35 smb:8125 d:- ref:0 ;
in:442 out:439 type:P dur:2 cpbdur:2 q:29.56 aq:19.33 tex:20107 mv:1460 misc:1625 imb:22 pmb:300 smb:7838 d:- ref:0 ;
in:440 out:440 type:B dur:2 cpbdur:2 q:29.67 aq:19.50 tex:835 mv:925 misc:560 imb:3 pmb:74 smb:8083 d:- ref:0 ;
in:439 out:441 type:b dur:2 cpbdur:2 q:29.72 aq:22.29 tex:379 mv:430 misc:511 imb:0 pmb:31 smb:8129 d:- ref:0 ;
in:441 out:442 type:b dur:2 cpbdur:2 q:29.61 aq:22.29 tex:167 mv:322 misc:559 imb:0 pmb:49 smb:8111 d:- ref:0 ;
in:446 out:443 type:P dur:2 cpbdur:2 q:29.34 aq:19.29 tex:16281 mv:1251 misc:1460 imb:20 pmb:260 smb:7880 d:- ref:0 ;
in:444 out:444 type:B dur:2 cpbdur:2 q:29.45 aq:16.70 tex:1091 mv:712 misc:573 imb:4 pmb:56 smb:8100 d:- ref:0 ;
in:443 out:445 type:b dur:2 cpbdur:2 q:29.50 aq:21.11 tex:169 mv:220 misc:451 imb:0 pmb:15 smb:8145 d:- ref:0 ;
in:445 out:446 type:b dur:2 cpbdur:2 q:29.40 aq:20.71 tex:214 mv:217 misc:473 imb:0 pmb:19 smb:8141 d:- ref:0 ;
in:450 out:447 type:P dur:2 cpbdur:2 q:29.14 aq:19.40 tex:17544 mv:1245 misc:1531 imb:19 pmb:283 smb:7858 d:- ref:0 ;
in:448 out:448 type:B dur:2 cpbdur:2 q:29.24 aq:15.62 tex:908 mv:695 misc:613 imb:3 pmb:66 smb:8091 d:- ref:0 ;
in:447 out:449 type:b dur:2 cpbdur:2 q:29.29 aq:20.63 tex:1410 mv:485 misc:561 imb:5 pmb:57 smb:8098 d:- ref:0 ;
in:449 out:450 type:b dur:2 cpbdur:2 q:29.19 aq:15.33 tex:173 mv:445 misc:582 imb:3 pmb:45 smb:8112 d:- ref:0 ;
in:454 out:451 type:P dur:2 cpbdur:2 q:28.94 aq:19.06 tex:14980 mv:955 misc:1545 imb:21 pmb:264 smb:7875 d:- ref:0 ;
in:452 out:452 type:B dur:2 cpbdur:2 q:29.04 aq:18.77 tex:2405 mv:1016 misc:579 imb:5 pmb:79 smb:8076 d:- ref:0 ;
in:451 out:453 type:b dur:2 cpbdur:2 q:29.09 aq:20.81 tex:354 mv:493 misc:577 imb:1 pmb:45 smb:8114 d:- ref:0 ;
in:453 out:454 type:b dur:2 cpbdur:2 q:28.99 aq:20.47 tex:554 mv:576 misc:582 imb:2 pmb:67 smb:8091 d:- ref:0 ;
in:458 out:455 type:P dur:2 cpbdur:2 q:28.74 aq:18.28 tex:27515 mv:1666 misc:1563 imb:36 pmb:285 smb:7839 d:- ref:0 ;
in:456 out:456 type:B dur:2 cpbdur:2 q:28.84 aq:18.81 tex:2361 mv:1426 misc:581 imb:6 pmb:86 smb:8068 d:- ref:0 ;
in:455 out:457 type:b dur:2 cpbdur:2 q:28.89 aq:20.04 tex:1017 mv:918 misc:553 imb:4 pmb:75 smb:8081 d:- ref:0 ;
in:457 out:458 type:b dur:2 cpbdur:2 q:28.79 aq:20.52 tex:834 mv:665 misc:557 imb:1 pmb:65 smb:8094 d:- ref:0 ;
in:462 out:459 type:P dur:2 cpbdur:2 q:28.54 aq:18.63 tex:24968 mv:1383 misc:1633 imb:19 pmb:301 smb:7840 d:- ref:0 ;
in:460 out:460 type:B dur:2 cpbdur:2 q:28.64 aq:15.61 tex:1077 mv:973 misc:590 imb:2 pmb:72 smb:8086 d:- ref:0 ;
in:459 out:461 type:b dur:2 cpbdur:2 q:28.69 aq:20.76 tex:637 mv:623 misc:572 imb:0 pmb:68 smb:8092 d:- ref:0 ;
in:461 out:462 type:b dur:2 cpbdur:2 q:28.59 aq:18.87 tex:494 mv:491 misc:559 imb:2 pmb:38 smb:8120 d:- ref:0 ;
in:466 out:463 type:P dur:2 cpbdur:2 q:28.34 aq:18.41 tex:27222 mv:1435 misc:1455 imb:29 pmb:253 smb:7878 d:- ref:0 ;
in:464 out:464 type:B dur:2 cpbdur:2 q:28.44 aq:16.82 tex:961 mv:854 misc:601 imb:3 pmb:72 smb:8085 d:- ref:0 ;
in:463 out:465 type:b dur:2 cpbdur:2 q:28.49 aq:17.32 tex:747 mv:606 misc:567 imb:2 pmb:45 smb:8113 d:- ref:0 ;
in:465 out:466 type:b dur:2 cpbdur:2 q:28.39 aq:20.08 tex:205 mv:338 misc:561 imb:2 pmb:56 smb:8102 d:- ref:0 ;
in:469 out:467 type:P dur:2 cpbdur:2 q:28.14 aq:18.55 tex:44244 mv:1992 misc:1772 imb:99 pmb:349 smb:7712 d:- ref:0 ;
in:467 out:468 type:B dur:2 cpbdur:2 q:28.27 aq:21.08 tex:3956 mv:939 misc:617 imb:11 pmb:66 smb:8083 d:- ref:0 ;
in:468 out:469 type:b dur:2 cpbdur:2 q:28.20 aq:21.45 tex:4716 mv:925 misc:647 imb:17 pmb:74 smb:8069 d:- ref:0 ;
in:473 out:470 type:P dur:2 cpbdur:2 q:28.00 aq:18.06 tex:59646 mv:2538 misc:1480 imb:202 pmb:272 smb:7686 d:- ref:0 ;
in:471 out:471 type:B dur:2 cpbdur:2 q:28.07 aq:18.80 tex:1035 mv:925 misc:840 imb:12 pmb:116 smb:8032 d:- ref:0 ;
in:470 out:472 type:b dur:2 cpbdur:2 q:28.10 aq:15.28 tex:3966 mv:1569 misc:697 imb:10 pmb:122 smb:8028 d:- ref:0 ;
in:472 out:473 type:b dur:2 cpbdur:2 q:28.03 aq:22.00 tex:162 mv:834 misc:596 imb:4 pmb:50 smb:8106 d:- ref:0 ;
in:477 out:474 type:P dur:2 cpbdur:2 q:27.82 aq:13.90 tex:16791 mv:1894 misc:1691 imb:97 pmb:238 smb:7825 d:- ref:0 ;
in:475 out:475 type:B dur:2 cpbdur:2 q:27.91 aq:18.20 tex:639 mv:994 misc:663 imb:1 pmb:76 smb:8083 d:- ref:0 ;
in:474 out:476 type:b dur:2 cpbdur:2 q:27.96 aq:21.10 tex:228 mv:796 misc:584 imb:3 pmb:58 smb:8099 d:- ref:0 ;
in:476 out:477 type:b dur:2 cpbdur:2 q:27.86 aq:26.66 tex:141 mv:652 misc:575 imb:2 pmb:49 smb:8109 d:- ref:0 ;
in:481 out:478 type:P dur:2 cpbdur:2 q:27.63 aq:17.40 tex:13017 mv:403 misc:1756 imb:10 pmb:273 smb:7877 d:- ref:0 ;
in:479 out:479 type:B dur:2 cpbdur:2 q:27.72 aq:12.14 tex:135 mv:25 misc:472 imb:1 pmb:5 smb:8154 d:- ref:0 ;
in:478 out:480 type:b dur:2 cpbdur:2 q:27.77 aq:23.74 tex:56 mv:10 misc:406 imb:1 pmb:0 smb:8159 d:- ref:0 ;
in:480 out:481 type:b dur:2 cpbdur:2 q:27.67 aq:23.74 tex:60 mv:15 misc:421 imb:1 pmb:1 smb:8158 d:- ref:0 ;
in:485 out:482 type:P dur:2 cpbdur:2 q:27.44 aq:16.73 tex:13613 mv:338 misc:1641 imb:10 pmb:234 smb:7916 d:- ref:0 ;
in:483 out:483 type:B dur:2 cpbdur:2 q:27.53 aq:12.08 tex:144 mv:46 misc:474 imb:1 pmb:9 smb:8150 d:- ref:0 ;
in:482 out:484 type:b dur:2 cpbdur:2 q:27.58 aq:23.21 tex:56 mv:10 misc:406 imb:1 pmb:0 smb:8159 d:- ref:0 ;
in:484 out:485 type:b dur:2 cpbdur:2 q:27.48 aq:16.24 tex:210 mv:49 misc:461 imb:1 pmb:9 smb:8150 d:- ref:0 ;
in:489 out:486 type:P dur:2 cpbdur:2 q:27.26 aq:16.78 tex:18822 mv:405 misc:1621 imb:17 pmb:221 smb:7922 d:- ref:0 ;
in:487 out:487 type:B dur:2 cpbdur:2 q:27.35 aq:18.04 tex:1060 mv:105 misc:483 imb:1 pmb:14 smb:8145 d:- ref:0 ;
in:486 out:488 type:b dur:2 cpbdur:2 q:27.39 aq:18.87 tex:513 mv:54 misc:465 imb:1 pmb:11 smb:8148 d:- ref:0 ;
in:488 out:489 type:b dur:2 cpbdur:2 q:27.30 aq:18.15 tex:549 mv:77 misc:462 imb:2 pmb:10 smb:8148 d:- ref:0 ;
in:493 out:490 type:P dur:2 cpbdur:2 q:27.06 aq:16.64 tex:17076 mv:452 misc:1648 imb:29 pmb:222 smb:7909 d:- ref:0 ;
in:491 out:491 type:B dur:2 cpbdur:2 q:27.16 aq:17.92 tex:510 mv:81 misc:489 imb:1 pmb:19 smb:8140 d:- ref:0 ;
in:490 out:492 type:b dur:2 cpbdur:2 q:27.21 aq:17.99 tex:636 mv:104 misc:460 imb:2 pmb:13 smb:8145 d:- ref:0 ;
in:492 out:493 type:b dur:2 cpbdur:2 q:27.11 aq:13.65 tex:360 mv:61 misc:467 imb:1 pmb:10 smb:8149 d:- ref:0 ;
in:497 out:494 type:P dur:2 cpbdur:2 q:26.85 aq:15.44 tex:19349 mv:584 misc:1763 imb:35 pmb:243 smb:7882 d:- ref:0 ;
in:495 out:495 type:B dur:2 cpbdur:2 q:26.95 aq:17.14 tex:445 mv:99 misc:488 imb:1 pmb:14 smb:8145 d:- ref:0 ;
in:494 out:496 type:b dur:2 cpbdur:2 q:27.01 aq:17.69 tex:546 mv:115 misc:475 imb:2 pmb:14 smb:8144 d:- ref:0 ;
in:496 out:497 type:b dur:2 cpbdur:2 q:26.90 aq:18.32 tex:309 mv:67 misc:440 imb:2 pmb:5 smb:8153 d:- ref:0 ;
in:499 out:498 type:P dur:2 cpbdur:2 q:26.64 aq:25.55 tex:1316 mv:84 misc:488 imb:4 pmb:4 smb:8152 d:- ref:0 ;
in:498 out:499 type:b dur:2 cpbdur:2 q:26.74 aq:18.45 tex:177 mv:65 misc:446 imb:1 pmb:8 smb:8151 d:- ref:0 ;
in:500 out:500 type:I dur:2 cpbdur:2 q:24.76 aq:6.86 tex:510971 mv:48201 misc:580 imb:8160 pmb:0 smb:0 d:- ref:;
in:504 out:501 type:P dur:2 cpbdur:2 q:26.87 aq:18.07 tex:8868 mv:223 misc:957 imb:9 pmb:86 smb:8065 d:- ref:0 ;
in:502 out:502 type:B dur:2 cpbdur:2 q:26.87 aq:27.91 tex:1012 mv:110 misc:430 imb:1 pmb:10 smb:8149 d:- ref:0 ;
in:501 out:503 type:b dur:2 cpbdur:2 q:26.87 aq:27.79 tex:552 mv:78 misc:442 imb:1 pmb:10 smb:8149 d:- ref:0 ;
in:503 out:504 type:b dur:2 cpbdur:2 q:26.87 aq:27.83 tex:250 mv:41 misc:429 imb:1 pmb:6 smb:8153 d:- ref:0 ;
in:508 out:505 type:P dur:2 cpbdur:2 q:26.66 aq:15.61 tex:629 mv:61 misc:542 imb:1 pmb:11 smb:8148 d:- ref:0 ;
in:506 out:506 type:B dur:2 cpbdur:2 q:26.77 aq:21.21 tex:60 mv:10 misc:426 imb:1 pmb:0 smb:8159 d:- ref:0 ;
in:505 out:507 type:b dur:2 cpbdur:2 q:26.82 aq:22.74 tex:61 mv:9 misc:410 imb:1 pmb:0 smb:8159 d:- ref:0 ;
in:507 out:508 type:b dur:2 cpbdur:2 q:26.72 aq:22.74 tex:57 mv:9 misc:414 imb:1 pmb:0 smb:8159 d:- ref:0 ;
in:512 out:509 type:P dur:2 cpbdur:2 q:26.45 aq:17.14 tex:540 mv:61 misc:551 imb:1 pmb:12 smb:8147 d:- ref:0 ;
in:510 out:510 type:B dur:2 cpbdur:2 q:26.56 aq:20.74 tex:61 mv:9 misc:426 imb:1 pmb:0 smb:8159 d:- ref:0 ;
in:509 out:511 type:b dur:2 cpbdur:2 q:26.61 aq:22.74 tex:57 mv:9 misc:414 imb:1 pmb:0 smb:8159 d:- ref:0 ;
in:511 out:512 type:b dur:2 cpbdur:2 q:26.51 aq:22.21 tex:60 mv:9 misc:411 imb:1 pmb:0 smb:8159 d:- ref:0 ;
in:516 out:513 type:P dur:2 cpbdur:2 q:26.23 aq:17.44 tex:8555 mv:950 misc:735 imb:4 pmb:118 smb:8038 d:- ref:0 ;
in:514 out:514 type:B dur:2 cpbdur:2 q:26.34 aq:20.44 tex:544 mv:473 misc:599 imb:1 pmb:42 smb:8117 d:- ref:0 ;
in:513 out:515 type:b dur:2 cpbdur:2 q:26.40 aq:21.74 tex:84 mv:101 misc:535 imb:1 pmb:35 smb:8124 d:- ref:0 ;
in:515 out:516 type:b dur:2 cpbdur:2 q:26.29 aq:18.00 tex:177 mv:429 misc:530 imb:2 pmb:30 smb:8128 d:- ref:0 ;
in:520 out:517 type:P dur:2 cpbdur:2 q:26.02 aq:17.56 tex:11082 mv:1254 misc:680 imb:31 pmb:117 smb:8012 d:- ref:0 ;
in:518 out:518 type:B dur:2 cpbdur:2 q:26.12 aq:19.00 tex:1500 mv:969 misc:595 imb:4 pmb:65 smb:8091 d:- ref:0 ;
in:517 out:519 type:b dur:2 cpbdur:2 q:26.18 aq:20.51 tex:328 mv:439 misc:521 imb:3 pmb:33 smb:8124 d:- ref:0 ;
in:519 out:520 type:b dur:2 cpbdur:2 q:26.07 aq:18.40 tex:210 mv:411 misc:515 imb:2 pmb:31 smb:8127 d:- ref:0 ;
in:524 out:521 type:P dur:2 cpbdur:2 q:25.80 aq:17.62 tex:10110 mv:1171 misc:759 imb:24 pmb:136 smb:8000 d:- ref:0 ;
in:522 out:522 type:B dur:2 cpbdur:2 q:25.91 aq:18.88 tex:1062 mv:681 misc:577 imb:2 pmb:53 smb:8105 d:- ref:0 ;
in:521 out:523 type:b dur:2 cpbdur:2 q:25.96 aq:20.30 tex:497 mv:440 misc:543 imb:3 pmb:35 smb:8122 d:- ref:0 ;
in:523 out:524 type:b dur:2 cpbdur:2 q:25.85 aq:19.28 tex:369 mv:221 misc:514 imb:1 pmb:22 smb:8137 d:- ref:0 ;
in:528 out:525 type:P dur:2 cpbdur:2 q:25.58 aq:17.11 tex:10469 mv:1151 misc:732 imb:14 pmb:119 smb:8027 d:- ref:0 ;
in:526 out:526 type:B dur:2 cpbdur:2 q:25.69 aq:18.69 tex:1317 mv:922 misc:593 imb:3 pmb:67 smb:8090 d:- ref:0 ;
in:525 out:527 type:b dur:2 cpbdur:2 q:25.74 aq:21.74 tex:123 mv:202 misc:579 imb:1 pmb:47 smb:8112 d:- ref:0 ;
in:527 out:528 type:b dur:2 cpbdur:2 q:25.63 aq:20.31 tex:717 mv:597 misc:550 imb:2 pmb:44 smb:8114 d:- ref:0 ;
in:532 out:529 type:P dur:2 cpbdur:2 q:25.36 aq:15.78 tex:14018 mv:1256 misc:758 imb:14 pmb:123 smb:8023 d:- ref:0 ;
in:530 out:530 type:B dur:2 cpbdur:2 q:25.47 aq:18.24 tex:1509 mv:1086 misc:621 imb:3 pmb:67 smb:8090 d:- ref:0 ;
in:529 out:531 type:b dur:2 cpbdur:2 q:25.52 aq:19.07 tex:812 mv:576 misc:516 imb:5 pmb:38 smb:8117 d:- ref:0 ;
in:531 out:532 type:b dur:2 cpbdur:2 q:25.41 aq:20.37 tex:397 mv:496 misc:539 imb:1 pmb:35 smb:8124 d:- ref:0 ;
in:536 out:533 type:P dur:2 cpbdur:2 q:25.14 aq:16.39 tex:16508 mv:1232 misc:860 imb:15 pmb:134 smb:8011 d:- ref:0 ;
in:534 out:534 type:B dur:2 cpbdur:2 q:25.25 aq:17.38 tex:1633 mv:1161 misc:606 imb:3 pmb:72 smb:8085 d:- ref:0 ;
in:533 out:535 type:b dur:2 cpbdur:2 q:25.31 aq:19.88 tex:646 mv:576 misc:514 imb:1 pmb:39 smb:8120 d:- ref:0 ;
in:535 out:536 type:b dur:2 cpbdur:2 q:25.20 aq:20.02 tex:670 mv:558 misc:516 imb:1 pmb:44 smb:8115 d:- ref:0 ;
in:540 out:537 type:P dur:2 cpbdur:2 q:24.93 aq:13.18 tex:11603 mv:890 misc:795 imb:14 pmb:127 smb:8019 d:- ref:0 ;
in:538 out:538 type:B dur:2 cpbdur:2 q:25.03 aq:18.52 tex:2055 mv:652 misc:573 imb:1 pmb:71 smb:8088 d:- ref:0 ;
in:537 out:539 type:b dur:2 cpbdur:2 q:25.09 aq:20.45 tex:251 mv:194 misc:547 imb:1 pmb:43 smb:8116 d:- ref:0 ;
in:539 out:540 type:b dur:2 cpbdur:2 q:24.98 aq:20.33 tex:359 mv:176 misc:497 imb:1 pmb:26 smb:8133 d:- ref:0 ;
in:544 out:541 type:P dur:2 cpbdur:2 q:24.71 aq:13.59 tex:16504 mv:1128 misc:800 imb:10 pmb:135 smb:8015 d:- ref:0 ;
in:542 out:542 type:B dur:2 cpbdur:2 q:24.82 aq:18.19 tex:1212 mv:520 misc:556 imb:1 pmb:47 smb:8112 d:- ref:0 ;
in:541 out:543 type:b dur:2 cpbdur:2 q:24.87 aq:19.96 tex:548 mv:188 misc:504 imb:1 pmb:16 smb:8143 d:- ref:0 ;
in:543 out:544 type:b dur:2 cpbdur:2 q:24.76 aq:19.52 tex:546 mv:349 misc:513 imb:2 pmb:26 smb:8132 d:- ref:0 ;
in:548 out:545 type:P dur:2 cpbdur:2 q:24.50 aq:14.12 tex:18792 mv:1100 misc:788 imb:9 pmb:130 smb:8021 d:- ref:0 ;
in:546 out:546 type:B dur:2 cpbdur:2 q:24.61 aq:17.99 tex:1334 mv:818 misc:608 imb:1 pmb:55 smb:8104 d:- ref:0 ;
in:545 out:547 type:b dur:2 cpbdur:2 q:24.66 aq:19.85 tex:344 mv:395 misc:501 imb:1 pmb:27 smb:8132 d:- ref:0 ;
in:547 out:548 type:b dur:2 cpbdur:2 q:24.55 aq:19.82 tex:386 mv:326 misc:528 imb:1 pmb:19 smb:8140 d:- ref:0 ;
in:552 out:549 type:P dur:2 cpbdur:2 q:24.29 aq:14.45 tex:30650 mv:2267 misc:1115 imb:52 pmb:264 smb:7844 d:- ref:0 ;
in:550 out:550 type:B dur:2 cpbdur:2 q:24.40 aq:20.83 tex:3091 mv:1533 misc:800 imb:3 pmb:153 smb:8004 d:- ref:0 ;
in:549 out:551 type:b dur:2 cpbdur:2 q:24.45 aq:19.74 tex:122 mv:148 misc:634 imb:1 pmb:62 smb:8097 d:- ref:0 ;
in:551 out:552 type:b dur:2 cpbdur:2 q:24.34 aq:24.55 tex:2538 mv:1224 misc:646 imb:1 pmb:94 smb:8065 d:- ref:0 ;
in:556 out:553 type:P dur:2 cpbdur:2 q:24.08 aq:14.50 tex:15840 mv:2027 misc:1141 imb:92 pmb:195 smb:7873 d:- ref:0 ;
in:554 out:554 type:B dur:2 cpbdur:2 q:24.18 aq:18.53 tex:6521 mv:1502 misc:713 imb:8 pmb:130 smb:8022 d:- ref:0 ;
in:553 out:555 type:b dur:2 cpbdur:2 q:24.24 aq:25.32 tex:2746 mv:1239 misc:671 imb:3 pmb:92 smb:8065 d:- ref:0 ;
in:555 out:556 type:b dur:2 cpbdur:2 q:24.13 aq:22.99 tex:4646 mv:1268 misc:694 imb:13 pmb:117 smb:8030 d:- ref:0 ;
in:560 out:557 type:P dur:2 cpbdur:2 q:23.99 aq:13.53 tex:11418 mv:973 misc:937 imb:138 pmb:77 smb:7945 d:- ref:0 ;
in:558 out:558 type:B dur:2 cpbdur:2 q:24.03 aq:19.61 tex:15200 mv:912 misc:608 imb:20 pmb:73 smb:8067 d:- ref:0 ;
in:557 out:559 type:b dur:2 cpbdur:2 q:24.06 aq:24.11 tex:13771 mv:1748 misc:593 imb:24 pmb:106 smb:8030 d:- ref:0 ;
in:559 out:560 type:b dur:2 cpbdur:2 q:24.01 aq:23.31 tex:7121 mv:625 misc:518 imb:7 pmb:43 smb:8110 d:- ref:0 ;
in:564 out:561 type:P dur:2 cpbdur:2 q:23.77 aq:11.91 tex:11825 mv:928 misc:1103 imb:28 pmb:156 smb:7976 d:- ref:0 ;
in:562 out:562 type:B dur:2 cpbdur:2 q:23.88 aq:17.06 tex:853 mv:577 misc:610 imb:1 pmb:49 smb:8110 d:- ref:0 ;
in:561 out:563 type:b dur:2 cpbdur:2 q:23.93 aq:19.74 tex:120 mv:117 misc:571 imb:1 pmb:41 smb:8118 d:- ref:0 ;
in:563 out:564 type:b dur:2 cpbdur:2 q:23.82 aq:20.84 tex:370 mv:340 misc:538 imb:1 pmb:29 smb:8130 d:- ref:0 ;
in:568 out:565 type:P dur:2 cpbdur:2 q:23.56 aq:11.25 tex:8114 mv:733 misc:793 imb:8 pmb:110 smb:8042 d:- ref:0 ;
in:566 out:566 type:B dur:2 cpbdur:2 q:23.66 aq:16.18 tex:2199 mv:794 misc:551 imb:1 pmb:67 smb:8092 d:- ref:0 ;
in:565 out:567 type:b dur:2 cpbdur:2 q:23.71 aq:19.68 tex:685 mv:371 misc:520 imb:1 pmb:31 smb:8128 d:- ref:0 ;
in:567 out:568 type:b dur:2 cpbdur:2 q:23.61 aq:20.60 tex:1374 mv:620 misc:526 imb:2 pmb:59 smb:8099 d:- ref:0 ;
in:572 out:569 type:P dur:2 cpbdur:2 q:23.33 aq:13.79 tex:23303 mv:1230 misc:1075 imb:24 pmb:158 smb:7978 d:- ref:0 ;
in:570 out:570 type:B dur:2 cpbdur:2 q:23.44 aq:18.26 tex:2680 mv:1274 misc:550 imb:5 pmb:68 smb:8087 d:- ref:0 ;
in:569 out:571 type:b dur:2 cpbdur:2 q:23.50 aq:20.84 tex:1390 mv:728 misc:554 imb:3 pmb:45 smb:8112 d:- ref:0 ;
in:571 out:572 type:b dur:2 cpbdur:2 q:23.39 aq:20.10 tex:1150 mv:880 misc:530 imb:3 pmb:57 smb:8100 d:- ref:0 ;
in:576 out:573 type:P dur:2 cpbdur:2 q:22.99 aq:13.05 tex:20477 mv:1127 misc:1380 imb:36 pmb:204 smb:7920 d:- ref:0 ;
in:574 out:574 type:B dur:2 cpbdur:2 q:23.16 aq:17.93 tex:1903 mv:749 misc:540 imb:2 pmb:64 smb:8094 d:- ref:0 ;
in:573 out:575 type:b dur:2 cpbdur:2 q:23.25 aq:19.22 tex:1703 mv:771 misc:510 imb:4 pmb:60 smb:8096 d:- ref:0 ;
in:575 out:576 type:b dur:2 cpbdur:2 q:23.08 aq:18.55 tex:1097 mv:675 misc:540 imb:2 pmb:44 smb:8114 d:- ref:0 ;
in:580 out:577 type:P dur:2 cpbdur:2 q:22.78 aq:13.29 tex:29648 mv:1189 misc:1371 imb:19 pmb:220 smb:7921 d:- ref:0 ;
in:578 out:578 type:B dur:2 cpbdur:2 q:22.89 aq:17.01 tex:1278 mv:867 misc:551 imb:2 pmb:54 smb:8104 d:- ref:0 ;
in:577 out:579 type:b dur:2 cpbdur:2 q:22.94 aq:20.02 tex:839 mv:653 misc:540 imb:1 pmb:41 smb:8118 d:- ref:0 ;
in:579 out:580 type:b dur:2 cpbdur:2 q:22.84 aq:8.00 tex:31 mv:83 misc:534 imb:0 pmb:35 smb:8125 d:- ref:0 ;
in:584 out:581 type:P dur:2 cpbdur:2 q:22.56 aq:12.73 tex:7208 mv:160 misc:1312 imb:1 pmb:159 smb:8000 d:- ref:0 ;
in:582 out:582 type:B dur:2 cpbdur:2 q:22.67 aq:6.00 tex:4 mv:7 misc:429 imb:0 pmb:1 smb:8159 d:- ref:0 ;
in:581 out:583 type:b dur:2 cpbdur:2 q:22.73 aq:8.00 tex:3 mv:7 misc:414 imb:0 pmb:1 smb:8159 d:- ref:0 ;
in:583 out:584 type:b dur:2 cpbdur:2 q:22.62 aq:8.00 tex:0 mv:0 misc:400 imb:0 pmb:0 smb:8160 d:- ref:0 ;
in:588 out:585 type:P dur:2 cpbdur:2 q:22.33 aq:12.41 tex:8282 mv:171 misc:1379 imb:0 pmb:174 smb:7986 d:- ref:0 ;
in:586 out:586 type:B dur:2 cpbdur:2 q:22.45 aq:6.00 tex:0 mv:0 misc:416 imb:0 pmb:0 smb:8160 d:- ref:0 ;
in:585 out:587 type:b dur:2 cpbdur:2 q:22.50 aq:8.00 tex:0 mv:0 misc:400 imb:0 pmb:0 smb:8160 d:- ref:0 ;
in:587 out:588 type:b dur:2 cpbdur:2 q:22.39 aq:7.00 tex:0 mv:0 misc:400 imb:0 pmb:0 smb:8160 d:- ref:0 ;
in:592 out:589 type:P dur:2 cpbdur:2 q:22.09 aq:12.03 tex:9800 mv:182 misc:1418 imb:1 pmb:188 smb:7971 d:- ref:0 ;
in:590 out:590 type:B dur:2 cpbdur:2 q:22.21 aq:6.00 tex:0 mv:0 misc:416 imb:0 pmb:0 smb:8160 d:- ref:0 ;
in:589 out:591 type:b dur:2 cpbdur:2 q:22.27 aq:7.00 tex:0 mv:0 misc:400 imb:0 pmb:0 smb:8160 d:- ref:0 ;
in:591 out:592 type:b dur:2 cpbdur:2 q:22.15 aq:7.00 tex:0 mv:0 misc:400 imb:0 pmb:0 smb:8160 d:- ref:0 ;
in:596 out:593 type:P dur:2 cpbdur:2 q:21.86 aq:12.28 tex:21819 mv:365 misc:1480 imb:23 pmb:187 smb:7950 d:- ref:0 ;
in:594 out:594 type:B dur:2 cpbdur:2 q:21.98 aq:6.00 tex:27 mv:63 misc:478 imb:0 pmb:15 smb:8145 d:- ref:0 ;
in:593 out:595 type:b dur:2 cpbdur:2 q:22.04 aq:7.00 tex:0 mv:0 misc:400 imb:0 pmb:0 smb:8160 d:- ref:0 ;
in:595 out:596 type:b dur:2 cpbdur:2 q:21.92 aq:15.31 tex:3357 mv:218 misc:465 imb:0 pmb:24 smb:8136 d:- ref:0 ;
in:597 out:597 type:P dur:2 cpbdur:2 q:21.61 aq:11.67 tex:39236 mv:894 misc:1814 imb:46 pmb:302 smb:7812 d:- ref:0 ;
in:598 out:598 type:P dur:2 cpbdur:2 q:21.56 aq:10.91 tex:42724 mv:1427 misc:1561 imb:68 pmb:236 smb:7856 d:- ref:0 ;
in:599 out:599 type:P dur:2 cpbdur:2 q:21.53 aq:10.65 tex:52019 mv:1971 misc:1466 imb:101 pmb:221 smb:7838 d:- ref:0 ;
in:601 out:600 type:P dur:2 cpbdur:2 q:21.49 aq:10.35 tex:68979 mv:2589 misc:1392 imb:143 pmb:238 smb:7779 d:- ref:0 ;
in:600 out:601 type:b dur:2 cpbdur:2 q:21.51 aq:17.96 tex:6750 mv:1268 misc:662 imb:10 pmb:122 smb:8028 d:- ref:0 ;
in:605 out:602 type:P dur:2 cpbdur:2 q:21.42 aq:10.20 tex:33065 mv:2063 misc:1184 imb:61 pmb:236 smb:7863 d:- ref:0 ;
in:603 out:603 type:B dur:2 cpbdur:2 q:21.46 aq:15.17 tex:5340 mv:1884 misc:680 imb:4 pmb:136 smb:8020 d:- ref:0 ;
in:602 out:604 type:b dur:2 cpbdur:2 q:21.48 aq:17.76 tex:4181 mv:1373 misc:630 imb:6 pmb:99 smb:8055 d:- ref:0 ;
in:604 out:605 type:b dur:2 cpbdur:2 q:21.44 aq:9.29 tex:4005 mv:1495 misc:636 imb:8 pmb:100 smb:8052 d:- ref:0 ;
in:609 out:606 type:P dur:2 cpbdur:2 q:21.20 aq:10.53 tex:51375 mv:2474 misc:1623 imb:65 pmb:398 smb:7697 d:- ref:0 ;
in:607 out:607 type:B dur:2 cpbdur:2 q:21.31 aq:14.23 tex:691 mv:524 misc:697 imb:0 pmb:74 smb:8086 d:- ref:0 ;
in:606 out:608 type:b dur:2 cpbdur:2 q:21.37 aq:6.00 tex:39 mv:134 misc:667 imb:0 pmb:63 smb:8097 d:- ref:0 ;
in:608 out:609 type:b dur:2 cpbdur:2 q:21.26 aq:7.46 tex:348 mv:318 misc:526 imb:0 pmb:31 smb:8129 d:- ref:0 ;
in:613 out:610 type:P dur:2 cpbdur:2 q:20.99 aq:11.20 tex:35014 mv:1269 misc:1821 imb:19 pmb:360 smb:7781 d:- ref:0 ;
in:611 out:611 type:B dur:2 cpbdur:2 q:21.10 aq:12.36 tex:1724 mv:702 misc:598 imb:0 pmb:67 smb:8093 d:- ref:0 ;
in:610 out:612 type:b dur:2 cpbdur:2 q:21.15 aq:14.10 tex:325 mv:300 misc:503 imb:0 pmb:26 smb:8134 d:- ref:0 ;
in:612 out:613 type:b dur:2 cpbdur:2 q:21.04 aq:14.09 tex:477 mv:330 misc:537 imb:0 pmb:36 smb:8124 d:- ref:0 ;
in:617 out:614 type:P dur:2 cpbdur:2 q:20.81 aq:10.81 tex:26549 mv:990 misc:1677 imb:18 pmb:318 smb:7824 d:- ref:0 ;
in:615 out:615 type:B dur:2 cpbdur:2 q:20.90 aq:13.00 tex:564 mv:440 misc:588 imb:0 pmb:57 smb:8103 d:- ref:0 ;
in:614 out:616 type:b dur:2 cpbdur:2 q:20.95 aq:12.98 tex:469 mv:341 misc:510 imb:0 pmb:32 smb:8128 d:- ref:0 ;
in:616 out:617 type:b dur:2 cpbdur:2 q:20.85 aq:14.05 tex:226 mv:260 misc:578 imb:0 pmb:36 smb:8124 d:- ref:0 ;
in:621 out:618 type:P dur:2 cpbdur:2 q:20.59 aq:11.06 tex:33325 mv:1403 misc:1824 imb:22 pmb:342 smb:7796 d:- ref:0 ;
in:619 out:619 type:B dur:2 cpbdur:2 q:20.70 aq:11.10 tex:2553 mv:1031 misc:616 imb:2 pmb:89 smb:8069 d:- ref:0 ;
in:618 out:620 type:b dur:2 cpbdur:2 q:20.75 aq:11.36 tex:152 mv:215 misc:617 imb:0 pmb:44 smb:8116 d:- ref:0 ;
in:620 out:621 type:b dur:2 cpbdur:2 q:20.64 aq:13.33 tex:1166 mv:758 misc:588 imb:1 pmb:64 smb:8095 d:- ref:0 ;
in:625 out:622 type:P dur:2 cpbdur:2 q:20.37 aq:9.30 tex:47091 mv:1633 misc:1932 imb:39 pmb:427 smb:7694 d:- ref:0 ;
in:623 out:623 type:B dur:2 cpbdur:2 q:20.48 aq:15.52 tex:3628 mv:1210 misc:626 imb:2 pmb:94 smb:8064 d:- ref:0 ;
in:622 out:624 type:b dur:2 cpbdur:2 q:20.53 aq:14.41 tex:1740 mv:755 misc:601 imb:1 pmb:66 smb:8093 d:- ref:0 ;
in:624 out:625 type:b dur:2 cpbdur:2 q:20.43 aq:13.12 tex:2092 mv:769 misc:619 imb:3 pmb:66 smb:8091 d:- ref:0 ;
in:629 out:626 type:P dur:2 cpbdur:2 q:20.15 aq:10.43 tex:51607 mv:1496 misc:2097 imb:26 pmb:435 smb:7699 d:- ref:0 ;
in:627 out:627 type:B dur:2 cpbdur:2 q:20.26 aq:11.96 tex:5032 mv:1264 misc:600 imb:1 pmb:99 smb:8060 d:- ref:0 ;
in:626 out:628 type:b dur:2 cpbdur:2 q:20.32 aq:14.59 tex:1767 mv:809 misc:600 imb:1 pmb:63 smb:8096 d:- ref:0 ;
in:628 out:629 type:b dur:2 cpbdur:2 q:20.20 aq:13.62 tex:2504 mv:789 misc:587 imb:1 pmb:66 smb:8093 d:- ref:0 ;
in:633 out:630 type:P dur:2 cpbdur:2 q:19.91 aq:9.17 tex:33132 mv:902 misc:2022 imb:27 pmb:394 smb:7739 d:- ref:0 ;
in:631 out:631 type:B dur:2 cpbdur:2 q:20.03 aq:10.77 tex:7829 mv:1105 misc:610 imb:3 pmb:103 smb:8054 d:- ref:0 ;
in:630 out:632 type:b dur:2 cpbdur:2 q:20.09 aq:11.44 tex:288 mv:144 misc:552 imb:0 pmb:39 smb:8121 d:- ref:0 ;
in:632 out:633 type:b dur:2 cpbdur:2 q:19.97 aq:13.08 tex:1473 mv:334 misc:561 imb:0 pmb:41 smb:8119 d:- ref:0 ;
in:637 out:634 type:P dur:2 cpbdur:2 q:19.67 aq:10.08 tex:46335 mv:1438 misc:1899 imb:21 pmb:391 smb:7748 d:- ref:0 ;
in:635 out:635 type:B dur:2 cpbdur:2 q:19.79 aq:11.66 tex:4815 mv:1071 misc:634 imb:1 pmb:96 smb:8063 d:- ref:0 ;
in:634 out:636 type:b dur:2 cpbdur:2 q:19.85 aq:12.80 tex:1682 mv:596 misc:562 imb:1 pmb:57 smb:8102 d:- ref:0 ;
in:636 out:637 type:b dur:2 cpbdur:2 q:19.73 aq:13.39 tex:2227 mv:625 misc:604 imb:1 pmb:62 smb:8097 d:- ref:0 ;
in:641 out:638 type:P dur:2 cpbdur:2 q:19.46 aq:9.60 tex:54010 mv:1487 misc:2007 imb:20 pmb:427 smb:7713 d:- ref:0 ;
in:639 out:639 type:B dur:2 cpbdur:2 q:19.56 aq:9.02 tex:5127 mv:1320 misc:625 imb:3 pmb:102 smb:8055 d:- ref:0 ;
in:638 out:640 type:b dur:2 cpbdur:2 q:19.62 aq:13.58 tex:1955 mv:877 misc:584 imb:1 pmb:73 smb:8086 d:- ref:0 ;
in:640 out:641 type:b dur:2 cpbdur:2 q:19.51 aq:12.96 tex:2139 mv:754 misc:571 imb:2 pmb:65 smb:8093 d:- ref:0 ;
in:645 out:642 type:P dur:2 cpbdur:2 q:19.25 aq:9.99 tex:42666 mv:1220 misc:1938 imb:16 pmb:394 smb:7750 d:- ref:0 ;
in:643 out:643 type:B dur:2 cpbdur:2 q:19.35 aq:8.58 tex:7522 mv:723 misc:635 imb:0 pmb:99 smb:8061 d:- ref:0 ;
in:642 out:644 type:b dur:2 cpbdur:2 q:19.40 aq:11.78 tex:1576 mv:407 misc:609 imb:1 pmb:71 smb:8088 d:- ref:0 ;
in:644 out:645 type:b dur:2 cpbdur:2 q:19.30 aq:10.69 tex:521 mv:258 misc:509 imb:0 pmb:29 smb:8131 d:- ref:0 ;
in:649 out:646 type:P dur:2 cpbdur:2 q:19.02 aq:8.96 tex:45725 mv:1422 misc:1941 imb:26 pmb:406 smb:7728 d:- ref:0 ;
in:647 out:647 type:B dur:2 cpbdur:2 q:19.14 aq:8.05 tex:3180 mv:859 misc:649 imb:2 pmb:82 smb:8076 d:- ref:0 ;
in:646 out:648 type:b dur:2 cpbdur:2 q:19.19 aq:12.91 tex:1380 mv:399 misc:549 imb:0 pmb:44 smb:8116 d:- ref:0 ;
in:648 out:649 type:b dur:2 cpbdur:2 q:19.08 aq:10.76 tex:1235 mv:579 misc:570 imb:3 pmb:57 smb:8100 d:- ref:0 ;
in:653 out:650 type:P dur:2 cpbdur:2 q:18.79 aq:9.53 tex:43580 mv:1212 misc:2104 imb:17 pmb:441 smb:7702 d:- ref:0 ;
in:651 out:651 type:B dur:2 cpbdur:2 q:18.91 aq:6.97 tex:2146 mv:748 misc:626 imb:0 pmb:93 smb:8067 d:- ref:0 ;
in:650 out:652 type:b dur:2 cpbdur:2 q:18.96 aq:10.18 tex:1474 mv:393 misc:565 imb:1 pmb:45 smb:8114 d:- ref:0 ;
in:652 out:653 type:b dur:2 cpbdur:2 q:18.85 aq:11.07 tex:724 mv:466 misc:586 imb:1 pmb:56 smb:8103 d:- ref:0 ;
in:657 out:654 type:P dur:2 cpbdur:2 q:18.57 aq:8.29 tex:46612 mv:1410 misc:2138 imb:20 pmb:442 smb:7698 d:- ref:0 ;
in:655 out:655 type:B dur:2 cpbdur:2 q:18.68 aq:5.10 tex:4156 mv:1183 misc:613 imb:2 pmb:101 smb:8057 d:- ref:0 ;
in:654 out:656 type:b dur:2 cpbdur:2 q:18.74 aq:7.59 tex:531 mv:418 misc:651 imb:0 pmb:65 smb:8095 d:- ref:0 ;
in:656 out:657 type:b dur:2 cpbdur:2 q:18.63 aq:11.46 tex:2405 mv:860 misc:583 imb:2 pmb:77 smb:8081 d:- ref:0 ;
in:661 out:658 type:P dur:2 cpbdur:2 q:18.51 aq:7.80 tex:46021 mv:1384 misc:1683 imb:20 pmb:329 smb:7811 d:- ref:0 ;
in:659 out:659 type:B dur:2 cpbdur:2 q:18.54 aq:7.76 tex:5382 mv:1337 misc:633 imb:2 pmb:109 smb:8049 d:- ref:0 ;
in:658 out:660 type:b dur:2 cpbdur:2 q:18.55 aq:11.14 tex:3126 mv:917 misc:597 imb:1 pmb:85 smb:8074 d:- ref:0 ;
in:660 out:661 type:b dur:2 cpbdur:2 q:18.52 aq:12.39 tex:3457 mv:917 misc:610 imb:3 pmb:82 smb:8075 d:- ref:0 ;
in:665 out:662 type:P dur:2 cpbdur:2 q:18.46 aq:7.58 tex:48247 mv:1415 misc:1506 imb:21 pmb:294 smb:7845 d:- ref:0 ;
in:663 out:663 type:B dur:2 cpbdur:2 q:18.48 aq:8.41 tex:7184 mv:1372 misc:620 imb:1 pmb:111 smb:8048 d:- ref:0 ;
in:662 out:664 type:b dur:2 cpbdur:2 q:18.49 aq:12.52 tex:3448 mv:947 misc:597 imb:2 pmb:80 smb:8078 d:- ref:0 ;
in:664 out:665 type:b dur:2 cpbdur:2 q:18.47 aq:5.99 tex:4168 mv:830 misc:602 imb:3 pmb:78 smb:8079 d:- ref:0 ;
in:669 out:666 type:P dur:2 cpbdur:2 q:18.41 aq:6.53 tex:29890 mv:679 misc:1455 imb:15 pmb:273 smb:7872 d:- ref:0 ;
in:667 out:667 type:B dur:2 cpbdur:2 q:18.43 aq:8.09 tex:10299 mv:1069 misc:584 imb:3 pmb:104 smb:8053 d:- ref:0 ;
in:666 out:668 type:b dur:2 cpbdur:2 q:18.45 aq:6.03 tex:383 mv:138 misc:567 imb:1 pmb:31 smb:8128 d:- ref:0 ;
in:668 out:669 type:b dur:2 cpbdur:2 q:18.42 aq:10.96 tex:1986 mv:388 misc:578 imb:0 pmb:48 smb:8112 d:- ref:0 ;
in:673 out:670 type:P dur:2 cpbdur:2 q:18.36 aq:7.46 tex:50613 mv:1367 misc:1460 imb:20 pmb:279 smb:7861 d:- ref:0 ;
in:671 out:671 type:B dur:2 cpbdur:2 q:18.39 aq:9.00 tex:6067 mv:1039 misc:622 imb:1 pmb:98 smb:8061 d:- ref:0 ;
in:670 out:672 type:b dur:2 cpbdur:2 q:18.40 aq:11.12 tex:2564 mv:628 misc:576 imb:0 pmb:62 smb:8098 d:- ref:0 ;
in:672 out:673 type:b dur:2 cpbdur:2 q:18.37 aq:12.64 tex:3109 mv:735 misc:612 imb:1 pmb:75 smb:8084 d:- ref:0 ;
in:677 out:674 type:P dur:2 cpbdur:2 q:18.32 aq:7.16 tex:55845 mv:1404 misc:1439 imb:16 pmb:279 smb:7865 d:- ref:0 ;
in:675 out:675 type:B dur:2 cpbdur:2 q:18.34 aq:8.16 tex:6081 mv:1320 misc:639 imb:5 pmb:98 smb:8057 d:- ref:0 ;
in:674 out:676 type:b dur:2 cpbdur:2 q:18.35 aq:12.54 tex:2655 mv:774 misc:611 imb:0 pmb:78 smb:8082 d:- ref:0 ;
in:676 out:677 type:b dur:2 cpbdur:2 q:18.33 aq:12.26 tex:2779 mv:870 misc:591 imb:1 pmb:79 smb:8080 d:- ref:0 ;
in:681 out:678 type:P dur:2 cpbdur:2 q:18.27 aq:8.71 tex:53685 mv:959 misc:1460 imb:20 pmb:273 smb:7867 d:- ref:0 ;
in:679 out:679 type:B dur:2 cpbdur:2 q:18.29 aq:6.92 tex:134 mv:95 misc:587 imb:0 pmb:34 smb:8126 d:- ref:0 ;
in:678 out:680 type:b dur:2 cpbdur:2 q:18.30 aq:4.57 tex:70 mv:90 misc:544 imb:0 pmb:31 smb:8129 d:- ref:0 ;
in:680 out:681 type:b dur:2 cpbdur:2 q:18.28 aq:4.57 tex:30 mv:2 misc:416 imb:0 pmb:1 smb:8159 d:- ref:0 ;
in:685 out:682 type:P dur:2 cpbdur:2 q:18.22 aq:7.61 tex:8948 mv:208 misc:1444 imb:7 pmb:197 smb:7956 d:- ref:0 ;
in:683 out:683 type:B dur:2 cpbdur:2 q:18.25 aq:6.92 tex:105 mv:6 misc:457 imb:0 pmb:4 smb:8156 d:- ref:0 ;
in:682 out:684 type:b dur:2 cpbdur:2 q:18.26 aq:4.57 tex:30 mv:2 misc:416 imb:0 pmb:1 smb:8159 d:- ref:0 ;
in:684 out:685 type:b dur:2 cpbdur:2 q:18.23 aq:4.57 tex:30 mv:2 misc:416 imb:0 pmb:1 smb:8159 d:- ref:0 ;
in:689 out:686 type:P dur:2 cpbdur:2 q:18.18 aq:7.95 tex:8112 mv:194 misc:1350 imb:6 pmb:171 smb:7983 d:- ref:0 ;
in:687 out:687 type:B dur:2 cpbdur:2 q:18.20 aq:7.44 tex:128 mv:17 misc:471 imb:0 pmb:6 smb:8154 d:- ref:0 ;
in:686 out:688 type:b dur:2 cpbdur:2 q:18.21 aq:4.57 tex:30 mv:2 misc:416 imb:0 pmb:1 smb:8159 d:- ref:0 ;
in:688 out:689 type:b dur:2 cpbdur:2 q:18.19 aq:3.00 tex:5 mv:9 misc:418 imb:0 pmb:1 smb:8159 d:- ref:0 ;
in:693 out:690 type:P dur:2 cpbdur:2 q:18.13 aq:8.20 tex:6079 mv:203 misc:1310 imb:6 pmb:154 smb:8000 d:- ref:0 ;
in:691 out:691 type:B dur:2 cpbdur:2 q:18.15 aq:7.25 tex:94 mv:4 misc:454 imb:0 pmb:4 smb:8156 d:- ref:0 ;
in:690 out:692 type:b dur:2 cpbdur:2 q:18.17 aq:3.00 tex:5 mv:8 misc:419 imb:0 pmb:1 smb:8159 d:- ref:0 ;
in:692 out:693 type:b dur:2 cpbdur:2 q:18.14 aq:3.00 tex:5 mv:9 misc:418 imb:0 pmb:1 smb:8159 d:- ref:0 ;
in:697 out:694 type:P dur:2 cpbdur:2 q:18.09 aq:9.01 tex:50157 mv:1532 misc:1471 imb:57 pmb:331 smb:7772 d:- ref:0 ;
in:695 out:695 type:B dur:2 cpbdur:2 q:18.11 aq:7.76 tex:5121 mv:946 misc:597 imb:2 pmb:77 smb:8081 d:- ref:0 ;
in:694 out:696 type:b dur:2 cpbdur:2 q:18.12 aq:8.19 tex:2569 mv:599 misc:552 imb:3 pmb:59 smb:8098 d:- ref:0 ;
in:696 out:697 type:b dur:2 cpbdur:2 q:18.10 aq:12.97 tex:3017 mv:686 misc:545 imb:0 pmb:66 smb:8094 d:- ref:0 ;
in:701 out:698 type:P dur:2 cpbdur:2 q:18.04 aq:8.49 tex:29466 mv:1235 misc:1379 imb:30 pmb:259 smb:7871 d:- ref:0 ;
in:699 out:699 type:B dur:2 cpbdur:2 q:18.06 aq:8.87 tex:8278 mv:1299 misc:567 imb:6 pmb:95 smb:8059 d:- ref:0 ;
in:698 out:700 type:b dur:2 cpbdur:2 q:18.07 aq:12.19 tex:3112 mv:620 misc:540 imb:0 pmb:58 smb:8102 d:- ref:0 ;
in:700 out:701 type:b dur:2 cpbdur:2 q:18.05 aq:12.39 tex:3640 mv:866 misc:558 imb:3 pmb:68 smb:8089 d:- ref:0 ;
in:705 out:702 type:P dur:2 cpbdur:2 q:17.99 aq:8.49 tex:39568 mv:1706 misc:1414 imb:40 pmb:246 smb:7874 d:- ref:0 ;
in:703 out:703 type:B dur:2 cpbdur:2 q:18.01 aq:7.00 tex:7426 mv:1701 misc:577 imb:5 pmb:96 smb:8059 d:- ref:0 ;
in:702 out:704 type:b dur:2 cpbdur:2 q:18.03 aq:12.20 tex:5379 mv:1189 misc:552 imb:7 pmb:88 smb:8065 d:- ref:0 ;
in:704 out:705 type:b dur:2 cpbdur:2 q:18.00 aq:12.20 tex:4074 mv:1221 misc:577 imb:1 pmb:86 smb:8073 d:- ref:0 ;
in:709 out:706 type:P dur:2 cpbdur:2 q:17.94 aq:8.30 tex:37976 mv:1519 misc:1377 imb:35 pmb:231 smb:7894 d:- ref:0 ;
in:707 out:707 type:B dur:2 cpbdur:2 q:17.96 aq:9.32 tex:5213 mv:1208 misc:611 imb:0 pmb:86 smb:8074 d:- ref:0 ;
in:706 out:708 type:b dur:2 cpbdur:2 q:17.98 aq:11.29 tex:3418 mv:744 misc:550 imb:1 pmb:72 smb:8087 d:- ref:0 ;
in:708 out:709 type:b dur:2 cpbdur:2 q:17.95 aq:9.57 tex:3335 mv:701 misc:556 imb:1 pmb:69 smb:8090 d:- ref:0 ;
in:713 out:710 type:P dur:2 cpbdur:2 q:17.89 aq:8.09 tex:42490 mv:1306 misc:1460 imb:32 pmb:251 smb:7877 d:- ref:0 ;
in:711 out:711 type:B dur:2 cpbdur:2 q:17.92 aq:8.09 tex:344 mv:108 misc:596 imb:0 pmb:51 smb:8109 d:- ref:0 ;
in:710 out:712 type:b dur:2 cpbdur:2 q:17.93 aq:9.47 tex:2352 mv:753 misc:535 imb:2 pmb:66 smb:8092 d:- ref:0 ;
in:712 out:713 type:b dur:2 cpbdur:2 q:17.91 aq:3.00 tex:5 mv:9 misc:418 imb:0 pmb:1 smb:8159 d:- ref:0 ;
in:717 out:714 type:P dur:2 cpbdur:2 q:17.85 aq:8.58 tex:7881 mv:306 misc:1341 imb:16 pmb:176 smb:7968 d:- ref:0 ;
in:715 out:715 type:B dur:2 cpbdur:2 q:17.87 aq:7.13 tex:133 mv:6 misc:469 imb:0 pmb:6 smb:8154 d:- ref:0 ;
in:714 out:716 type:b dur:2 cpbdur:2 q:17.88 aq:7.36 tex:37 mv:11 misc:424 imb:0 pmb:2 smb:8158 d:- ref:0 ;
in:716 out:717 type:b dur:2 cpbdur:2 q:17.86 aq:3.00 tex:5 mv:9 misc:418 imb:0 pmb:1 smb:8159 d:- ref:0 ;
in:721 out:718 type:P dur:2 cpbdur:2 q:17.80 aq:7.85 tex:19251 mv:487 misc:1222 imb:34 pmb:207 smb:7919 d:- ref:0 ;
in:719 out:719 type:B dur:2 cpbdur:2 q:17.83 aq:4.48 tex:210 mv:41 misc:501 imb:0 pmb:11 smb:8149 d:- ref:0 ;
in:718 out:720 type:b dur:2 cpbdur:2 q:17.84 aq:3.00 tex:10 mv:16 misc:422 imb:0 pmb:2 smb:8158 d:- ref:0 ;
in:720 out:721 type:b dur:2 cpbdur:2 q:17.82 aq:3.00 tex:56 mv:36 misc:460 imb:0 pmb:6 smb:8154 d:- ref:0 ;
in:725 out:722 type:P dur:2 cpbdur:2 q:17.76 aq:8.95 tex:7428 mv:282 misc:1298 imb:16 pmb:155 smb:7989 d:- ref:0 ;
in:723 out:723 type:B dur:2 cpbdur:2 q:17.78 aq:7.25 tex:94 mv:4 misc:454 imb:0 pmb:4 smb:8156 d:- ref:0 ;
in:722 out:724 type:b dur:2 cpbdur:2 q:17.79 aq:3.00 tex:5 mv:8 misc:419 imb:0 pmb:1 smb:8159 d:- ref:0 ;
in:724 out:725 type:b dur:2 cpbdur:2 q:17.77 aq:3.00 tex:5 mv:9 misc:418 imb:0 pmb:1 smb:8159 d:- ref:0 ;
in:729 out:726 type:P dur:2 cpbdur:2 q:17.72 aq:8.43 tex:4724 mv:261 misc:1223 imb:15 pmb:131 smb:8014 d:- ref:0 ;
in:727 out:727 type:B dur:2 cpbdur:2 q:17.74 aq:6.58 tex:96 mv:4 misc:460 imb:0 pmb:4 smb:8156 d:- ref:0 ;
in:726 out:728 type:b dur:2 cpbdur:2 q:17.75 aq:3.25 tex:32 mv:1 misc:415 imb:0 pmb:1 smb:8159 d:- ref:0 ;
in:728 out:729 type:b dur:2 cpbdur:2 q:17.73 aq:3.25 tex:32 mv:1 misc:415 imb:0 pmb:1 smb:8159 d:- ref:0 ;
in:733 out:730 type:P dur:2 cpbdur:2 q:17.67 aq:8.43 tex:23664 mv:1988 misc:1292 imb:59 pmb:243 smb:7858 d:- ref:0 ;
in:731 out:731 type:B dur:2 cpbdur:2 q:17.69 aq:9.81 tex:9729 mv:2038 misc:657 imb:8 pmb:137 smb:8015 d:- ref:0 ;
in:730 out:732 type:b dur:2 cpbdur:2 q:17.71 aq:9.02 tex:7447 mv:1421 misc:628 imb:8 pmb:104 smb:8048 d:- ref:0 ;
in:732 out:733 type:b dur:2 cpbdur:2 q:17.68 aq:5.85 tex:7162 mv:1483 misc:651 imb:7 pmb:115 smb:8038 d:- ref:0 ;
in:736 out:734 type:P dur:2 cpbdur:2 q:17.62 aq:7.25 tex:33477 mv:2346 misc:1569 imb:88 pmb:283 smb:7789 d:- ref:0 ;
in:734 out:735 type:B dur:2 cpbdur:2 q:17.65 aq:10.78 tex:13866 mv:1449 misc:685 imb:8 pmb:138 smb:8014 d:- ref:0 ;
in:735 out:736 type:b dur:2 cpbdur:2 q:17.64 aq:13.05 tex:11418 mv:1541 misc:713 imb:14 pmb:144 smb:8002 d:- ref:0 ;
in:739 out:737 type:P dur:2 cpbdur:2 q:17.59 aq:6.23 tex:23855 mv:1353 misc:1288 imb:151 pmb:151 smb:7858 d:- ref:0 ;
in:737 out:738 type:B dur:2 cpbdur:2 q:17.61 aq:10.03 tex:20366 mv:1690 misc:624 imb:16 pmb:116 smb:8028 d:- ref:0 ;
in:738 out:739 type:b dur:2 cpbdur:2 q:17.60 aq:13.58 tex:17253 mv:1277 misc:574 imb:6 pmb:86 smb:8068 d:- ref:0 ;
in:743 out:740 type:P dur:2 cpbdur:2 q:17.55 aq:7.88 tex:3594 mv:409 misc:1093 imb:42 pmb:97 smb:8021 d:- ref:0 ;
in:741 out:741 type:B dur:2 cpbdur:2 q:17.57 aq:6.58 tex:125 mv:69 misc:518 imb:0 pmb:19 smb:8141 d:- ref:0 ;
in:740 out:742 type:b dur:2 cpbdur:2 q:17.58 aq:9.17 tex:4916 mv:305 misc:491 imb:0 pmb:28 smb:8132 d:- ref:0 ;
in:742 out:743 type:b dur:2 cpbdur:2 q:17.56 aq:3.25 tex:32 mv:1 misc:415 imb:0 pmb:1 smb:8159 d:- ref:0 ;
in:747 out:744 type:P dur:2 cpbdur:2 q:17.51 aq:7.74 tex:23149 mv:723 misc:1184 imb:70 pmb:115 smb:7975 d:- ref:0 ;
in:745 out:745 type:B dur:2 cpbdur:2 q:17.53 aq:8.50 tex:4532 mv:190 misc:598 imb:0 pmb:49 smb:8111 d:- ref:0 ;
in:744 out:746 type:b dur:2 cpbdur:2 q:17.54 aq:3.25 tex:364 mv:110 misc:510 imb:2 pmb:24 smb:8134 d:- ref:0 ;
in:746 out:747 type:b dur:2 cpbdur:2 q:17.52 aq:11.13 tex:7391 mv:446 misc:491 imb:2 pmb:31 smb:8127 d:- ref:0 ;
in:749 out:748 type:P dur:2 cpbdur:2 q:17.46 aq:7.78 tex:54784 mv:1175 misc:1601 imb:68 pmb:243 smb:7849 d:- ref:0 ;
in:748 out:749 type:b dur:2 cpbdur:2 q:17.48 aq:12.50 tex:10038 mv:1117 misc:533 imb:6 pmb:69 smb:8085 d:- ref:0 ;
in:750 out:750 type:I dur:2 cpbdur:2 q:14.80 aq:1.04 tex:896753 mv:46766 misc:529 imb:8160 pmb:0 smb:0 d:- ref:;
in:754 out:751 type:P dur:2 cpbdur:2 q:17.43 aq:4.53 tex:21864 mv:1058 misc:662 imb:45 pmb:87 smb:8028 d:- ref:0 ;
in:752 out:752 type:B dur:2 cpbdur:2 q:17.43 aq:8.80 tex:4411 mv:1085 misc:592 imb:3 pmb:68 smb:8089 d:- ref:0 ;
in:751 out:753 type:b dur:2 cpbdur:2 q:17.43 aq:15.49 tex:3547 mv:808 misc:573 imb:0 pmb:63 smb:8097 d:- ref:0 ;
in:753 out:754 type:b dur:2 cpbdur:2 q:17.43 aq:14.87 tex:3624 mv:775 misc:561 imb:1 pmb:67 smb:8092 d:- ref:0 ;
in:758 out:755 type:P dur:2 cpbdur:2 q:17.39 aq:4.03 tex:22684 mv:815 misc:557 imb:28 pmb:70 smb:8062 d:- ref:0 ;
in:756 out:756 type:B dur:2 cpbdur:2 q:17.41 aq:3.00 tex:125 mv:83 misc:552 imb:0 pmb:29 smb:8131 d:- ref:0 ;
in:755 out:757 type:b dur:2 cpbdur:2 q:17.42 aq:13.45 tex:2829 mv:766 misc:517 imb:1 pmb:55 smb:8104 d:- ref:0 ;
in:757 out:758 type:b dur:2 cpbdur:2 q:17.40 aq:2.00 tex:0 mv:0 misc:408 imb:0 pmb:0 smb:8160 d:- ref:0 ;
in:762 out:759 type:P dur:2 cpbdur:2 q:17.35 aq:5.41 tex:1263 mv:90 misc:583 imb:1 pmb:23 smb:8136 d:- ref:0 ;
in:760 out:760 type:B dur:2 cpbdur:2 q:17.37 aq:1.00 tex:32 mv:10 misc:446 imb:0 pmb:2 smb:8158 d:- ref:0 ;
in:759 out:761 type:b dur:2 cpbdur:2 q:17.38 aq:2.00 tex:0 mv:0 misc:408 imb:0 pmb:0 smb:8160 d:- ref:0 ;
in:761 out:762 type:b dur:2 cpbdur:2 q:17.36 aq:2.00 tex:0 mv:0 misc:408 imb:0 pmb:0 smb:8160 d:- ref:0 ;
in:766 out:763 type:P dur:2 cpbdur:2 q:17.31 aq:3.66 tex:659 mv:62 misc:551 imb:1 pmb:12 smb:8147 d:- ref:0 ;
in:764 out:764 type:B dur:2 cpbdur:2 q:17.33 aq:1.00 tex:26 mv:1 misc:437 imb:0 pmb:1 smb:8159 d:- ref:0 ;
in:763 out:765 type:b dur:2 cpbdur:2 q:17.34 aq:2.00 tex:0 mv:0 misc:408 imb:0 pmb:0 smb:8160 d:- ref:0 ;
in:765 out:766 type:b dur:2 cpbdur:2 q:17.32 aq:2.00 tex:0 mv:0 misc:408 imb:0 pmb:0 smb:8160 d:- ref:0 ;
in:770 out:767 type:P dur:2 cpbdur:2 q:17.32 aq:4.30 tex:19452 mv:379 misc:665 imb:31 pmb:62 smb:8067 d:- ref:0 ;
in:768 out:768 type:B dur:2 cpbdur:2 q:17.31 aq:1.00 tex:174 mv:86 misc:532 imb:0 pmb:22 smb:8138 d:- ref:0 ;
in:767 out:769 type:b dur:2 cpbdur:2 q:17.31 aq:2.00 tex:5 mv:10 misc:417 imb:0 pmb:1 smb:8159 d:- ref:0 ;
in:769 out:770 type:b dur:2 cpbdur:2 q:17.32 aq:13.91 tex:4078 mv:169 misc:473 imb:1 pmb:16 smb:8143 d:- ref:0 ;
in:772 out:771 type:P dur:2 cpbdur:2 q:17.28 aq:4.79 tex:34246 mv:737 misc:657 imb:47 pmb:44 smb:8069 d:- ref:0 ;
in:771 out:772 type:b dur:2 cpbdur:2 q:17.30 aq:9.98 tex:10950 mv:799 misc:507 imb:6 pmb:48 smb:8106 d:- ref:0 ;
in:773 out:773 type:P dur:2 cpbdur:2 q:17.26 aq:5.56 tex:36929 mv:1012 misc:627 imb:60 pmb:52 smb:8048 d:- ref:0 ;
in:777 out:774 type:P dur:2 cpbdur:2 q:17.24 aq:5.32 tex:46829 mv:1332 misc:591 imb:75 pmb:55 smb:8030 d:- ref:0 ;
in:775 out:775 type:B dur:2 cpbdur:2 q:17.25 aq:9.22 tex:9874 mv:814 misc:592 imb:6 pmb:88 smb:8066 d:- ref:0 ;
in:774 out:776 type:b dur:2 cpbdur:2 q:17.25 aq:17.16 tex:6902 mv:618 misc:584 imb:1 pmb:84 smb:8075 d:- ref:0 ;
in:776 out:777 type:b dur:2 cpbdur:2 q:17.25 aq:13.78 tex:3309 mv:757 misc:582 imb:1 pmb:65 smb:8094 d:- ref:0 ;
in:781 out:778 type:P dur:2 cpbdur:2 q:17.20 aq:4.27 tex:26784 mv:1049 misc:575 imb:34 pmb:77 smb:8049 d:- ref:0 ;
in:779 out:779 type:B dur:2 cpbdur:2 q:17.22 aq:7.34 tex:4691 mv:913 misc:588 imb:1 pmb:75 smb:8084 d:- ref:0 ;
in:778 out:780 type:b dur:2 cpbdur:2 q:17.23 aq:6.34 tex:3597 mv:743 misc:580 imb:4 pmb:58 smb:8098 d:- ref:0 ;
in:780 out:781 type:b dur:2 cpbdur:2 q:17.21 aq:9.70 tex:99 mv:89 misc:524 imb:0 pmb:29 smb:8131 d:- ref:0 ;
in:785 out:782 type:P dur:2 cpbdur:2 q:17.16 aq:4.54 tex:2025 mv:92 misc:635 imb:1 pmb:38 smb:8121 d:- ref:0 ;
in:783 out:783 type:B dur:2 cpbdur:2 q:17.18 aq:5.24 tex:77 mv:13 misc:446 imb:0 pmb:3 smb:8157 d:- ref:0 ;
in:782 out:784 type:b dur:2 cpbdur:2 q:17.19 aq:2.00 tex:0 mv:0 misc:408 imb:0 pmb:0 smb:8160 d:- ref:0 ;
in:784 out:785 type:b dur:2 cpbdur:2 q:17.17 aq:2.00 tex:0 mv:0 misc:408 imb:0 pmb:0 smb:8160 d:- ref:0 ;
in:789 out:786 type:P dur:2 cpbdur:2 q:17.11 aq:4.09 tex:1040 mv:78 misc:586 imb:1 pmb:18 smb:8141 d:- ref:0 ;
in:787 out:787 type:B dur:2 cpbdur:2 q:17.13 aq:1.00 tex:26 mv:1 misc:437 imb:0 pmb:1 smb:8159 d:- ref:0 ;
in:786 out:788 type:b dur:2 cpbdur:2 q:17.14 aq:2.00 tex:0 mv:0 misc:408 imb:0 pmb:0 smb:8160 d:- ref:0 ;
in:788 out:789 type:b dur:2 cpbdur:2 q:17.12 aq:2.00 tex:0 mv:0 misc:408 imb:0 pmb:0 smb:8160 d:- ref:0 ;
in:793 out:790 type:P dur:2 cpbdur:2 q:17.08 aq:4.16 tex:10287 mv:183 misc:642 imb:7 pmb:79 smb:8074 d:- ref:0 ;
in:791 out:791 type:B dur:2 cpbdur:2 q:17.10 aq:1.00 tex:26 mv:1 misc:437 imb:0 pmb:1 smb:8159 d:- ref:0 ;
in:790 out:792 type:b dur:2 cpbdur:2 q:17.10 aq:2.00 tex:0 mv:0 misc:408 imb:0 pmb:0 smb:8160 d:- ref:0 ;
in:792 out:793 type:b dur:2 cpbdur:2 q:17.09 aq:2.00 tex:50 mv:10 misc:428 imb:0 pmb:2 smb:8158 d:- ref:0 ;
in:797 out:794 type:P dur:2 cpbdur:2 q:17.04 aq:4.41 tex:15956 mv:220 misc:640 imb:14 pmb:36 smb:8110 d:- ref:0 ;
in:795 out:795 type:B dur:2 cpbdur:2 q:17.06 aq:1.00 tex:60 mv:60 misc:480 imb:0 pmb:13 smb:8147 d:- ref:0 ;
in:794 out:796 type:b dur:2 cpbdur:2 q:17.07 aq:2.00 tex:0 mv:0 misc:408 imb:0 pmb:0 smb:8160 d:- ref:0 ;
in:796 out:797 type:b dur:2 cpbdur:2 q:17.05 aq:16.55 tex:4542 mv:168 misc:450 imb:1 pmb:15 smb:8144 d:- ref:0 ;
in:800 out:798 type:P dur:2 cpbdur:2 q:16.99 aq:6.60 tex:49499 mv:956 misc:649 imb:69 pmb:41 smb:8050 d:- ref:0 ;
in:798 out:799 type:B dur:2 cpbdur:2 q:17.02 aq:10.47 tex:16192 mv:690 misc:542 imb:12 pmb:48 smb:8100 d:- ref:0 ;
in:799 out:800 type:b dur:2 cpbdur:2 q:17.01 aq:18.45 tex:14866 mv:1240 misc:526 imb:9 pmb:72 smb:8079 d:- ref:0 ;
in:804 out:801 type:P dur:2 cpbdur:2 q:16.96 aq:4.99 tex:53785 mv:1342 misc:609 imb:70 pmb:66 smb:8024 d:- ref:0 ;
in:802 out:802 type:B dur:2 cpbdur:2 q:16.98 aq:10.20 tex:14128 mv:1138 misc:590 imb:7 pmb:97 smb:8056 d:- ref:0 ;
in:801 out:803 type:b dur:2 cpbdur:2 q:16.98 aq:17.48 tex:8273 mv:996 misc:579 imb:7 pmb:95 smb:8058 d:- ref:0 ;
in:803 out:804 type:b dur:2 cpbdur:2 q:16.97 aq:16.80 tex:5414 mv:992 misc:594 imb:1 pmb:74 smb:8085 d:- ref:0 ;
in:808 out:805 type:P dur:2 cpbdur:2 q:16.92 aq:5.03 tex:31587 mv:1107 misc:626 imb:31 pmb:93 smb:8036 d:- ref:0 ;
in:806 out:806 type:B dur:2 cpbdur:2 q:16.94 aq:9.71 tex:7088 mv:1145 misc:607 imb:0 pmb:92 smb:8068 d:- ref:0 ;
in:805 out:807 type:b dur:2 cpbdur:2 q:16.95 aq:15.26 tex:5577 mv:928 misc:591 imb:0 pmb:74 smb:8086 d:- ref:0 ;
in:807 out:808 type:b dur:2 cpbdur:2 q:16.93 aq:2.00 tex:44 mv:86 misc:526 imb:0 pmb:28 smb:8132 d:- ref:0 ;
in:812 out:809 type:P dur:2 cpbdur:2 q:16.88 aq:4.57 tex:2535 mv:101 misc:716 imb:1 pmb:47 smb:8112 d:- ref:0 ;
in:810 out:810 type:B dur:2 cpbdur:2 q:16.90 aq:1.00 tex:31 mv:12 misc:445 imb:0 pmb:2 smb:8158 d:- ref:0 ;
in:809 out:811 type:b dur:2 cpbdur:2 q:16.91 aq:2.00 tex:0 mv:0 misc:408 imb:0 pmb:0 smb:8160 d:- ref:0 ;
in:811 out:812 type:b dur:2 cpbdur:2 q:16.89 aq:2.00 tex:0 mv:0 misc:408 imb:0 pmb:0 smb:8160 d:- ref:0 ;
in:816 out:813 type:P dur:2 cpbdur:2 q:16.84 aq:4.48 tex:10841 mv:249 misc:678 imb:14 pmb:90 smb:8056 d:- ref:0 ;
in:814 out:814 type:B dur:2 cpbdur:2 q:16.86 aq:1.00 tex:119 mv:25 misc:464 imb:0 pmb:6 smb:8154 d:- ref:0 ;
in:813 out:815 type:b dur:2 cpbdur:2 q:16.87 aq:2.00 tex:0 mv:0 misc:408 imb:0 pmb:0 smb:8160 d:- ref:0 ;
in:815 out:816 type:b dur:2 cpbdur:2 q:16.85 aq:2.00 tex:10 mv:17 misc:429 imb:0 pmb:2 smb:8158 d:- ref:0 ;
in:820 out:817 type:P dur:2 cpbdur:2 q:16.80 aq:5.14 tex:2006 mv:95 misc:651 imb:1 pmb:32 smb:8127 d:- ref:0 ;
in:818 out:818 type:B dur:2 cpbdur:2 q:16.82 aq:1.00 tex:26 mv:1 misc:437 imb:0 pmb:1 smb:8159 d:- ref:0 ;
in:817 out:819 type:b dur:2 cpbdur:2 q:16.83 aq:2.00 tex:0 mv:0 misc:408 imb:0 pmb:0 smb:8160 d:- ref:0 ;
in:819 out:820 type:b dur:2 cpbdur:2 q:16.81 aq:2.00 tex:0 mv:0 misc:408 imb:0 pmb:0 smb:8160 d:- ref:0 ;
in:824 out:821 type:P dur:2 cpbdur:2 q:16.76 aq:4.96 tex:1604 mv:77 misc:607 imb:1 pmb:20 smb:8139 d:- ref:0 ;
in:822 out:822 type:B dur:2 cpbdur:2 q:16.78 aq:1.00 tex:26 mv:1 misc:437 imb:0 pmb:1 smb:8159 d:- ref:0 ;
in:821 out:823 type:b dur:2 cpbdur:2 q:16.79 aq:2.00 tex:0 mv:0 misc:408 imb:0 pmb:0 smb:8160 d:- ref:0 ;
in:823 out:824 type:b dur:2 cpbdur:2 q:16.77 aq:2.00 tex:0 mv:0 misc:408 imb:0 pmb:0 smb:8160 d:- ref:0 ;
in:828 out:825 type:P dur:2 cpbdur:2 q:16.72 aq:5.00 tex:796 mv:74 misc:586 imb:1 pmb:17 smb:8142 d:- ref:0 ;
in:826 out:826 type:B dur:2 cpbdur:2 q:16.74 aq:0.66 tex:32 mv:1 misc:439 imb:0 pmb:1 smb:8159 d:- ref:0 ;
in:825 out:827 type:b dur:2 cpbdur:2 q:16.75 aq:2.00 tex:0 mv:0 misc:408 imb:0 pmb:0 smb:8160 d:- ref:0 ;
in:827 out:828 type:b dur:2 cpbdur:2 q:16.73 aq:2.00 tex:0 mv:0 misc:408 imb:0 pmb:0 smb:8160 d:- ref:0 ;
in:832 out:829 type:P dur:2 cpbdur:2 q:16.68 aq:7.15 tex:11409 mv:599 misc:656 imb:18 pmb:75 smb:8067 d:- ref:0 ;
in:830 out:830 type:B dur:2 cpbdur:2 q:16.70 aq:1.55 tex:126 mv:95 misc:539 imb:0 pmb:28 smb:8132 d:- ref:0 ;
in:829 out:831 type:b dur:2 cpbdur:2 q:16.71 aq:3.55 tex:63 mv:1 misc:416 imb:0 pmb:1 smb:8159 d:- ref:0 ;
in:831 out:832 type:b dur:2 cpbdur:2 q:16.69 aq:3.55 tex:102 mv:91 misc:519 imb:0 pmb:27 smb:8133 d:- ref:0 ;
in:836 out:833 type:P dur:2 cpbdur:2 q:16.64 aq:4.58 tex:13126 mv:1019 misc:647 imb:35 pmb:76 smb:8049 d:- ref:0 ;
in:834 out:834 type:B dur:2 cpbdur:2 q:16.66 aq:5.99 tex:7540 mv:1097 misc:587 imb:6 pmb:72 smb:8082 d:- ref:0 ;
in:833 out:835 type:b dur:2 cpbdur:2 q:16.67 aq:12.68 tex:4281 mv:817 misc:566 imb:4 pmb:60 smb:8096 d:- ref:0 ;
in:835 out:836 type:b dur:2 cpbdur:2 q:16.65 aq:12.73 tex:4397 mv:849 misc:570 imb:4 pmb:64 smb:8092 d:- ref:0 ;
in:838 out:837 type:P dur:2 cpbdur:2 q:16.60 aq:4.40 tex:24708 mv:1256 misc:716 imb:43 pmb:79 smb:8038 d:- ref:0 ;
in:837 out:838 type:b dur:2 cpbdur:2 q:16.62 aq:8.56 tex:7837 mv:793 misc:578 imb:2 pmb:78 smb:8080 d:- ref:0 ;
in:842 out:839 type:P dur:2 cpbdur:2 q:16.57 aq:2.79 tex:9223 mv:477 misc:580 imb:80 pmb:18 smb:8062 d:- ref:0 ;
in:840 out:840 type:B dur:2 cpbdur:2 q:16.58 aq:5.97 tex:15106 mv:676 misc:570 imb:10 pmb:50 smb:8100 d:- ref:0 ;
in:839 out:841 type:b dur:2 cpbdur:2 q:16.59 aq:14.04 tex:10975 mv:1050 misc:527 imb:2 pmb:75 smb:8083 d:- ref:0 ;
in:841 out:842 type:b dur:2 cpbdur:2 q:16.58 aq:12.39 tex:8159 mv:472 misc:497 imb:3 pmb:32 smb:8125 d:- ref:0 ;
in:846 out:843 type:P dur:2 cpbdur:2 q:16.53 aq:3.04 tex:2156 mv:136 misc:572 imb:7 pmb:12 smb:8141 d:- ref:0 ;
in:844 out:844 type:B dur:2 cpbdur:2 q:16.55 aq:1.01 tex:147 mv:42 misc:491 imb:0 pmb:9 smb:8151 d:- ref:0 ;
in:843 out:845 type:b dur:2 cpbdur:2 q:16.56 aq:2.35 tex:125 mv:38 misc:461 imb:0 pmb:8 smb:8152 d:- ref:0 ;
in:845 out:846 type:b dur:2 cpbdur:2 q:16.54 aq:2.35 tex:106 mv:2 misc:428 imb:0 pmb:2 smb:8158 d:- ref:0 ;
in:850 out:847 type:P dur:2 cpbdur:2 q:16.49 aq:3.52 tex:627 mv:67 misc:546 imb:1 pmb:13 smb:8146 d:- ref:0 ;
in:848 out:848 type:B dur:2 cpbdur:2 q:16.51 aq:1.01 tex:126 mv:3 misc:455 imb:0 pmb:3 smb:8157 d:- ref:0 ;
in:847 out:849 type:b dur:2 cpbdur:2 q:16.52 aq:2.35 tex:106 mv:2 misc:428 imb:0 pmb:2 smb:8158 d:- ref:0 ;
in:849 out:850 type:b dur:2 cpbdur:2 q:16.50 aq:2.35 tex:106 mv:2 misc:428 imb:0 pmb:2 smb:8158 d:- ref:0 ;
in:854 out:851 type:P dur:2 cpbdur:2 q:16.45 aq:2.20 tex:450 mv:60 misc:546 imb:1 pmb:10 smb:8149 d:- ref:0 ;
in:852 out:852 type:B dur:2 cpbdur:2 q:16.47 aq:0.35 tex:122 mv:3 misc:451 imb:0 pmb:3 smb:8157 d:- ref:0 ;
in:851 out:853 type:b dur:2 cpbdur:2 q:16.48 aq:1.53 tex:105 mv:2 misc:429 imb:0 pmb:2 smb:8158 d:- ref:0 ;
in:853 out:854 type:b dur:2 cpbdur:2 q:16.46 aq:1.53 tex:105 mv:2 misc:429 imb:0 pmb:2 smb:8158 d:- ref:0 ;
in:858 out:855 type:P dur:2 cpbdur:2 q:16.42 aq:6.49 tex:12704 mv:1028 misc:572 imb:44 pmb:78 smb:8038 d:- ref:0 ;
in:856 out:856 type:B dur:2 cpbdur:2 q:16.43 aq:3.49 tex:5904 mv:891 misc:605 imb:1 pmb:74 smb:8085 d:- ref:0 ;
in:855 out:857 type:b dur:2 cpbdur:2 q:16.44 aq:1.00 tex:74 mv:97 misc:533 imb:0 pmb:31 smb:8129 d:- ref:0 ;
in:857 out:858 type:b dur:2 cpbdur:2 q:16.43 aq:4.68 tex:4800 mv:852 misc:572 imb:3 pmb:68 smb:8089 d:- ref:0 ;
in:862 out:859 type:P dur:2 cpbdur:2 q:16.38 aq:6.43 tex:17873 mv:1282 misc:685 imb:46 pmb:84 smb:8030 d:- ref:0 ;
in:860 out:860 type:B dur:2 cpbdur:2 q:16.40 aq:7.87 tex:11834 mv:993 misc:629 imb:7 pmb:89 smb:8064 d:- ref:0 ;
in:859 out:861 type:b dur:2 cpbdur:2 q:16.41 aq:12.25 tex:4672 mv:792 misc:592 imb:3 pmb:68 smb:8089 d:- ref:0 ;
in:861 out:862 type:b dur:2 cpbdur:2 q:16.39 aq:16.42 tex:7510 mv:674 misc:592 imb:2 pmb:86 smb:8072 d:- ref:0 ;
in:866 out:863 type:P dur:2 cpbdur:2 q:16.34 aq:3.70 tex:6900 mv:454 misc:638 imb:92 pmb:23 smb:8045 d:- ref:0 ;
in:864 out:864 type:B dur:2 cpbdur:2 q:16.36 aq:7.35 tex:15188 mv:576 misc:572 imb:10 pmb:53 smb:8097 d:- ref:0 ;
in:863 out:865 type:b dur:2 cpbdur:2 q:16.37 aq:15.15 tex:12585 mv:1088 misc:543 imb:5 pmb:70 smb:8085 d:- ref:0 ;
in:865 out:866 type:b dur:2 cpbdur:2 q:16.35 aq:14.27 tex:6903 mv:522 misc:495 imb:2 pmb:34 smb:8124 d:- ref:0 ;
in:870 out:867 type:P dur:2 cpbdur:2 q:16.30 aq:3.91 tex:1033 mv:123 misc:540 imb:8 pmb:9 smb:8143 d:- ref:0 ;
in:868 out:868 type:B dur:2 cpbdur:2 q:16.32 aq:0.91 tex:92 mv:41 misc:459 imb:0 pmb:8 smb:8152 d:- ref:0 ;
in:867 out:869 type:b dur:2 cpbdur:2 q:16.33 aq:1.00 tex:29 mv:38 misc:437 imb:0 pmb:7 smb:8153 d:- ref:0 ;
in:869 out:870 type:b dur:2 cpbdur:2 q:16.31 aq:1.00 tex:6 mv:10 misc:416 imb:0 pmb:1 smb:8159 d:- ref:0 ;
in:874 out:871 type:P dur:2 cpbdur:2 q:16.26 aq:4.73 tex:244 mv:54 misc:518 imb:2 pmb:5 smb:8153 d:- ref:0 ;
in:872 out:872 type:B dur:2 cpbdur:2 q:16.28 aq:0.91 tex:69 mv:3 misc:448 imb:0 pmb:2 smb:8158 d:- ref:0 ;
in:871 out:873 type:b dur:2 cpbdur:2 q:16.29 aq:1.00 tex:7 mv:9 misc:416 imb:0 pmb:1 smb:8159 d:- ref:0 ;
in:873 out:874 type:b dur:2 cpbdur:2 q:16.27 aq:1.00 tex:6 mv:10 misc:416 imb:0 pmb:1 smb:8159 d:- ref:0 ;
in:878 out:875 type:P dur:2 cpbdur:2 q:16.22 aq:6.71 tex:239 mv:57 misc:520 imb:2 pmb:6 smb:8152 d:- ref:0 ;
in:876 out:876 type:B dur:2 cpbdur:2 q:16.24 aq:0.91 tex:69 mv:3 misc:448 imb:0 pmb:2 smb:8158 d:- ref:0 ;
in:875 out:877 type:b dur:2 cpbdur:2 q:16.25 aq:1.00 tex:7 mv:9 misc:416 imb:0 pmb:1 smb:8159 d:- ref:0 ;
in:877 out:878 type:b dur:2 cpbdur:2 q:16.23 aq:1.00 tex:6 mv:10 misc:416 imb:0 pmb:1 smb:8159 d:- ref:0 ;
in:882 out:879 type:P dur:2 cpbdur:2 q:16.18 aq:4.70 tex:15834 mv:1062 misc:632 imb:27 pmb:90 smb:8043 d:- ref:0 ;
in:880 out:880 type:B dur:2 cpbdur:2 q:16.20 aq:5.96 tex:8156 mv:1083 misc:633 imb:2 pmb:87 smb:8071 d:- ref:0 ;
in:879 out:881 type:b dur:2 cpbdur:2 q:16.21 aq:1.00 tex:44 mv:100 misc:544 imb:0 pmb:32 smb:8128 d:- ref:0 ;
in:881 out:882 type:b dur:2 cpbdur:2 q:16.19 aq:3.91 tex:6699 mv:1101 misc:592 imb:3 pmb:85 smb:8072 d:- ref:0 ;
in:886 out:883 type:P dur:2 cpbdur:2 q:16.14 aq:5.60 tex:19611 mv:1328 misc:653 imb:52 pmb:75 smb:8033 d:- ref:0 ;
in:884 out:884 type:B dur:2 cpbdur:2 q:16.16 aq:6.75 tex:15487 mv:1166 misc:595 imb:9 pmb:103 smb:8048 d:- ref:0 ;
in:883 out:885 type:b dur:2 cpbdur:2 q:16.17 aq:4.11 tex:6147 mv:984 misc:597 imb:4 pmb:79 smb:8077 d:- ref:0 ;
in:885 out:886 type:b dur:2 cpbdur:2 q:16.15 aq:12.99 tex:8973 mv:1036 misc:607 imb:7 pmb:98 smb:8055 d:- ref:0 ;
in:889 out:887 type:P dur:2 cpbdur:2 q:16.10 aq:3.66 tex:19669 mv:802 misc:633 imb:79 pmb:32 smb:8049 d:- ref:0 ;
in:887 out:888 type:B dur:2 cpbdur:2 q:16.13 aq:7.30 tex:19226 mv:1024 misc:558 imb:15 pmb:65 smb:8080 d:- ref:0 ;
in:888 out:889 type:b dur:2 cpbdur:2 q:16.12 aq:16.42 tex:12756 mv:753 misc:531 imb:5 pmb:53 smb:8102 d:- ref:0 ;
in:892 out:890 type:P dur:2 cpbdur:2 q:16.08 aq:6.63 tex:23057 mv:527 misc:624 imb:57 pmb:26 smb:8077 d:- ref:0 ;
in:890 out:891 type:B dur:2 cpbdur:2 q:16.10 aq:5.29 tex:5035 mv:230 misc:575 imb:1 pmb:41 smb:8118 d:- ref:0 ;
in:891 out:892 type:b dur:2 cpbdur:2 q:16.09 aq:1.00 tex:79 mv:101 misc:532 imb:0 pmb:32 smb:8128 d:- ref:0 ;
in:893 out:893 type:P dur:2 cpbdur:2 q:16.05 aq:6.66 tex:43689 mv:1259 misc:748 imb:140 pmb:58 smb:7962 d:- ref:0 ;
in:894 out:894 type:P dur:2 cpbdur:2 q:16.04 aq:6.70 tex:70361 mv:2313 misc:662 imb:315 pmb:59 smb:7786 d:- ref:0 ;
in:895 out:895 type:P dur:2 cpbdur:2 q:16.03 aq:8.39 tex:100126 mv:3894 misc:716 imb:526 pmb:97 smb:7537 d:- ref:0 ;
in:896 out:896 type:P dur:2 cpbdur:2 q:16.02 aq:8.39 tex:150316 mv:5410 misc:810 imb:833 pmb:109 smb:7218 d:- ref:0 ;
in:900 out:897 type:P dur:2 cpbdur:2 q:16.01 aq:5.64 tex:245619 mv:6445 misc:1024 imb:686 pmb:211 smb:7263 d:- ref:0 ;
in:898 out:898 type:B dur:2 cpbdur:2 q:16.01 aq:10.24 tex:48759 mv:5307 misc:1302 imb:52 pmb:525 smb:7583 d:- ref:0 ;
in:897 out:899 type:b dur:2 cpbdur:2 q:16.02 aq:12.15 tex:29596 mv:4261 misc:1391 imb:45 pmb:500 smb:7615 d:- ref:0 ;
in:899 out:900 type:b dur:2 cpbdur:2 q:16.01 aq:12.04 tex:17062 mv:5151 misc:1259 imb:24 pmb:424 smb:7712 d:- ref:0 ;
in:904 out:901 type:P dur:2 cpbdur:2 q:15.97 aq:4.72 tex:150405 mv:6074 misc:1217 imb:247 pmb:465 smb:7448 d:- ref:0 ;
in:902 out:902 type:B dur:2 cpbdur:2 q:15.99 aq:11.57 tex:21022 mv:5488 misc:1242 imb:17 pmb:494 smb:7649 d:- ref:0 ;
in:901 out:903 type:b dur:2 cpbdur:2 q:16.00 aq:11.70 tex:16782 mv:4905 misc:1265 imb:22 pmb:419 smb:7719 d:- ref:0 ;
in:903 out:904 type:b dur:2 cpbdur:2 q:15.98 aq:8.81 tex:728 mv:334 misc:1130 imb:3 pmb:209 smb:7948 d:- ref:0 ;
in:906 out:905 type:P dur:2 cpbdur:2 q:15.94 aq:6.09 tex:60797 mv:631 misc:1596 imb:36 pmb:327 smb:7797 d:- ref:0 ;
in:905 out:906 type:b dur:2 cpbdur:2 q:15.96 aq:5.53 tex:15791 mv:531 misc:526 imb:3 pmb:42 smb:8115 d:- ref:0 ;
in:907 out:907 type:P dur:2 cpbdur:2 q:15.92 aq:6.15 tex:65295 mv:1408 misc:1633 imb:34 pmb:307 smb:7819 d:- ref:0 ;
in:908 out:908 type:P dur:2 cpbdur:2 q:15.91 aq:5.03 tex:70934 mv:1914 misc:1296 imb:63 pmb:206 smb:7891 d:- ref:0 ;
in:912 out:909 type:P dur:2 cpbdur:2 q:15.91 aq:4.72 tex:138865 mv:2938 misc:1389 imb:164 pmb:601 smb:7395 d:- ref:0 ;
in:910 out:910 type:B dur:2 cpbdur:2 q:15.91 aq:7.03 tex:21127 mv:1995 misc:878 imb:10 pmb:187 smb:7963 d:- ref:0 ;
in:909 out:911 type:b dur:2 cpbdur:2 q:15.91 aq:8.59 tex:14773 mv:1867 misc:640 imb:10 pmb:142 smb:8008 d:- ref:0 ;
in:911 out:912 type:b dur:2 cpbdur:2 q:15.91 aq:10.45 tex:10024 mv:1394 misc:670 imb:2 pmb:140 smb:8018 d:- ref:0 ;
in:916 out:913 type:P dur:2 cpbdur:2 q:15.91 aq:5.51 tex:57604 mv:1393 misc:1507 imb:25 pmb:305 smb:7830 d:- ref:0 ;
in:914 out:914 type:B dur:2 cpbdur:2 q:15.91 aq:5.86 tex:13528 mv:1448 misc:664 imb:0 pmb:132 smb:8028 d:- ref:0 ;
in:913 out:915 type:b dur:2 cpbdur:2 q:15.91 aq:15.08 tex:8998 mv:1288 misc:634 imb:1 pmb:113 smb:8046 d:- ref:0 ;
in:915 out:916 type:b dur:2 cpbdur:2 q:15.91 aq:1.00 tex:51 mv:128 misc:613 imb:0 pmb:44 smb:8116 d:- ref:0 ;
in:920 out:917 type:P dur:2 cpbdur:2 q:15.89 aq:6.13 tex:28374 mv:433 misc:1249 imb:30 pmb:151 smb:7979 d:- ref:0 ;
in:918 out:918 type:B dur:2 cpbdur:2 q:15.90 aq:4.62 tex:5227 mv:286 misc:535 imb:3 pmb:34 smb:8123 d:- ref:0 ;
in:917 out:919 type:b dur:2 cpbdur:2 q:15.90 aq:1.47 tex:2727 mv:229 misc:452 imb:0 pmb:15 smb:8145 d:- ref:0 ;
in:919 out:920 type:b dur:2 cpbdur:2 q:15.89 aq:2.82 tex:4356 mv:572 misc:472 imb:0 pmb:34 smb:8126 d:- ref:0 ;
in:924 out:921 type:P dur:2 cpbdur:2 q:15.86 aq:5.75 tex:23469 mv:722 misc:1113 imb:10 pmb:142 smb:8008 d:- ref:0 ;
in:922 out:922 type:B dur:2 cpbdur:2 q:15.87 aq:3.08 tex:4227 mv:553 misc:516 imb:1 pmb:39 smb:8120 d:- ref:0 ;
in:921 out:923 type:b dur:2 cpbdur:2 q:15.88 aq:9.82 tex:3137 mv:389 misc:482 imb:2 pmb:34 smb:8124 d:- ref:0 ;
in:923 out:924 type:b dur:2 cpbdur:2 q:15.86 aq:9.38 tex:1455 mv:139 misc:486 imb:0 pmb:18 smb:8142 d:- ref:0 ;
in:928 out:925 type:P dur:2 cpbdur:2 q:15.84 aq:5.17 tex:19809 mv:521 misc:1086 imb:7 pmb:133 smb:8020 d:- ref:0 ;
in:926 out:926 type:B dur:2 cpbdur:2 q:15.85 aq:3.37 tex:2623 mv:249 misc:544 imb:0 pmb:35 smb:8125 d:- ref:0 ;
in:925 out:927 type:b dur:2 cpbdur:2 q:15.85 aq:9.19 tex:1268 mv:122 misc:474 imb:0 pmb:16 smb:8144 d:- ref:0 ;
in:927 out:928 type:b dur:2 cpbdur:2 q:15.84 aq:1.00 tex:39 mv:84 misc:509 imb:0 pmb:20 smb:8140 d:- ref:0 ;
in:932 out:929 type:P dur:2 cpbdur:2 q:15.81 aq:5.73 tex:27595 mv:350 misc:1079 imb:28 pmb:109 smb:8023 d:- ref:0 ;
in:930 out:930 type:B dur:2 cpbdur:2 q:15.82 aq:2.13 tex:5720 mv:312 misc:504 imb:1 pmb:30 smb:8129 d:- ref:0 ;
in:929 out:931 type:b dur:2 cpbdur:2 q:15.83 aq:1.65 tex:3107 mv:219 misc:450 imb:0 pmb:17 smb:8143 d:- ref:0 ;
in:931 out:932 type:b dur:2 cpbdur:2 q:15.81 aq:11.82 tex:4236 mv:658 misc:466 imb:1 pmb:30 smb:8129 d:- ref:0 ;
in:936 out:933 type:P dur:2 cpbdur:2 q:15.77 aq:5.84 tex:40127 mv:807 misc:1098 imb:19 pmb:239 smb:7902 d:- ref:0 ;
in:934 out:934 type:B dur:2 cpbdur:2 q:15.79 aq:3.74 tex:4506 mv:650 misc:556 imb:0 pmb:49 smb:8111 d:- ref:0 ;
in:933 out:935 type:b dur:2 cpbdur:2 q:15.80 aq:9.95 tex:3241 mv:440 misc:511 imb:0 pmb:41 smb:8119 d:- ref:0 ;
in:935 out:936 type:b dur:2 cpbdur:2 q:15.78 aq:5.29 tex:1970 mv:210 misc:532 imb:0 pmb:31 smb:8129 d:- ref:0 ;
in:940 out:937 type:P dur:2 cpbdur:2 q:15.74 aq:5.68 tex:18052 mv:494 misc:1134 imb:7 pmb:148 smb:8005 d:- ref:0 ;
in:938 out:938 type:B dur:2 cpbdur:2 q:15.75 aq:4.66 tex:2181 mv:380 misc:527 imb:0 pmb:36 smb:8124 d:- ref:0 ;
in:937 out:939 type:b dur:2 cpbdur:2 q:15.76 aq:12.41 tex:1588 mv:231 misc:509 imb:0 pmb:25 smb:8135 d:- ref:0 ;
in:939 out:940 type:b dur:2 cpbdur:2 q:15.75 aq:1.00 tex:45 mv:69 misc:494 imb:0 pmb:18 smb:8142 d:- ref:0 ;
in:944 out:941 type:P dur:2 cpbdur:2 q:15.70 aq:5.69 tex:4722 mv:160 misc:1062 imb:4 pmb:114 smb:8042 d:- ref:0 ;
in:942 out:942 type:B dur:2 cpbdur:2 q:15.72 aq:1.05 tex:103 mv:14 misc:467 imb:0 pmb:4 smb:8156 d:- ref:0 ;
in:941 out:943 type:b dur:2 cpbdur:2 q:15.73 aq:1.00 tex:7 mv:9 misc:416 imb:0 pmb:1 smb:8159 d:- ref:0 ;
in:943 out:944 type:b dur:2 cpbdur:2 q:15.71 aq:1.00 tex:6 mv:10 misc:416 imb:0 pmb:1 smb:8159 d:- ref:0 ;
in:948 out:945 type:P dur:2 cpbdur:2 q:15.67 aq:6.11 tex:36430 mv:1029 misc:1125 imb:12 pmb:184 smb:7964 d:- ref:0 ;
in:946 out:946 type:B dur:2 cpbdur:2 q:15.68 aq:6.72 tex:11548 mv:721 misc:571 imb:2 pmb:94 smb:8064 d:- ref:0 ;
in:945 out:947 type:b dur:2 cpbdur:2 q:15.69 aq:1.00 tex:50 mv:102 misc:544 imb:0 pmb:42 smb:8118 d:- ref:0 ;
in:947 out:948 type:b dur:2 cpbdur:2 q:15.68 aq:13.10 tex:7961 mv:809 misc:534 imb:2 pmb:88 smb:8070 d:- ref:0 ;
in:952 out:949 type:P dur:2 cpbdur:2 q:15.63 aq:5.66 tex:42185 mv:1103 misc:1136 imb:12 pmb:194 smb:7954 d:- ref:0 ;
in:950 out:950 type:B dur:2 cpbdur:2 q:15.65 aq:6.16 tex:13153 mv:954 misc:557 imb:2 pmb:101 smb:8057 d:- ref:0 ;
in:949 out:951 type:b dur:2 cpbdur:2 q:15.66 aq:13.39 tex:8996 mv:727 misc:533 imb:2 pmb:85 smb:8073 d:- ref:0 ;
in:951 out:952 type:b dur:2 cpbdur:2 q:15.64 aq:13.36 tex:9365 mv:620 misc:527 imb:1 pmb:96 smb:8063 d:- ref:0 ;
in:956 out:953 type:P dur:2 cpbdur:2 q:15.60 aq:5.86 tex:42771 mv:1096 misc:1125 imb:12 pmb:199 smb:7949 d:- ref:0 ;
in:954 out:954 type:B dur:2 cpbdur:2 q:15.62 aq:6.22 tex:12349 mv:864 misc:579 imb:0 pmb:102 smb:8058 d:- ref:0 ;
in:953 out:955 type:b dur:2 cpbdur:2 q:15.62 aq:12.89 tex:7459 mv:581 misc:528 imb:0 pmb:83 smb:8077 d:- ref:0 ;
in:955 out:956 type:b dur:2 cpbdur:2 q:15.61 aq:12.95 tex:3753 mv:115 misc:556 imb:0 pmb:64 smb:8096 d:- ref:0 ;
in:960 out:957 type:P dur:2 cpbdur:2 q:15.56 aq:6.67 tex:77778 mv:2081 misc:1341 imb:24 pmb:326 smb:7810 d:- ref:0 ;
in:958 out:958 type:B dur:2 cpbdur:2 q:15.58 aq:11.85 tex:18667 mv:1726 misc:727 imb:0 pmb:184 smb:7976 d:- ref:0 ;
in:957 out:959 type:b dur:2 cpbdur:2 q:15.59 aq:12.94 tex:3478 mv:441 misc:705 imb:0 pmb:129 smb:8031 d:- ref:0 ;
in:959 out:960 type:b dur:2 cpbdur:2 q:15.57 aq:12.36 tex:12194 mv:1503 misc:695 imb:2 pmb:155 smb:8003 d:- ref:0 ;
in:964 out:961 type:P dur:2 cpbdur:2 q:15.53 aq:6.25 tex:76883 mv:2405 misc:1240 imb:47 pmb:302 smb:7811 d:- ref:0 ;
in:962 out:962 type:B dur:2 cpbdur:2 q:15.55 aq:10.40 tex:23189 mv:2201 misc:738 imb:3 pmb:197 smb:7960 d:- ref:0 ;
in:961 out:963 type:b dur:2 cpbdur:2 q:15.55 aq:13.32 tex:11387 mv:1340 misc:705 imb:4 pmb:150 smb:8006 d:- ref:0 ;
in:963 out:964 type:b dur:2 cpbdur:2 q:15.54 aq:11.68 tex:12912 mv:1525 misc:691 imb:3 pmb:167 smb:7990 d:- ref:0 ;
in:968 out:965 type:P dur:2 cpbdur:2 q:15.50 aq:5.92 tex:79979 mv:2357 misc:1216 imb:45 pmb:294 smb:7821 d:- ref:0 ;
in:966 out:966 type:B dur:2 cpbdur:2 q:15.51 aq:10.33 tex:22130 mv:2173 misc:713 imb:4 pmb:195 smb:7961 d:- ref:0 ;
in:965 out:967 type:b dur:2 cpbdur:2 q:15.52 aq:12.36 tex:12777 mv:1323 misc:700 imb:5 pmb:145 smb:8010 d:- ref:0 ;
in:967 out:968 type:b dur:2 cpbdur:2 q:15.50 aq:13.21 tex:12427 mv:1312 misc:669 imb:4 pmb:152 smb:8004 d:- ref:0 ;
in:972 out:969 type:P dur:2 cpbdur:2 q:15.47 aq:6.72 tex:71497 mv:1964 misc:1187 imb:31 pmb:284 smb:7845 d:- ref:0 ;
in:970 out:970 type:B dur:2 cpbdur:2 q:15.48 aq:10.88 tex:22743 mv:2176 misc:705 imb:4 pmb:196 smb:7960 d:- ref:0 ;
in:969 out:971 type:b dur:2 cpbdur:2 q:15.49 aq:13.09 tex:3857 mv:598 misc:769 imb:0 pmb:136 smb:8024 d:- ref:0 ;
in:971 out:972 type:b dur:2 cpbdur:2 q:15.47 aq:12.87 tex:7747 mv:1074 misc:651 imb:3 pmb:96 smb:8061 d:- ref:0 ;
in:976 out:973 type:P dur:2 cpbdur:2 q:15.44 aq:6.79 tex:82161 mv:2184 misc:1207 imb:33 pmb:278 smb:7849 d:- ref:0 ;
in:974 out:974 type:B dur:2 cpbdur:2 q:15.45 aq:11.66 tex:19206 mv:1739 misc:767 imb:1 pmb:168 smb:7991 d:- ref:0 ;
in:973 out:975 type:b dur:2 cpbdur:2 q:15.46 aq:12.36 tex:10171 mv:1080 misc:685 imb:2 pmb:115 smb:8043 d:- ref:0 ;
in:975 out:976 type:b dur:2 cpbdur:2 q:15.44 aq:11.98 tex:10846 mv:1331 misc:743 imb:2 pmb:129 smb:8029 d:- ref:0 ;
in:980 out:977 type:P dur:2 cpbdur:2 q:15.41 aq:6.20 tex:90255 mv:2232 misc:1265 imb:35 pmb:282 smb:7843 d:- ref:0 ;
in:978 out:978 type:B dur:2 cpbdur:2 q:15.42 aq:9.99 tex:20134 mv:2046 misc:764 imb:4 pmb:179 smb:7977 d:- ref:0 ;
in:977 out:979 type:b dur:2 cpbdur:2 q:15.43 aq:11.78 tex:9890 mv:1254 misc:696 imb:1 pmb:124 smb:8035 d:- ref:0 ;
in:979 out:980 type:b dur:2 cpbdur:2 q:15.41 aq:10.69 tex:10091 mv:1298 misc:699 imb:3 pmb:113 smb:8044 d:- ref:0 ;
in:984 out:981 type:P dur:2 cpbdur:2 q:15.38 aq:6.13 tex:87080 mv:1526 misc:1210 imb:33 pmb:276 smb:7851 d:- ref:0 ;
in:982 out:982 type:B dur:2 cpbdur:2 q:15.39 aq:6.95 tex:11303 mv:1053 misc:804 imb:0 pmb:159 smb:8001 d:- ref:0 ;
in:981 out:983 type:b dur:2 cpbdur:2 q:15.40 aq:7.99 tex:3073 mv:448 misc:767 imb:0 pmb:121 smb:8039 d:- ref:0 ;
in:983 out:984 type:b dur:2 cpbdur:2 q:15.39 aq:7.86 tex:3465 mv:440 misc:623 imb:0 pmb:75 smb:8085 d:- ref:0 ;
in:988 out:985 type:P dur:2 cpbdur:2 q:15.35 aq:5.91 tex:49152 mv:1241 misc:1247 imb:11 pmb:242 smb:7907 d:- ref:0 ;
in:986 out:986 type:B dur:2 cpbdur:2 q:15.37 aq:6.42 tex:8346 mv:974 misc:616 imb:0 pmb:99 smb:8061 d:- ref:0 ;
in:985 out:987 type:b dur:2 cpbdur:2 q:15.37 aq:8.30 tex:4184 mv:479 misc:577 imb:2 pmb:54 smb:8104 d:- ref:0 ;
in:987 out:988 type:b dur:2 cpbdur:2 q:15.36 aq:7.99 tex:3778 mv:633 misc:573 imb:2 pmb:65 smb:8093 d:- ref:0 ;
in:992 out:989 type:P dur:2 cpbdur:2 q:15.32 aq:5.65 tex:50906 mv:1158 misc:1208 imb:11 pmb:214 smb:7935 d:- ref:0 ;
in:990 out:990 type:B dur:2 cpbdur:2 q:15.34 aq:6.73 tex:9230 mv:1132 misc:614 imb:0 pmb:97 smb:8063 d:- ref:0 ;
in:989 out:991 type:b dur:2 cpbdur:2 q:15.35 aq:8.76 tex:4571 mv:675 misc:634 imb:2 pmb:70 smb:8088 d:- ref:0 ;
in:991 out:992 type:b dur:2 cpbdur:2 q:15.33 aq:6.97 tex:3949 mv:758 misc:629 imb:1 pmb:67 smb:8092 d:- ref:0 ;
in:996 out:993 type:P dur:2 cpbdur:2 q:15.30 aq:5.50 tex:48288 mv:796 misc:1244 imb:13 pmb:201 smb:7946 d:- ref:0 ;
in:994 out:994 type:B dur:2 cpbdur:2 q:15.31 aq:1.09 tex:305 mv:117 misc:634 imb:0 pmb:60 smb:8100 d:- ref:0 ;
in:993 out:995 type:b dur:2 cpbdur:2 q:15.32 aq:0.63 tex:190 mv:120 misc:610 imb:0 pmb:59 smb:8101 d:- ref:0 ;
in:995 out:996 type:b dur:2 cpbdur:2 q:15.30 aq:0.00 tex:96 mv:12 misc:436 imb:0 pmb:3 smb:8157 d:- ref:0 ;
in:999 out:997 type:P dur:2 cpbdur:2 q:15.27 aq:0.93 tex:169 mv:37 misc:490 imb:2 pmb:2 smb:8156 d:- ref:0 ;
in:997 out:998 type:B dur:2 cpbdur:2 q:15.29 aq:0.27 tex:141 mv:13 misc:462 imb:0 pmb:4 smb:8156 d:- ref:0 ;
in:998 out:999 type:b dur:2 cpbdur:2 q:15.28 aq:0.00 tex:96 mv:12 misc:436 imb:0 pmb:3 smb:8157 d:- ref:0 ;
in:1000 out:1000 type:I dur:2 cpbdur:2 q:12.50 aq:0.91 tex:1242828 mv:59274 misc:570 imb:8160 pmb:0 smb:0 d:- ref:;
in:1004 out:1001 type:P dur:2 cpbdur:2 q:15.24 aq:1.31 tex:972 mv:115 misc:673 imb:3 pmb:28 smb:8129 d:- ref:0 ;
in:1002 out:1002 type:B dur:2 cpbdur:2 q:15.24 aq:0.39 tex:73 mv:11 misc:444 imb:0 pmb:3 smb:8157 d:- ref:0 ;
in:1001 out:1003 type:b dur:2 cpbdur:2 q:15.24 aq:0.00 tex:7 mv:10 misc:415 imb:0 pmb:1 smb:8159 d:- ref:0 ;
in:1003 out:1004 type:b dur:2 cpbdur:2 q:15.24 aq:0.00 tex:7 mv:10 misc:423 imb:0 pmb:1 smb:8159 d:- ref:0 ;
in:1008 out:1005 type:P dur:2 cpbdur:2 q:15.21 aq:3.88 tex:27472 mv:812 misc:788 imb:17 pmb:171 smb:7972 d:- ref:0 ;
in:1006 out:1006 type:B dur:2 cpbdur:2 q:15.22 aq:4.04 tex:5377 mv:630 misc:601 imb:0 pmb:68 smb:8092 d:- ref:0 ;
in:1005 out:1007 type:b dur:2 cpbdur:2 q:15.23 aq:0.00 tex:48 mv:107 misc:565 imb:0 pmb:34 smb:8126 d:- ref:0 ;
in:1007 out:1008 type:b dur:2 cpbdur:2 q:15.22 aq:5.35 tex:3464 mv:400 misc:584 imb:0 pmb:52 smb:8108 d:- ref:0 ;
in:1012 out:1009 type:P dur:2 cpbdur:2 q:15.18 aq:3.42 tex:14819 mv:1075 misc:706 imb:25 pmb:83 smb:8052 d:- ref:0 ;
in:1010 out:1010 type:B dur:2 cpbdur:2 q:15.19 aq:3.90 tex:8894 mv:953 misc:585 imb:3 pmb:73 smb:8084 d:- ref:0 ;
in:1009 out:1011 type:b dur:2 cpbdur:2 q:15.20 aq:10.09 tex:3609 mv:378 misc:557 imb:0 pmb:49 smb:8111 d:- ref:0 ;
in:1011 out:1012 type:b dur:2 cpbdur:2 q:15.19 aq:10.77 tex:6852 mv:811 misc:561 imb:1 pmb:72 smb:8087 d:- ref:0 ;
in:1016 out:1013 type:P dur:2 cpbdur:2 q:15.14 aq:0.65 tex:6064 mv:491 misc:629 imb:60 pmb:12 smb:8088 d:- ref:0 ;
in:1014 out:1014 type:B dur:2 cpbdur:2 q:15.16 aq:3.60 tex:11130 mv:586 misc:556 imb:2 pmb:60 smb:8098 d:- ref:0 ;
in:1013 out:1015 type:b dur:2 cpbdur:2 q:15.17 aq:3.53 tex:9341 mv:1131 misc:520 imb:0 pmb:63 smb:8097 d:- ref:0 ;
in:1015 out:1016 type:b dur:2 cpbdur:2 q:15.15 aq:1.86 tex:5958 mv:509 misc:485 imb:0 pmb:32 smb:8128 d:- ref:0 ;
in:1020 out:1017 type:P dur:2 cpbdur:2 q:15.16 aq:3.74 tex:25301 mv:1308 misc:711 imb:25 pmb:129 smb:8006 d:- ref:0 ;
in:1018 out:1018 type:B dur:2 cpbdur:2 q:15.15 aq:6.76 tex:14387 mv:1498 misc:675 imb:0 pmb:135 smb:8025 d:- ref:0 ;
in:1017 out:1019 type:b dur:2 cpbdur:2 q:15.15 aq:7.05 tex:117 mv:137 misc:650 imb:0 pmb:49 smb:8111 d:- ref:0 ;
in:1019 out:1020 type:b dur:2 cpbdur:2 q:15.16 aq:13.32 tex:10389 mv:1414 misc:613 imb:1 pmb:121 smb:8038 d:- ref:0 ;
in:1024 out:1021 type:P dur:2 cpbdur:2 q:15.13 aq:3.08 tex:25015 mv:1652 misc:677 imb:51 pmb:101 smb:8008 d:- ref:0 ;
in:1022 out:1022 type:B dur:2 cpbdur:2 q:15.15 aq:4.51 tex:22319 mv:1811 misc:630 imb:7 pmb:137 smb:8016 d:- ref:0 ;
in:1021 out:1023 type:b dur:2 cpbdur:2 q:15.16 aq:6.85 tex:10172 mv:1258 misc:610 imb:1 pmb:127 smb:8032 d:- ref:0 ;
in:1023 out:1024 type:b dur:2 cpbdur:2 q:15.14 aq:5.54 tex:16775 mv:1618 misc:599 imb:9 pmb:136 smb:8015 d:- ref:0 ;
in:1025 out:1025 type:P dur:2 cpbdur:2 q:15.10 aq:2.78 tex:25422 mv:1361 misc:609 imb:52 pmb:67 smb:8041 d:- ref:0 ;
in:1029 out:1026 type:P dur:2 cpbdur:2 q:15.09 aq:1.24 tex:756 mv:407 misc:629 imb:84 pmb:8 smb:8068 d:- ref:0 ;
in:1027 out:1027 type:B dur:2 cpbdur:2 q:15.10 aq:2.48 tex:16919 mv:465 misc:592 imb:4 pmb:53 smb:8103 d:- ref:0 ;
in:1026 out:1028 type:b dur:2 cpbdur:2 q:15.10 aq:9.30 tex:19102 mv:1141 misc:549 imb:1 pmb:70 smb:8089 d:- ref:0 ;
in:1028 out:1029 type:b dur:2 cpbdur:2 q:15.09 aq:8.46 tex:7290 mv:234 misc:492 imb:1 pmb:27 smb:8132 d:- ref:0 ;
in:1033 out:1030 type:P dur:2 cpbdur:2 q:15.06 aq:10.18 tex:70362 mv:5420 misc:1138 imb:110 pmb:405 smb:7645 d:- ref:0 ;
in:1031 out:1031 type:B dur:2 cpbdur:2 q:15.08 aq:10.40 tex:27171 mv:5982 misc:1183 imb:18 pmb:491 smb:7651 d:- ref:0 ;
in:1030 out:1032 type:b dur:2 cpbdur:2 q:15.08 aq:12.03 tex:14038 mv:4107 misc:1159 imb:4 pmb:361 smb:7795 d:- ref:0 ;
in:1032 out:1033 type:b dur:2 cpbdur:2 q:15.07 aq:10.36 tex:19730 mv:4909 misc:1161 imb:19 pmb:418 smb:7723 d:- ref:0 ;
in:1036 out:1034 type:P dur:2 cpbdur:2 q:15.03 aq:6.98 tex:148301 mv:6685 misc:1030 imb:551 pmb:269 smb:7340 d:- ref:0 ;
in:1034 out:1035 type:B dur:2 cpbdur:2 q:15.05 aq:11.53 tex:39905 mv:4167 misc:1184 imb:26 pmb:455 smb:7679 d:- ref:0 ;
in:1035 out:1036 type:b dur:2 cpbdur:2 q:15.04 aq:11.92 tex:31691 mv:4234 misc:1195 imb:33 pmb:473 smb:7654 d:- ref:0 ;
in:1037 out:1037 type:P dur:2 cpbdur:2 q:15.01 aq:6.27 tex:123591 mv:5601 misc:1104 imb:557 pmb:194 smb:7409 d:- ref:0 ;
in:1038 out:1038 type:P dur:2 cpbdur:2 q:15.00 aq:5.08 tex:69651 mv:3522 misc:955 imb:431 pmb:103 smb:7626 d:- ref:0 ;
in:1039 out:1039 type:P dur:2 cpbdur:2 q:14.99 aq:4.62 tex:44124 mv:2007 misc:765 imb:285 pmb:56 smb:7819 d:- ref:0 ;
in:1040 out:1040 type:P dur:2 cpbdur:2 q:14.99 aq:2.60 tex:21026 mv:1022 misc:600 imb:166 pmb:22 smb:7972 d:- ref:0 ;
in:1042 out:1041 type:P dur:2 cpbdur:2 q:14.98 aq:5.18 tex:255842 mv:13003 misc:1395 imb:1650 pmb:1241 smb:5269 d:- ref:0 w:7,119,9,7,120,10,119,5 ;
in:1041 out:1042 type:b dur:2 cpbdur:2 q:14.98 aq:5.39 tex:498 mv:274 misc:1140 imb:1 pmb:201 smb:7958 d:- ref:0 ;
in:1043 out:1043 type:P dur:2 cpbdur:2 q:14.96 aq:4.60 tex:257327 mv:13294 misc:1643 imb:1495 pmb:1370 smb:5295 d:- ref:0 w:4,15,8,6,59,12,60,4 ;
in:1044 out:1044 type:P dur:2 cpbdur:2 q:14.95 aq:5.84 tex:261121 mv:13711 misc:1232 imb:1451 pmb:1441 smb:5268 d:- ref:0 w:4,15,8,7,121,8,119,5 ;
in:1045 out:1045 type:P dur:2 cpbdur:2 q:14.95 aq:4.86 tex:299718 mv:15030 misc:1404 imb:1611 pmb:1370 smb:5179 d:- ref:0 w:7,119,9,7,121,8,119,5 ;
in:1046 out:1046 type:P dur:2 cpbdur:2 q:14.94 aq:5.77 tex:289586 mv:14084 misc:1218 imb:1486 pmb:1463 smb:5211 d:- ref:0 w:4,15,8,7,123,6,118,6 ;
in:1047 out:1047 type:P dur:2 cpbdur:2 q:14.94 aq:6.80 tex:296347 mv:15156 misc:1121 imb:1627 pmb:1390 smb:5143 d:- ref:0 w:7,119,9,6,62,5,59,6 ;
in:1048 out:1048 type:P dur:2 cpbdur:2 q:14.93 aq:4.66 tex:309026 mv:15725 misc:1385 imb:1658 pmb:1395 smb:5107 d:- ref:0 w:7,121,7,6,64,0,59,6 ;
in:1049 out:1049 type:P dur:2 cpbdur:2 q:14.93 aq:8.62 tex:318336 mv:16210 misc:1094 imb:1639 pmb:1316 smb:5205 d:- ref:0 w:4,15,8,6,66,-5,59,6 ;
in:1051 out:1050 type:P dur:2 cpbdur:2 q:14.92 aq:2.01 tex:442495 mv:15658 misc:1079 imb:2543 pmb:381 smb:5236 d:- ref:0 ;
in:1050 out:1051 type:b dur:2 cpbdur:2 q:14.93 aq:8.29 tex:241090 mv:29241 misc:1509 imb:850 pmb:1580 smb:5730 d:- ref:0 ;
in:1052 out:1052 type:P dur:2 cpbdur:2 q:14.92 aq:3.19 tex:306919 mv:11686 misc:995 imb:1643 pmb:527 smb:5990 d:- ref:0 ;
in:1053 out:1053 type:P dur:2 cpbdur:2 q:14.91 aq:2.64 tex:225433 mv:8164 misc:1283 imb:1526 pmb:452 smb:6182 d:- ref:0 w:6,69,-10,5,35,-14,32,0 ;
in:1054 out:1054 type:P dur:2 cpbdur:2 q:14.91 aq:4.13 tex:143772 mv:5176 misc:1116 imb:1338 pmb:456 smb:6366 d:- ref:0 w:4,17,-8,5,35,-14,33,-2 ;
in:1056 out:1055 type:P dur:2 cpbdur:2 q:14.90 aq:3.81 tex:95362 mv:2040 misc:1062 imb:1356 pmb:428 smb:6376 d:- ref:0 w:5,37,-20,6,73,-22,72,-9 ;
in:1055 out:1056 type:b dur:2 cpbdur:2 q:14.90 aq:8.14 tex:14487 mv:1585 misc:632 imb:183 pmb:50 smb:7927 d:- ref:0 ;
in:1060 out:1057 type:P dur:2 cpbdur:2 q:14.90 aq:6.04 tex:11678 mv:111 misc:1299 imb:0 pmb:197 smb:7963 d:- ref:0 ;
in:1058 out:1058 type:B dur:2 cpbdur:2 q:14.90 aq:14.95 tex:47 mv:3 misc:446 imb:0 pmb:2 smb:8158 d:- ref:0 ;
in:1057 out:1059 type:b dur:2 cpbdur:2 q:14.90 aq:15.89 tex:46 mv:3 misc:431 imb:0 pmb:2 smb:8158 d:- ref:0 ;
in:1059 out:1060 type:b dur:2 cpbdur:2 q:14.90 aq:15.89 tex:46 mv:3 misc:431 imb:0 pmb:2 smb:8158 d:- ref:0 ;
in:1064 out:1061 type:P dur:2 cpbdur:2 q:14.93 aq:5.88 tex:4407 mv:95 misc:874 imb:0 pmb:80 smb:8080 d:- ref:0 ;
in:1062 out:1062 type:B dur:2 cpbdur:2 q:14.92 aq:14.95 tex:35 mv:2 misc:435 imb:0 pmb:1 smb:8159 d:- ref:0 ;
in:1061 out:1063 type:b dur:2 cpbdur:2 q:14.91 aq:15.89 tex:34 mv:2 misc:420 imb:0 pmb:1 smb:8159 d:- ref:0 ;
in:1063 out:1064 type:b dur:2 cpbdur:2 q:14.92 aq:15.89 tex:34 mv:2 misc:420 imb:0 pmb:1 smb:8159 d:- ref:0 ;
in:1068 out:1065 type:P dur:2 cpbdur:2 q:14.98 aq:6.43 tex:77085 mv:491 misc:912 imb:38 pmb:96 smb:8026 d:- ref:0 ;
in:1066 out:1066 type:B dur:2 cpbdur:2 q:14.96 aq:14.81 tex:25345 mv:369 misc:486 imb:1 pmb:58 smb:8101 d:- ref:0 ;
in:1065 out:1067 type:b dur:2 cpbdur:2 q:14.94 aq:13.18 tex:19435 mv:363 misc:466 imb:3 pmb:56 smb:8101 d:- ref:0 ;
in:1067 out:1068 type:b dur:2 cpbdur:2 q:14.97 aq:16.69 tex:14232 mv:496 misc:472 imb:2 pmb:56 smb:8102 d:- ref:0 ;
in:1072 out:1069 type:P dur:2 cpbdur:2 q:15.00 aq:6.77 tex:44091 mv:484 misc:825 imb:1 pmb:112 smb:8047 d:- ref:0 ;
in:1070 out:1070 type:B dur:2 cpbdur:2 q:14.99 aq:12.18 tex:696 mv:103 misc:553 imb:0 pmb:35 smb:8125 d:- ref:0 ;
in:1069 out:1071 type:b dur:2 cpbdur:2 q:14.98 aq:14.50 tex:13408 mv:390 misc:474 imb:0 pmb:59 smb:8101 d:- ref:0 ;
in:1071 out:1072 type:b dur:2 cpbdur:2 q:14.99 aq:12.58 tex:18850 mv:368 misc:470 imb:2 pmb:63 smb:8095 d:- ref:0 ;
in:1076 out:1073 type:P dur:2 cpbdur:2 q:14.97 aq:6.17 tex:114361 mv:892 misc:819 imb:45 pmb:110 smb:8005 d:- ref:0 ;
in:1074 out:1074 type:B dur:2 cpbdur:2 q:14.99 aq:10.63 tex:40316 mv:1016 misc:516 imb:0 pmb:107 smb:8053 d:- ref:0 ;
in:1073 out:1075 type:b dur:2 cpbdur:2 q:14.99 aq:12.12 tex:14967 mv:491 misc:518 imb:0 pmb:75 smb:8085 d:- ref:0 ;
in:1075 out:1076 type:b dur:2 cpbdur:2 q:14.98 aq:9.44 tex:25292 mv:781 misc:487 imb:1 pmb:102 smb:8057 d:- ref:0 ;
in:1080 out:1077 type:P dur:2 cpbdur:2 q:14.94 aq:6.80 tex:87228 mv:842 misc:802 imb:2 pmb:153 smb:8005 d:- ref:0 ;
in:1078 out:1078 type:B dur:2 cpbdur:2 q:14.96 aq:11.22 tex:20563 mv:803 misc:562 imb:0 pmb:86 smb:8074 d:- ref:0 ;
in:1077 out:1079 type:b dur:2 cpbdur:2 q:14.97 aq:11.62 tex:15456 mv:609 misc:535 imb:0 pmb:85 smb:8075 d:- ref:0 ;
in:1079 out:1080 type:b dur:2 cpbdur:2 q:14.95 aq:12.62 tex:14445 mv:525 misc:478 imb:0 pmb:66 smb:8094 d:- ref:0 ;
in:1084 out:1081 type:P dur:2 cpbdur:2 q:14.91 aq:5.52 tex:125330 mv:920 misc:934 imb:38 pmb:149 smb:7973 d:- ref:0 ;
in:1082 out:1082 type:B dur:2 cpbdur:2 q:14.93 aq:11.96 tex:19665 mv:652 misc:531 imb:1 pmb:78 smb:8081 d:- ref:0 ;
in:1081 out:1083 type:b dur:2 cpbdur:2 q:14.93 aq:16.47 tex:14475 mv:459 misc:474 imb:0 pmb:65 smb:8095 d:- ref:0 ;
in:1083 out:1084 type:b dur:2 cpbdur:2 q:14.92 aq:15.29 tex:30700 mv:708 misc:496 imb:0 pmb:100 smb:8060 d:- ref:0 ;
in:1088 out:1085 type:P dur:2 cpbdur:2 q:14.89 aq:6.51 tex:96270 mv:819 misc:855 imb:2 pmb:168 smb:7990 d:- ref:0 ;
in:1086 out:1086 type:B dur:2 cpbdur:2 q:14.90 aq:4.67 tex:22352 mv:667 misc:549 imb:1 pmb:82 smb:8077 d:- ref:0 ;
in:1085 out:1087 type:b dur:2 cpbdur:2 q:14.91 aq:16.65 tex:22447 mv:719 misc:498 imb:0 pmb:98 smb:8062 d:- ref:0 ;
in:1087 out:1088 type:b dur:2 cpbdur:2 q:14.89 aq:16.15 tex:14821 mv:455 misc:476 imb:0 pmb:59 smb:8101 d:- ref:0 ;
in:1090 out:1089 type:P dur:2 cpbdur:2 q:14.87 aq:6.13 tex:12789 mv:120 misc:947 imb:1 pmb:145 smb:8014 d:- ref:0 ;
in:1089 out:1090 type:b dur:2 cpbdur:2 q:14.88 aq:16.42 tex:21291 mv:473 misc:476 imb:2 pmb:60 smb:8098 d:- ref:0 ;
in:1094 out:1091 type:P dur:2 cpbdur:2 q:14.85 aq:6.42 tex:127280 mv:895 misc:817 imb:36 pmb:119 smb:8005 d:- ref:0 ;
in:1092 out:1092 type:B dur:2 cpbdur:2 q:14.86 aq:13.19 tex:42959 mv:860 misc:517 imb:2 pmb:103 smb:8055 d:- ref:0 ;
in:1091 out:1093 type:b dur:2 cpbdur:2 q:14.86 aq:16.15 tex:15653 mv:520 misc:531 imb:1 pmb:75 smb:8084 d:- ref:0 ;
in:1093 out:1094 type:b dur:2 cpbdur:2 q:14.86 aq:15.52 tex:24915 mv:727 misc:486 imb:0 pmb:100 smb:8060 d:- ref:0 ;
in:1098 out:1095 type:P dur:2 cpbdur:2 q:14.83 aq:6.46 tex:89562 mv:783 misc:879 imb:3 pmb:161 smb:7996 d:- ref:0 ;
in:1096 out:1096 type:B dur:2 cpbdur:2 q:14.84 aq:13.25 tex:20716 mv:749 misc:535 imb:0 pmb:81 smb:8079 d:- ref:0 ;
in:1095 out:1097 type:b dur:2 cpbdur:2 q:14.85 aq:16.50 tex:14429 mv:534 misc:525 imb:0 pmb:78 smb:8082 d:- ref:0 ;
in:1097 out:1098 type:b dur:2 cpbdur:2 q:14.83 aq:14.87 tex:13449 mv:447 misc:472 imb:0 pmb:59 smb:8101 d:- ref:0 ;
in:1102 out:1099 type:P dur:2 cpbdur:2 q:14.81 aq:6.52 tex:122643 mv:850 misc:811 imb:42 pmb:139 smb:7979 d:- ref:0 ;
in:1100 out:1100 type:B dur:2 cpbdur:2 q:14.82 aq:13.25 tex:21047 mv:649 misc:528 imb:0 pmb:75 smb:8085 d:- ref:0 ;
in:1099 out:1101 type:b dur:2 cpbdur:2 q:14.82 aq:16.56 tex:13320 mv:462 misc:474 imb:0 pmb:60 smb:8100 d:- ref:0 ;
in:1101 out:1102 type:b dur:2 cpbdur:2 q:14.81 aq:12.27 tex:30991 mv:651 misc:494 imb:1 pmb:102 smb:8057 d:- ref:0 ;
in:1106 out:1103 type:P dur:2 cpbdur:2 q:14.78 aq:5.68 tex:104017 mv:1002 misc:925 imb:6 pmb:220 smb:7934 d:- ref:0 ;
in:1104 out:1104 type:B dur:2 cpbdur:2 q:14.79 aq:11.68 tex:23003 mv:788 misc:537 imb:1 pmb:82 smb:8077 d:- ref:0 ;
in:1103 out:1105 type:b dur:2 cpbdur:2 q:14.80 aq:15.33 tex:22728 mv:615 misc:497 imb:0 pmb:101 smb:8059 d:- ref:0 ;
in:1105 out:1106 type:b dur:2 cpbdur:2 q:14.79 aq:15.33 tex:14373 mv:474 misc:473 imb:0 pmb:63 smb:8097 d:- ref:0 ;
in:1108 out:1107 type:P dur:2 cpbdur:2 q:14.76 aq:5.71 tex:14033 mv:139 misc:1076 imb:2 pmb:151 smb:8007 d:- ref:0 ;
in:1107 out:1108 type:b dur:2 cpbdur:2 q:14.77 aq:15.44 tex:19659 mv:438 misc:487 imb:1 pmb:67 smb:8092 d:- ref:0 ;
in:1112 out:1109 type:P dur:2 cpbdur:2 q:14.75 aq:6.21 tex:128609 mv:956 misc:939 imb:41 pmb:151 smb:7968 d:- ref:0 ;
in:1110 out:1110 type:B dur:2 cpbdur:2 q:14.76 aq:13.16 tex:43732 mv:881 misc:515 imb:4 pmb:108 smb:8048 d:- ref:0 ;
in:1109 out:1111 type:b dur:2 cpbdur:2 q:14.76 aq:15.49 tex:15635 mv:514 misc:547 imb:0 pmb:80 smb:8080 d:- ref:0 ;
in:1111 out:1112 type:b dur:2 cpbdur:2 q:14.75 aq:15.67 tex:25938 mv:806 misc:504 imb:0 pmb:103 smb:8057 d:- ref:0 ;
in:1116 out:1113 type:P dur:2 cpbdur:2 q:14.73 aq:6.73 tex:96785 mv:878 misc:849 imb:5 pmb:164 smb:7991 d:- ref:0 ;
in:1114 out:1114 type:B dur:2 cpbdur:2 q:14.74 aq:14.09 tex:24826 mv:829 misc:553 imb:2 pmb:85 smb:8073 d:- ref:0 ;
in:1113 out:1115 type:b dur:2 cpbdur:2 q:14.74 aq:15.16 tex:15849 mv:678 misc:537 imb:3 pmb:77 smb:8080 d:- ref:0 ;
in:1115 out:1116 type:b dur:2 cpbdur:2 q:14.73 aq:15.74 tex:15181 mv:502 misc:477 imb:1 pmb:61 smb:8098 d:- ref:0 ;
in:1120 out:1117 type:P dur:2 cpbdur:2 q:14.70 aq:6.14 tex:67575 mv:728 misc:993 imb:7 pmb:164 smb:7989 d:- ref:0 ;
in:1118 out:1118 type:B dur:2 cpbdur:2 q:14.71 aq:14.10 tex:23018 mv:699 misc:523 imb:3 pmb:69 smb:8088 d:- ref:0 ;
in:1117 out:1119 type:b dur:2 cpbdur:2 q:14.72 aq:15.74 tex:15288 mv:510 misc:482 imb:1 pmb:62 smb:8097 d:- ref:0 ;
in:1119 out:1120 type:b dur:2 cpbdur:2 q:14.71 aq:15.59 tex:15234 mv:509 misc:489 imb:1 pmb:67 smb:8092 d:- ref:0 ;
in:1124 out:1121 type:P dur:2 cpbdur:2 q:14.68 aq:6.40 tex:122813 mv:855 misc:892 imb:37 pmb:153 smb:7970 d:- ref:0 ;
in:1122 out:1122 type:B dur:2 cpbdur:2 q:14.69 aq:14.16 tex:19509 mv:374 misc:589 imb:7 pmb:60 smb:8093 d:- ref:0 ;
in:1121 out:1123 type:b dur:2 cpbdur:2 q:14.70 aq:15.54 tex:23753 mv:695 misc:512 imb:6 pmb:73 smb:8081 d:- ref:0 ;
in:1123 out:1124 type:b dur:2 cpbdur:2 q:14.69 aq:10.70 tex:25906 mv:809 misc:469 imb:4 pmb:42 smb:8114 d:- ref:0 ;
in:1128 out:1125 type:P dur:2 cpbdur:2 q:14.66 aq:6.33 tex:100072 mv:826 misc:918 imb:11 pmb:205 smb:7944 d:- ref:0 ;
in:1126 out:1126 type:B dur:2 cpbdur:2 q:14.67 aq:12.85 tex:31597 mv:591 misc:548 imb:0 pmb:68 smb:8092 d:- ref:0 ;
in:1125 out:1127 type:b dur:2 cpbdur:2 q:14.68 aq:9.34 tex:24381 mv:496 misc:507 imb:1 pmb:67 smb:8092 d:- ref:0 ;
in:1127 out:1128 type:b dur:2 cpbdur:2 q:14.67 aq:17.15 tex:16142 mv:431 misc:499 imb:0 pmb:62 smb:8098 d:- ref:0 ;
in:1132 out:1129 type:P dur:2 cpbdur:2 q:14.64 aq:5.94 tex:95434 mv:738 misc:1020 imb:18 pmb:175 smb:7967 d:- ref:0 ;
in:1130 out:1130 type:B dur:2 cpbdur:2 q:14.65 aq:12.92 tex:30144 mv:656 misc:536 imb:1 pmb:80 smb:8079 d:- ref:0 ;
in:1129 out:1131 type:b dur:2 cpbdur:2 q:14.66 aq:14.67 tex:19402 mv:404 misc:482 imb:0 pmb:66 smb:8094 d:- ref:0 ;
in:1131 out:1132 type:b dur:2 cpbdur:2 q:14.65 aq:14.64 tex:21180 mv:559 misc:517 imb:3 pmb:49 smb:8108 d:- ref:0 ;
in:1136 out:1133 type:P dur:2 cpbdur:2 q:14.62 aq:6.64 tex:89734 mv:619 misc:967 imb:36 pmb:142 smb:7982 d:- ref:0 ;
in:1134 out:1134 type:B dur:2 cpbdur:2 q:14.63 aq:10.22 tex:31362 mv:417 misc:485 imb:0 pmb:64 smb:8096 d:- ref:0 ;
in:1133 out:1135 type:b dur:2 cpbdur:2 q:14.63 aq:1.86 tex:37726 mv:1055 misc:467 imb:5 pmb:59 smb:8096 d:- ref:0 ;
in:1135 out:1136 type:b dur:2 cpbdur:2 q:14.62 aq:13.46 tex:17555 mv:474 misc:459 imb:1 pmb:60 smb:8099 d:- ref:0 ;
in:1140 out:1137 type:P dur:2 cpbdur:2 q:14.59 aq:6.61 tex:83333 mv:687 misc:980 imb:8 pmb:155 smb:7997 d:- ref:0 ;
in:1138 out:1138 type:B dur:2 cpbdur:2 q:14.61 aq:9.59 tex:28487 mv:628 misc:517 imb:1 pmb:73 smb:8086 d:- ref:0 ;
in:1137 out:1139 type:b dur:2 cpbdur:2 q:14.61 aq:10.13 tex:15219 mv:420 misc:465 imb:0 pmb:60 smb:8100 d:- ref:0 ;
in:1139 out:1140 type:b dur:2 cpbdur:2 q:14.60 aq:11.41 tex:24156 mv:660 misc:464 imb:3 pmb:70 smb:8087 d:- ref:0 ;
in:1144 out:1141 type:P dur:2 cpbdur:2 q:14.57 aq:6.83 tex:93623 mv:534 misc:931 imb:40 pmb:125 smb:7995 d:- ref:0 ;
in:1142 out:1142 type:B dur:2 cpbdur:2 q:14.58 aq:8.36 tex:36027 mv:822 misc:495 imb:4 pmb:61 smb:8095 d:- ref:0 ;
in:1141 out:1143 type:b dur:2 cpbdur:2 q:14.59 aq:7.26 tex:28431 mv:800 misc:457 imb:4 pmb:42 smb:8114 d:- ref:0 ;
in:1143 out:1144 type:b dur:2 cpbdur:2 q:14.58 aq:12.04 tex:24017 mv:400 misc:471 imb:1 pmb:63 smb:8096 d:- ref:0 ;
in:1148 out:1145 type:P dur:2 cpbdur:2 q:14.55 aq:6.43 tex:75008 mv:654 misc:1010 imb:8 pmb:150 smb:8002 d:- ref:0 ;
in:1146 out:1146 type:B dur:2 cpbdur:2 q:14.56 aq:7.95 tex:23821 mv:582 misc:509 imb:1 pmb:71 smb:8088 d:- ref:0 ;
in:1145 out:1147 type:b dur:2 cpbdur:2 q:14.57 aq:9.16 tex:16697 mv:429 misc:466 imb:0 pmb:64 smb:8096 d:- ref:0 ;
in:1147 out:1148 type:b dur:2 cpbdur:2 q:14.56 aq:10.93 tex:18838 mv:446 misc:492 imb:0 pmb:67 smb:8093 d:- ref:0 ;
in:1152 out:1149 type:P dur:2 cpbdur:2 q:14.53 aq:5.39 tex:141326 mv:844 misc:1054 imb:43 pmb:222 smb:7895 d:- ref:0 ;
in:1150 out:1150 type:B dur:2 cpbdur:2 q:14.54 aq:8.29 tex:34502 mv:748 misc:566 imb:11 pmb:70 smb:8079 d:- ref:0 ;
in:1149 out:1151 type:b dur:2 cpbdur:2 q:14.55 aq:9.13 tex:19993 mv:520 misc:519 imb:4 pmb:51 smb:8105 d:- ref:0 ;
in:1151 out:1152 type:b dur:2 cpbdur:2 q:14.54 aq:2.11 tex:34350 mv:950 misc:468 imb:6 pmb:57 smb:8097 d:- ref:0 ;
in:1156 out:1153 type:P dur:2 cpbdur:2 q:14.51 aq:6.51 tex:77439 mv:651 misc:1110 imb:1 pmb:231 smb:7928 d:- ref:0 ;
in:1154 out:1154 type:B dur:2 cpbdur:2 q:14.52 aq:8.31 tex:25601 mv:588 misc:483 imb:1 pmb:66 smb:8093 d:- ref:0 ;
in:1153 out:1155 type:b dur:2 cpbdur:2 q:14.52 aq:11.12 tex:18497 mv:425 misc:462 imb:2 pmb:59 smb:8099 d:- ref:0 ;
in:1155 out:1156 type:b dur:2 cpbdur:2 q:14.51 aq:10.02 tex:17583 mv:498 misc:455 imb:0 pmb:62 smb:8098 d:- ref:0 ;
in:1160 out:1157 type:P dur:2 cpbdur:2 q:14.49 aq:6.32 tex:119312 mv:836 misc:1044 imb:29 pmb:164 smb:7967 d:- ref:0 ;
in:1158 out:1158 type:B dur:2 cpbdur:2 q:14.50 aq:4.41 tex:23862 mv:477 misc:565 imb:9 pmb:56 smb:8095 d:- ref:0 ;
in:1157 out:1159 type:b dur:2 cpbdur:2 q:14.50 aq:8.10 tex:25285 mv:524 misc:479 imb:3 pmb:67 smb:8090 d:- ref:0 ;
in:1159 out:1160 type:b dur:2 cpbdur:2 q:14.49 aq:2.65 tex:27352 mv:747 misc:453 imb:4 pmb:44 smb:8112 d:- ref:0 ;
in:1164 out:1161 type:P dur:2 cpbdur:2 q:14.46 aq:6.89 tex:85915 mv:816 misc:997 imb:10 pmb:169 smb:7981 d:- ref:0 ;
in:1162 out:1162 type:B dur:2 cpbdur:2 q:14.48 aq:7.75 tex:34843 mv:543 misc:510 imb:1 pmb:62 smb:8097 d:- ref:0 ;
in:1161 out:1163 type:b dur:2 cpbdur:2 q:14.48 aq:9.10 tex:26030 mv:323 misc:463 imb:1 pmb:58 smb:8101 d:- ref:0 ;
in:1163 out:1164 type:b dur:2 cpbdur:2 q:14.47 aq:10.51 tex:18488 mv:445 misc:467 imb:1 pmb:57 smb:8102 d:- ref:0 ;
in:1168 out:1165 type:P dur:2 cpbdur:2 q:14.45 aq:6.43 tex:102380 mv:771 misc:1057 imb:14 pmb:172 smb:7974 d:- ref:0 ;
in:1166 out:1166 type:B dur:2 cpbdur:2 q:14.46 aq:4.50 tex:32643 mv:571 misc:506 imb:1 pmb:77 smb:8082 d:- ref:0 ;
in:1165 out:1167 type:b dur:2 cpbdur:2 q:14.46 aq:9.52 tex:20770 mv:380 misc:474 imb:0 pmb:67 smb:8093 d:- ref:0 ;
in:1167 out:1168 type:b dur:2 cpbdur:2 q:14.45 aq:8.76 tex:20646 mv:485 misc:501 imb:5 pmb:44 smb:8111 d:- ref:0 ;
in:1172 out:1169 type:P dur:2 cpbdur:2 q:14.42 aq:6.07 tex:96729 mv:730 misc:1093 imb:32 pmb:176 smb:7952 d:- ref:0 ;
in:1170 out:1170 type:B dur:2 cpbdur:2 q:14.44 aq:6.94 tex:32739 mv:424 misc:501 imb:1 pmb:67 smb:8092 d:- ref:0 ;
in:1169 out:1171 type:b dur:2 cpbdur:2 q:14.44 aq:7.34 tex:35595 mv:1105 misc:476 imb:5 pmb:59 smb:8096 d:- ref:0 ;
in:1171 out:1172 type:b dur:2 cpbdur:2 q:14.43 aq:9.32 tex:17470 mv:501 misc:469 imb:0 pmb:63 smb:8097 d:- ref:0 ;
in:1176 out:1173 type:P dur:2 cpbdur:2 q:14.40 aq:5.95 tex:118810 mv:772 misc:1066 imb:15 pmb:239 smb:7906 d:- ref:0 ;
in:1174 out:1174 type:B dur:2 cpbdur:2 q:14.41 aq:6.66 tex:27307 mv:635 misc:546 imb:0 pmb:79 smb:8081 d:- ref:0 ;
in:1173 out:1175 type:b dur:2 cpbdur:2 q:14.42 aq:6.73 tex:17863 mv:388 misc:493 imb:0 pmb:62 smb:8098 d:- ref:0 ;
in:1175 out:1176 type:b dur:2 cpbdur:2 q:14.41 aq:7.01 tex:27888 mv:602 misc:494 imb:3 pmb:74 smb:8083 d:- ref:0 ;
in:1180 out:1177 type:P dur:2 cpbdur:2 q:14.38 aq:4.99 tex:100286 mv:627 misc:1207 imb:44 pmb:217 smb:7899 d:- ref:0 ;
in:1178 out:1178 type:B dur:2 cpbdur:2 q:14.39 aq:9.70 tex:36314 mv:835 misc:499 imb:6 pmb:57 smb:8097 d:- ref:0 ;
in:1177 out:1179 type:b dur:2 cpbdur:2 q:14.40 aq:10.17 tex:27518 mv:733 misc:461 imb:5 pmb:42 smb:8113 d:- ref:0 ;
in:1179 out:1180 type:b dur:2 cpbdur:2 q:14.39 aq:7.51 tex:23938 mv:511 misc:479 imb:2 pmb:58 smb:8100 d:- ref:0 ;
in:1184 out:1181 type:P dur:2 cpbdur:2 q:14.36 aq:6.13 tex:74806 mv:655 misc:1235 imb:6 pmb:215 smb:7939 d:- ref:0 ;
in:1182 out:1182 type:B dur:2 cpbdur:2 q:14.37 aq:7.92 tex:25150 mv:684 misc:518 imb:1 pmb:69 smb:8090 d:- ref:0 ;
in:1181 out:1183 type:b dur:2 cpbdur:2 q:14.38 aq:11.88 tex:15985 mv:423 misc:464 imb:0 pmb:58 smb:8102 d:- ref:0 ;
in:1183 out:1184 type:b dur:2 cpbdur:2 q:14.37 aq:11.12 tex:18781 mv:485 misc:470 imb:1 pmb:62 smb:8097 d:- ref:0 ;
in:1187 out:1185 type:P dur:2 cpbdur:2 q:14.34 aq:6.55 tex:109644 mv:733 misc:1127 imb:28 pmb:178 smb:7954 d:- ref:0 ;
in:1185 out:1186 type:B dur:2 cpbdur:2 q:14.36 aq:9.31 tex:22467 mv:504 misc:549 imb:8 pmb:53 smb:8099 d:- ref:0 ;
in:1186 out:1187 type:b dur:2 cpbdur:2 q:14.35 aq:1.74 tex:27645 mv:776 misc:451 imb:2 pmb:45 smb:8113 d:- ref:0 ;
in:1191 out:1188 type:P dur:2 cpbdur:2 q:14.33 aq:6.60 tex:87397 mv:856 misc:1019 imb:13 pmb:174 smb:7973 d:- ref:0 ;
in:1189 out:1189 type:B dur:2 cpbdur:2 q:14.34 aq:9.29 tex:35279 mv:556 misc:501 imb:0 pmb:63 smb:8097 d:- ref:0 ;
in:1188 out:1190 type:b dur:2 cpbdur:2 q:14.34 aq:12.38 tex:25145 mv:458 misc:485 imb:1 pmb:59 smb:8100 d:- ref:0 ;
in:1190 out:1191 type:b dur:2 cpbdur:2 q:14.33 aq:11.24 tex:17234 mv:410 misc:484 imb:0 pmb:59 smb:8101 d:- ref:0 ;
in:1195 out:1192 type:P dur:2 cpbdur:2 q:14.31 aq:6.71 tex:98747 mv:672 misc:1069 imb:16 pmb:164 smb:7980 d:- ref:0 ;
in:1193 out:1193 type:B dur:2 cpbdur:2 q:14.32 aq:8.91 tex:33629 mv:561 misc:522 imb:2 pmb:77 smb:8081 d:- ref:0 ;
in:1192 out:1194 type:b dur:2 cpbdur:2 q:14.32 aq:9.10 tex:19626 mv:398 misc:472 imb:0 pmb:67 smb:8093 d:- ref:0 ;
in:1194 out:1195 type:b dur:2 cpbdur:2 q:14.31 aq:8.55 tex:19966 mv:607 misc:523 imb:1 pmb:51 smb:8108 d:- ref:0 ;
in:1199 out:1196 type:P dur:2 cpbdur:2 q:14.29 aq:5.51 tex:98803 mv:646 misc:983 imb:35 pmb:162 smb:7963 d:- ref:0 ;
in:1197 out:1197 type:B dur:2 cpbdur:2 q:14.30 aq:8.57 tex:32638 mv:439 misc:515 imb:1 pmb:67 smb:8092 d:- ref:0 ;
in:1196 out:1198 type:b dur:2 cpbdur:2 q:14.30 aq:2.14 tex:37354 mv:1056 misc:462 imb:4 pmb:60 smb:8096 d:- ref:0 ;
in:1198 out:1199 type:b dur:2 cpbdur:2 q:14.29 aq:9.20 tex:16258 mv:460 misc:490 imb:0 pmb:63 smb:8097 d:- ref:0 ;
in:1203 out:1200 type:P dur:2 cpbdur:2 q:14.27 aq:5.61 tex:106336 mv:728 misc:1032 imb:10 pmb:230 smb:7920 d:- ref:0 ;
in:1201 out:1201 type:B dur:2 cpbdur:2 q:14.28 aq:8.45 tex:28351 mv:613 misc:580 imb:1 pmb:81 smb:8078 d:- ref:0 ;
in:1200 out:1202 type:b dur:2 cpbdur:2 q:14.28 aq:9.92 tex:18070 mv:459 misc:535 imb:0 pmb:69 smb:8091 d:- ref:0 ;
in:1202 out:1203 type:b dur:2 cpbdur:2 q:14.27 aq:9.86 tex:26863 mv:509 misc:468 imb:4 pmb:67 smb:8089 d:- ref:0 ;
in:1204 out:1204 type:P dur:2 cpbdur:2 q:14.25 aq:5.54 tex:53911 mv:496 misc:1425 imb:10 pmb:256 smb:7894 d:- ref:0 ;
in:1208 out:1205 type:P dur:2 cpbdur:2 q:14.24 aq:6.65 tex:93894 mv:727 misc:1099 imb:34 pmb:159 smb:7967 d:- ref:0 ;
in:1206 out:1206 type:B dur:2 cpbdur:2 q:14.24 aq:10.56 tex:32749 mv:418 misc:505 imb:3 pmb:65 smb:8092 d:- ref:0 ;
in:1205 out:1207 type:b dur:2 cpbdur:2 q:14.24 aq:6.86 tex:35924 mv:1108 misc:472 imb:4 pmb:61 smb:8095 d:- ref:0 ;
in:1207 out:1208 type:b dur:2 cpbdur:2 q:14.24 aq:6.62 tex:19241 mv:487 misc:464 imb:0 pmb:65 smb:8095 d:- ref:0 ;
in:1212 out:1209 type:P dur:2 cpbdur:2 q:14.22 aq:6.04 tex:91069 mv:682 misc:1137 imb:10 pmb:195 smb:7955 d:- ref:0 ;
in:1210 out:1210 type:B dur:2 cpbdur:2 q:14.23 aq:5.39 tex:28498 mv:620 misc:506 imb:3 pmb:75 smb:8082 d:- ref:0 ;
in:1209 out:1211 type:b dur:2 cpbdur:2 q:14.24 aq:10.40 tex:18518 mv:425 misc:489 imb:1 pmb:66 smb:8093 d:- ref:0 ;
in:1211 out:1212 type:b dur:2 cpbdur:2 q:14.23 aq:8.81 tex:28389 mv:594 misc:473 imb:5 pmb:72 smb:8083 d:- ref:0 ;
in:1216 out:1213 type:P dur:2 cpbdur:2 q:14.20 aq:5.96 tex:98020 mv:518 misc:1102 imb:39 pmb:170 smb:7951 d:- ref:0 ;
in:1214 out:1214 type:B dur:2 cpbdur:2 q:14.21 aq:5.44 tex:37520 mv:799 misc:497 imb:6 pmb:58 smb:8096 d:- ref:0 ;
in:1213 out:1215 type:b dur:2 cpbdur:2 q:14.22 aq:3.28 tex:28476 mv:797 misc:463 imb:4 pmb:45 smb:8111 d:- ref:0 ;
in:1215 out:1216 type:b dur:2 cpbdur:2 q:14.21 aq:9.57 tex:26372 mv:363 misc:465 imb:2 pmb:60 smb:8098 d:- ref:0 ;
in:1220 out:1217 type:P dur:2 cpbdur:2 q:14.18 aq:6.19 tex:79120 mv:696 misc:1168 imb:6 pmb:197 smb:7957 d:- ref:0 ;
in:1218 out:1218 type:B dur:2 cpbdur:2 q:14.19 aq:8.55 tex:27214 mv:595 misc:511 imb:1 pmb:70 smb:8089 d:- ref:0 ;
in:1217 out:1219 type:b dur:2 cpbdur:2 q:14.20 aq:9.50 tex:19257 mv:414 misc:457 imb:1 pmb:60 smb:8099 d:- ref:0 ;
in:1219 out:1220 type:b dur:2 cpbdur:2 q:14.19 aq:8.05 tex:21203 mv:459 misc:466 imb:0 pmb:67 smb:8093 d:- ref:0 ;
in:1223 out:1221 type:P dur:2 cpbdur:2 q:14.16 aq:6.09 tex:116557 mv:748 misc:1215 imb:23 pmb:200 smb:7937 d:- ref:0 ;
in:1221 out:1222 type:B dur:2 cpbdur:2 q:14.17 aq:9.70 tex:24574 mv:544 misc:570 imb:6 pmb:56 smb:8098 d:- ref:0 ;
in:1222 out:1223 type:b dur:2 cpbdur:2 q:14.17 aq:6.39 tex:28335 mv:713 misc:472 imb:4 pmb:42 smb:8114 d:- ref:0 ;
in:1227 out:1224 type:P dur:2 cpbdur:2 q:14.15 aq:4.52 tex:112591 mv:882 misc:1167 imb:10 pmb:264 smb:7886 d:- ref:0 ;
in:1225 out:1225 type:B dur:2 cpbdur:2 q:14.16 aq:9.74 tex:36620 mv:553 misc:547 imb:1 pmb:67 smb:8092 d:- ref:0 ;
in:1224 out:1226 type:b dur:2 cpbdur:2 q:14.16 aq:9.38 tex:28149 mv:305 misc:458 imb:1 pmb:59 smb:8100 d:- ref:0 ;
in:1226 out:1227 type:b dur:2 cpbdur:2 q:14.15 aq:8.98 tex:17972 mv:463 misc:461 imb:0 pmb:58 smb:8102 d:- ref:0 ;
in:1231 out:1228 type:P dur:2 cpbdur:2 q:14.13 aq:5.66 tex:114232 mv:732 misc:1308 imb:13 pmb:248 smb:7899 d:- ref:0 ;
in:1229 out:1229 type:B dur:2 cpbdur:2 q:14.14 aq:9.53 tex:34400 mv:673 misc:543 imb:4 pmb:85 smb:8071 d:- ref:0 ;
in:1228 out:1230 type:b dur:2 cpbdur:2 q:14.14 aq:10.50 tex:21551 mv:489 misc:488 imb:0 pmb:70 smb:8090 d:- ref:0 ;
in:1230 out:1231 type:b dur:2 cpbdur:2 q:14.13 aq:10.40 tex:18478 mv:570 misc:512 imb:3 pmb:51 smb:8106 d:- ref:0 ;
in:1235 out:1232 type:P dur:2 cpbdur:2 q:14.11 aq:5.64 tex:112086 mv:801 misc:1249 imb:39 pmb:228 smb:7893 d:- ref:0 ;
in:1233 out:1233 type:B dur:2 cpbdur:2 q:14.12 aq:8.41 tex:31593 mv:503 misc:576 imb:2 pmb:81 smb:8077 d:- ref:0 ;
in:1232 out:1234 type:b dur:2 cpbdur:2 q:14.12 aq:9.23 tex:34967 mv:1082 misc:479 imb:3 pmb:61 smb:8096 d:- ref:0 ;
in:1234 out:1235 type:b dur:2 cpbdur:2 q:14.11 aq:10.77 tex:23171 mv:717 misc:472 imb:1 pmb:74 smb:8085 d:- ref:0 ;
in:1239 out:1236 type:P dur:2 cpbdur:2 q:14.09 aq:5.65 tex:143748 mv:1065 misc:1267 imb:41 pmb:247 smb:7872 d:- ref:0 ;
in:1237 out:1237 type:B dur:2 cpbdur:2 q:14.10 aq:9.00 tex:56202 mv:1284 misc:578 imb:11 pmb:99 smb:8050 d:- ref:0 ;
in:1236 out:1238 type:b dur:2 cpbdur:2 q:14.10 aq:12.25 tex:35857 mv:901 misc:482 imb:4 pmb:84 smb:8072 d:- ref:0 ;
in:1238 out:1239 type:b dur:2 cpbdur:2 q:14.09 aq:11.07 tex:52166 mv:1418 misc:480 imb:3 pmb:103 smb:8054 d:- ref:0 ;
in:1243 out:1240 type:P dur:2 cpbdur:2 q:14.07 aq:5.73 tex:108801 mv:846 misc:1273 imb:14 pmb:265 smb:7881 d:- ref:0 ;
in:1241 out:1241 type:B dur:2 cpbdur:2 q:14.08 aq:9.89 tex:40126 mv:721 misc:537 imb:4 pmb:81 smb:8075 d:- ref:0 ;
in:1240 out:1242 type:b dur:2 cpbdur:2 q:14.08 aq:8.62 tex:21433 mv:443 misc:468 imb:0 pmb:68 smb:8092 d:- ref:0 ;
in:1242 out:1243 type:b dur:2 cpbdur:2 q:14.08 aq:10.02 tex:37129 mv:831 misc:480 imb:4 pmb:79 smb:8077 d:- ref:0 ;
in:1244 out:1244 type:P dur:2 cpbdur:2 q:14.05 aq:5.38 tex:123693 mv:970 misc:1489 imb:14 pmb:309 smb:7837 d:- ref:0 ;
in:1248 out:1245 type:P dur:2 cpbdur:2 q:14.05 aq:5.79 tex:163286 mv:1144 misc:1258 imb:15 pmb:311 smb:7834 d:- ref:0 ;
in:1246 out:1246 type:B dur:2 cpbdur:2 q:14.05 aq:9.40 tex:41085 mv:699 misc:568 imb:1 pmb:91 smb:8068 d:- ref:0 ;
in:1245 out:1247 type:b dur:2 cpbdur:2 q:14.05 aq:10.04 tex:27051 mv:409 misc:500 imb:1 pmb:80 smb:8079 d:- ref:0 ;
in:1247 out:1248 type:b dur:2 cpbdur:2 q:14.05 aq:8.88 tex:29530 mv:621 misc:473 imb:2 pmb:73 smb:8085 d:- ref:0 ;
in:1249 out:1249 type:P dur:2 cpbdur:2 q:14.03 aq:8.16 tex:54109 mv:570 misc:513 imb:12 pmb:69 smb:8079 d:- ref:0 ;
in:1250 out:1250 type:I dur:2 cpbdur:2 q:11.22 aq:0.63 tex:1350425 mv:43115 misc:508 imb:8160 pmb:0 smb:0 d:- ref:;
in:1254 out:1251 type:P dur:2 cpbdur:2 q:14.02 aq:3.41 tex:134079 mv:1007 misc:770 imb:25 pmb:126 smb:8009 d:- ref:0 ;
in:1252 out:1252 type:B dur:2 cpbdur:2 q:14.02 aq:7.30 tex:41163 mv:721 misc:524 imb:1 pmb:91 smb:8068 d:- ref:0 ;
in:1251 out:1253 type:b dur:2 cpbdur:2 q:14.02 aq:9.89 tex:27431 mv:485 misc:524 imb:0 pmb:85 smb:8075 d:- ref:0 ;
in:1253 out:1254 type:b dur:2 cpbdur:2 q:14.02 aq:9.40 tex:28088 mv:618 misc:494 imb:1 pmb:77 smb:8082 d:- ref:0 ;
in:1258 out:1255 type:P dur:2 cpbdur:2 q:14.01 aq:7.16 tex:136523 mv:870 misc:647 imb:47 pmb:100 smb:8013 d:- ref:0 ;
in:1256 out:1256 type:B dur:2 cpbdur:2 q:14.01 aq:5.75 tex:59669 mv:1217 misc:498 imb:5 pmb:111 smb:8044 d:- ref:0 ;
in:1255 out:1257 type:b dur:2 cpbdur:2 q:14.02 aq:6.68 tex:46071 mv:1064 misc:465 imb:6 pmb:84 smb:8070 d:- ref:0 ;
in:1257 out:1258 type:b dur:2 cpbdur:2 q:14.01 aq:8.54 tex:27026 mv:414 misc:520 imb:1 pmb:87 smb:8072 d:- ref:0 ;
in:1262 out:1259 type:P dur:2 cpbdur:2 q:13.99 aq:7.71 tex:117531 mv:910 misc:631 imb:23 pmb:121 smb:8016 d:- ref:0 ;
in:1260 out:1260 type:B dur:2 cpbdur:2 q:14.00 aq:7.66 tex:49566 mv:871 misc:523 imb:8 pmb:84 smb:8068 d:- ref:0 ;
in:1259 out:1261 type:b dur:2 cpbdur:2 q:14.00 aq:8.47 tex:28608 mv:563 misc:477 imb:3 pmb:75 smb:8082 d:- ref:0 ;
in:1261 out:1262 type:b dur:2 cpbdur:2 q:13.99 aq:7.99 tex:46472 mv:1148 misc:484 imb:5 pmb:93 smb:8062 d:- ref:0 ;
in:1266 out:1263 type:P dur:2 cpbdur:2 q:13.97 aq:5.22 tex:134651 mv:1026 misc:627 imb:15 pmb:121 smb:8024 d:- ref:0 ;
in:1264 out:1264 type:B dur:2 cpbdur:2 q:13.98 aq:6.89 tex:38428 mv:566 misc:582 imb:3 pmb:84 smb:8073 d:- ref:0 ;
in:1263 out:1265 type:b dur:2 cpbdur:2 q:13.99 aq:8.55 tex:28313 mv:422 misc:529 imb:2 pmb:77 smb:8081 d:- ref:0 ;
in:1265 out:1266 type:b dur:2 cpbdur:2 q:13.98 aq:8.98 tex:21785 mv:478 misc:489 imb:0 pmb:67 smb:8093 d:- ref:0 ;
in:1270 out:1267 type:P dur:2 cpbdur:2 q:14.00 aq:4.03 tex:159581 mv:987 misc:752 imb:40 pmb:136 smb:7984 d:- ref:0 ;
in:1268 out:1268 type:B dur:2 cpbdur:2 q:13.99 aq:8.94 tex:57048 mv:1125 misc:563 imb:11 pmb:99 smb:8050 d:- ref:0 ;
in:1267 out:1269 type:b dur:2 cpbdur:2 q:13.98 aq:9.86 tex:36903 mv:875 misc:502 imb:6 pmb:81 smb:8073 d:- ref:0 ;
in:1269 out:1270 type:b dur:2 cpbdur:2 q:14.00 aq:1.79 tex:37847 mv:1182 misc:539 imb:5 pmb:81 smb:8074 d:- ref:0 ;
in:1274 out:1271 type:P dur:2 cpbdur:2 q:13.99 aq:4.10 tex:116237 mv:790 misc:709 imb:15 pmb:177 smb:7968 d:- ref:0 ;
in:1272 out:1272 type:B dur:2 cpbdur:2 q:14.00 aq:6.28 tex:40342 mv:750 misc:588 imb:3 pmb:90 smb:8067 d:- ref:0 ;
in:1271 out:1273 type:b dur:2 cpbdur:2 q:14.00 aq:5.20 tex:21305 mv:382 misc:481 imb:0 pmb:70 smb:8090 d:- ref:0 ;
in:1273 out:1274 type:b dur:2 cpbdur:2 q:13.99 aq:9.41 tex:38535 mv:871 misc:482 imb:5 pmb:84 smb:8071 d:- ref:0 ;
in:1278 out:1275 type:P dur:2 cpbdur:2 q:13.97 aq:4.02 tex:192648 mv:1187 misc:813 imb:59 pmb:156 smb:7945 d:- ref:0 ;
in:1276 out:1276 type:B dur:2 cpbdur:2 q:13.98 aq:7.36 tex:56804 mv:957 misc:607 imb:12 pmb:103 smb:8045 d:- ref:0 ;
in:1275 out:1277 type:b dur:2 cpbdur:2 q:13.99 aq:3.87 tex:63249 mv:1453 misc:490 imb:6 pmb:115 smb:8039 d:- ref:0 ;
in:1277 out:1278 type:b dur:2 cpbdur:2 q:13.98 aq:8.18 tex:50468 mv:1067 misc:481 imb:6 pmb:97 smb:8057 d:- ref:0 ;
in:1282 out:1279 type:P dur:2 cpbdur:2 q:13.96 aq:3.12 tex:220118 mv:1509 misc:757 imb:62 pmb:178 smb:7920 d:- ref:0 ;
in:1280 out:1280 type:B dur:2 cpbdur:2 q:13.97 aq:3.42 tex:97811 mv:1799 misc:582 imb:16 pmb:142 smb:8002 d:- ref:0 ;
in:1279 out:1281 type:b dur:2 cpbdur:2 q:13.97 aq:7.53 tex:62803 mv:1228 misc:497 imb:5 pmb:125 smb:8030 d:- ref:0 ;
in:1281 out:1282 type:b dur:2 cpbdur:2 q:13.96 aq:3.75 tex:79489 mv:1912 misc:527 imb:11 pmb:156 smb:7993 d:- ref:0 ;
in:1286 out:1283 type:P dur:2 cpbdur:2 q:13.94 aq:3.54 tex:224222 mv:1528 misc:730 imb:59 pmb:208 smb:7893 d:- ref:0 ;
in:1284 out:1284 type:B dur:2 cpbdur:2 q:13.95 aq:6.99 tex:97198 mv:1753 misc:553 imb:12 pmb:163 smb:7985 d:- ref:0 ;
in:1283 out:1285 type:b dur:2 cpbdur:2 q:13.95 aq:5.80 tex:65683 mv:1483 misc:522 imb:5 pmb:145 smb:8010 d:- ref:0 ;
in:1285 out:1286 type:b dur:2 cpbdur:2 q:13.95 aq:6.53 tex:65854 mv:1591 misc:555 imb:11 pmb:149 smb:8000 d:- ref:0 ;
in:1290 out:1287 type:P dur:2 cpbdur:2 q:13.93 aq:2.53 tex:195813 mv:1450 misc:785 imb:44 pmb:199 smb:7917 d:- ref:0 ;
in:1288 out:1288 type:B dur:2 cpbdur:2 q:13.93 aq:5.49 tex:51532 mv:966 misc:558 imb:4 pmb:115 smb:8041 d:- ref:0 ;
in:1287 out:1289 type:b dur:2 cpbdur:2 q:13.94 aq:6.76 tex:69235 mv:1620 misc:521 imb:10 pmb:140 smb:8010 d:- ref:0 ;
in:1289 out:1290 type:b dur:2 cpbdur:2 q:13.93 aq:7.65 tex:30610 mv:760 misc:486 imb:1 pmb:95 smb:8064 d:- ref:0 ;
in:1294 out:1291 type:P dur:2 cpbdur:2 q:13.91 aq:2.04 tex:117041 mv:850 misc:749 imb:4 pmb:177 smb:7979 d:- ref:0 ;
in:1292 out:1292 type:B dur:2 cpbdur:2 q:13.92 aq:6.03 tex:26975 mv:758 misc:555 imb:1 pmb:74 smb:8085 d:- ref:0 ;
in:1291 out:1293 type:b dur:2 cpbdur:2 q:13.92 aq:6.84 tex:19323 mv:569 misc:532 imb:0 pmb:76 smb:8084 d:- ref:0 ;
in:1293 out:1294 type:b dur:2 cpbdur:2 q:13.92 aq:6.87 tex:19135 mv:494 misc:467 imb:2 pmb:55 smb:8103 d:- ref:0 ;
in:1298 out:1295 type:P dur:2 cpbdur:2 q:13.91 aq:3.36 tex:16339 mv:162 misc:971 imb:4 pmb:173 smb:7983 d:- ref:0 ;
in:1296 out:1296 type:B dur:2 cpbdur:2 q:13.91 aq:1.59 tex:107 mv:20 misc:465 imb:0 pmb:4 smb:8156 d:- ref:0 ;
in:1295 out:1297 type:b dur:2 cpbdur:2 q:13.91 aq:0.00 tex:0 mv:0 misc:408 imb:0 pmb:0 smb:8160 d:- ref:0 ;
in:1297 out:1298 type:b dur:2 cpbdur:2 q:13.91 aq:0.00 tex:0 mv:0 misc:408 imb:0 pmb:0 smb:8160 d:- ref:0 ;
in:1302 out:1299 type:P dur:2 cpbdur:2 q:13.90 aq:2.88 tex:8356 mv:93 misc:751 imb:0 pmb:87 smb:8073 d:- ref:0 ;
in:1300 out:1300 type:B dur:2 cpbdur:2 q:13.90 aq:0.00 tex:13 mv:17 misc:442 imb:0 pmb:2 smb:8158 d:- ref:0 ;
in:1299 out:1301 type:b dur:2 cpbdur:2 q:13.91 aq:0.00 tex:0 mv:0 misc:408 imb:0 pmb:0 smb:8160 d:- ref:0 ;
in:1301 out:1302 type:b dur:2 cpbdur:2 q:13.90 aq:0.00 tex:0 mv:0 misc:408 imb:0 pmb:0 smb:8160 d:- ref:0 ;
in:1306 out:1303 type:P dur:2 cpbdur:2 q:13.89 aq:4.89 tex:950 mv:68 misc:582 imb:0 pmb:21 smb:8139 d:- ref:0 ;
in:1304 out:1304 type:B dur:2 cpbdur:2 q:13.90 aq:0.00 tex:0 mv:0 misc:424 imb:0 pmb:0 smb:8160 d:- ref:0 ;
in:1303 out:1305 type:b dur:2 cpbdur:2 q:13.90 aq:0.00 tex:0 mv:0 misc:408 imb:0 pmb:0 smb:8160 d:- ref:0 ;
in:1305 out:1306 type:b dur:2 cpbdur:2 q:13.90 aq:0.00 tex:0 mv:0 misc:408 imb:0 pmb:0 smb:8160 d:- ref:0 ;
in:1310 out:1307 type:P dur:2 cpbdur:2 q:13.88 aq:6.57 tex:253 mv:49 misc:538 imb:0 pmb:12 smb:8148 d:- ref:0 ;
in:1308 out:1308 type:B dur:2 cpbdur:2 q:13.89 aq:0.00 tex:0 mv:0 misc:424 imb:0 pmb:0 smb:8160 d:- ref:0 ;
in:1307 out:1309 type:b dur:2 cpbdur:2 q:13.89 aq:0.00 tex:0 mv:0 misc:408 imb:0 pmb:0 smb:8160 d:- ref:0 ;
in:1309 out:1310 type:b dur:2 cpbdur:2 q:13.88 aq:0.00 tex:0 mv:0 misc:408 imb:0 pmb:0 smb:8160 d:- ref:0 ;
in:1314 out:1311 type:P dur:2 cpbdur:2 q:13.85 aq:6.75 tex:136 mv:28 misc:492 imb:0 pmb:5 smb:8155 d:- ref:0 ;
in:1312 out:1312 type:B dur:2 cpbdur:2 q:13.87 aq:0.00 tex:0 mv:0 misc:424 imb:0 pmb:0 smb:8160 d:- ref:0 ;
in:1311 out:1313 type:b dur:2 cpbdur:2 q:13.87 aq:0.00 tex:0 mv:0 misc:408 imb:0 pmb:0 smb:8160 d:- ref:0 ;
in:1313 out:1314 type:b dur:2 cpbdur:2 q:13.86 aq:0.00 tex:0 mv:0 misc:408 imb:0 pmb:0 smb:8160 d:- ref:0 ;
in:1318 out:1315 type:P dur:2 cpbdur:2 q:13.83 aq:0.00 tex:0 mv:0 misc:440 imb:0 pmb:0 smb:8160 d:- ref:0 ;
in:1316 out:1316 type:B dur:2 cpbdur:2 q:13.84 aq:0.00 tex:0 mv:0 misc:424 imb:0 pmb:0 smb:8160 d:- ref:0 ;
in:1315 out:1317 type:b dur:2 cpbdur:2 q:13.85 aq:0.00 tex:0 mv:0 misc:408 imb:0 pmb:0 smb:8160 d:- ref:0 ;
in:1317 out:1318 type:b dur:2 cpbdur:2 q:13.83 aq:0.00 tex:0 mv:0 misc:408 imb:0 pmb:0 smb:8160 d:- ref:0 ;
in:1322 out:1319 type:P dur:2 cpbdur:2 q:13.80 aq:7.56 tex:709779 mv:9767 misc:1398 imb:292 pmb:1280 smb:6588 d:- ref:0 ;
in:1320 out:1320 type:B dur:2 cpbdur:2 q:13.81 aq:0.00 tex:70 mv:138 misc:976 imb:0 pmb:164 smb:7996 d:- ref:0 ;
in:1319 out:1321 type:b dur:2 cpbdur:2 q:13.82 aq:0.00 tex:0 mv:0 misc:408 imb:0 pmb:0 smb:8160 d:- ref:0 ;
in:1321 out:1322 type:b dur:2 cpbdur:2 q:13.81 aq:12.38 tex:380371 mv:11778 misc:1539 imb:14 pmb:1290 smb:6856 d:- ref:0 ;
in:1326 out:1323 type:P dur:2 cpbdur:2 q:13.77 aq:6.79 tex:616695 mv:13225 misc:1480 imb:636 pmb:1339 smb:6185 d:- ref:0 ;
in:1324 out:1324 type:B dur:2 cpbdur:2 q:13.79 aq:11.19 tex:531783 mv:16067 misc:1550 imb:38 pmb:1394 smb:6728 d:- ref:0 ;
in:1323 out:1325 type:b dur:2 cpbdur:2 q:13.79 aq:12.63 tex:414753 mv:12290 misc:1573 imb:27 pmb:1344 smb:6789 d:- ref:0 ;
in:1325 out:1326 type:b dur:2 cpbdur:2 q:13.78 aq:11.41 tex:433178 mv:12911 misc:1575 imb:31 pmb:1396 smb:6733 d:- ref:0 ;
in:1327 out:1327 type:P dur:2 cpbdur:2 q:13.75 aq:3.22 tex:845236 mv:15519 misc:1269 imb:1300 pmb:581 smb:6279 d:- ref:0 ;
in:1328 out:1328 type:P dur:2 cpbdur:2 q:13.74 aq:2.92 tex:633499 mv:11218 misc:1003 imb:1030 pmb:386 smb:6744 d:- ref:0 ;
in:1329 out:1329 type:P dur:2 cpbdur:2 q:13.74 aq:3.26 tex:530096 mv:8612 misc:900 imb:772 pmb:245 smb:7143 d:- ref:0 ;
in:1330 out:1330 type:I dur:2 cpbdur:2 q:10.94 aq:1.28 tex:552258 mv:33373 misc:497 imb:8160 pmb:0 smb:0 d:- ref:;
in:1331 out:1331 type:P dur:2 cpbdur:2 q:13.72 aq:6.38 tex:611787 mv:15152 misc:957 imb:1119 pmb:550 smb:6491 d:- ref:0 ;
in:1335 out:1332 type:P dur:2 cpbdur:2 q:13.72 aq:5.90 tex:680778 mv:19952 misc:1062 imb:1479 pmb:834 smb:5847 d:- ref:0 ;
in:1333 out:1333 type:B dur:2 cpbdur:2 q:13.72 aq:11.06 tex:234986 mv:20312 misc:2086 imb:416 pmb:1435 smb:6309 d:- ref:0 ;
in:1332 out:1334 type:b dur:2 cpbdur:2 q:13.72 aq:12.06 tex:172582 mv:18496 misc:2202 imb:410 pmb:1428 smb:6322 d:- ref:0 ;
in:1334 out:1335 type:b dur:2 cpbdur:2 q:13.72 aq:11.66 tex:128904 mv:18728 misc:2328 imb:342 pmb:1319 smb:6499 d:- ref:0 ;
in:1339 out:1336 type:P dur:2 cpbdur:2 q:13.72 aq:3.62 tex:327889 mv:15826 misc:1293 imb:976 pmb:1158 smb:6026 d:- ref:0 ;
in:1337 out:1337 type:B dur:2 cpbdur:2 q:13.72 aq:12.24 tex:156948 mv:19702 misc:2206 imb:344 pmb:1327 smb:6489 d:- ref:0 ;
in:1336 out:1338 type:b dur:2 cpbdur:2 q:13.72 aq:13.53 tex:124810 mv:17482 misc:2340 imb:326 pmb:1248 smb:6586 d:- ref:0 ;
in:1338 out:1339 type:b dur:2 cpbdur:2 q:13.72 aq:3.08 tex:141 mv:131 misc:896 imb:0 pmb:150 smb:8010 d:- ref:0 ;
in:1343 out:1340 type:P dur:2 cpbdur:2 q:13.78 aq:10.84 tex:1986 mv:265 misc:805 imb:18 pmb:37 smb:8105 d:- ref:0 ;
in:1341 out:1341 type:B dur:2 cpbdur:2 q:13.75 aq:14.26 tex:273 mv:51 misc:556 imb:0 pmb:19 smb:8141 d:- ref:0 ;
in:1340 out:1342 type:b dur:2 cpbdur:2 q:13.74 aq:6.30 tex:58 mv:21 misc:449 imb:0 pmb:4 smb:8156 d:- ref:0 ;
in:1342 out:1343 type:b dur:2 cpbdur:2 q:13.77 aq:17.48 tex:93 mv:29 misc:470 imb:0 pmb:8 smb:8152 d:- ref:0 ;
in:1345 out:1344 type:P dur:2 cpbdur:2 q:13.87 aq:9.97 tex:529579 mv:21462 misc:1039 imb:1610 pmb:957 smb:5593 d:- ref:0 w:7,125,3,5,32,0,31,2 ;
in:1344 out:1345 type:b dur:2 cpbdur:2 q:13.83 aq:6.59 tex:859 mv:184 misc:837 imb:0 pmb:97 smb:8063 d:- ref:0 ;
in:1346 out:1346 type:P dur:2 cpbdur:2 q:13.90 aq:9.62 tex:520138 mv:24502 misc:1032 imb:1874 pmb:1095 smb:5191 d:- ref:0 w:7,125,3,5,31,5,31,2 ;
in:1347 out:1347 type:P dur:2 cpbdur:2 q:13.92 aq:7.69 tex:496342 mv:28309 misc:1069 imb:2239 pmb:1262 smb:4659 d:- ref:0 w:7,121,7,7,118,12,121,4 ;
in:1348 out:1348 type:P dur:2 cpbdur:2 q:13.93 aq:7.53 tex:542413 mv:31155 misc:1032 imb:2481 pmb:1340 smb:4339 d:- ref:0 w:7,121,7,7,123,6,120,4 ;
in:1349 out:1349 type:P dur:2 cpbdur:2 q:13.93 aq:5.20 tex:619942 mv:37393 misc:873 imb:4164 pmb:1458 smb:2538 d:- ref:0 w:4,15,8,6,64,0,61,3 ;
in:1350 out:1350 type:P dur:2 cpbdur:2 q:13.93 aq:4.51 tex:819275 mv:41302 misc:791 imb:4582 pmb:1383 smb:2195 d:- ref:0 ;
in:1353 out:1351 type:P dur:2 cpbdur:2 q:13.94 aq:5.10 tex:939183 mv:36874 misc:871 imb:5109 pmb:732 smb:2319 d:- ref:0 ;
in:1351 out:1352 type:B dur:2 cpbdur:2 q:13.93 aq:8.98 tex:361023 mv:41989 misc:1804 imb:1554 pmb:2444 smb:4162 d:- ref:0 ;
in:1352 out:1353 type:b dur:2 cpbdur:2 q:13.93 aq:9.44 tex:270299 mv:37632 misc:1381 imb:1332 pmb:3130 smb:3698 d:- ref:0 ;
in:1354 out:1354 type:P dur:2 cpbdur:2 q:13.93 aq:1.40 tex:680227 mv:22615 misc:910 imb:3967 pmb:617 smb:3576 d:- ref:0 ;
in:1356 out:1355 type:P dur:2 cpbdur:2 q:13.93 aq:1.70 tex:709081 mv:18377 misc:1030 imb:2556 pmb:847 smb:4757 d:- ref:0 w:6,83,-39,4,19,-29,19,-13 ;
in:1355 out:1356 type:b dur:2 cpbdur:2 q:13.93 aq:8.90 tex:134333 mv:20986 misc:1985 imb:834 pmb:1607 smb:5719 d:- ref:0 ;
in:1360 out:1357 type:P dur:2 cpbdur:2 q:13.91 aq:4.72 tex:103052 mv:3311 misc:2597 imb:233 pmb:803 smb:7124 d:- ref:0 ;
in:1358 out:1358 type:B dur:2 cpbdur:2 q:13.92 aq:9.80 tex:11161 mv:2929 misc:910 imb:7 pmb:220 smb:7933 d:- ref:0 ;
in:1357 out:1359 type:b dur:2 cpbdur:2 q:13.92 aq:13.99 tex:8255 mv:2374 misc:811 imb:7 pmb:197 smb:7956 d:- ref:0 ;
in:1359 out:1360 type:b dur:2 cpbdur:2 q:13.92 aq:12.61 tex:9543 mv:2126 misc:811 imb:14 pmb:179 smb:7967 d:- ref:0 ;
in:1364 out:1361 type:P dur:2 cpbdur:2 q:13.93 aq:5.01 tex:92188 mv:2502 misc:2046 imb:67 pmb:467 smb:7626 d:- ref:0 ;
in:1362 out:1362 type:B dur:2 cpbdur:2 q:13.92 aq:8.93 tex:355 mv:176 misc:877 imb:0 pmb:134 smb:8026 d:- ref:0 ;
in:1361 out:1363 type:b dur:2 cpbdur:2 q:13.92 aq:12.19 tex:7610 mv:2223 misc:719 imb:0 pmb:186 smb:7974 d:- ref:0 ;
in:1363 out:1364 type:b dur:2 cpbdur:2 q:13.93 aq:10.75 tex:4354 mv:214 misc:464 imb:1 pmb:22 smb:8137 d:- ref:0 ;
in:1365 out:1365 type:P dur:2 cpbdur:2 q:14.02 aq:4.94 tex:47710 mv:739 misc:1839 imb:28 pmb:320 smb:7812 d:- ref:0 ;
in:1366 out:1366 type:P dur:2 cpbdur:2 q:14.06 aq:4.94 tex:51264 mv:1056 misc:1656 imb:23 pmb:270 smb:7867 d:- ref:0 ;
in:1367 out:1367 type:P dur:2 cpbdur:2 q:14.07 aq:5.15 tex:61640 mv:1378 misc:1534 imb:27 pmb:254 smb:7879 d:- ref:0 ;
in:1371 out:1368 type:P dur:2 cpbdur:2 q:14.07 aq:4.23 tex:137102 mv:2280 misc:2698 imb:48 pmb:901 smb:7211 d:- ref:0 ;
in:1369 out:1369 type:B dur:2 cpbdur:2 q:14.07 aq:9.81 tex:15160 mv:1518 misc:818 imb:4 pmb:147 smb:8009 d:- ref:0 ;
in:1368 out:1370 type:b dur:2 cpbdur:2 q:14.07 aq:13.35 tex:10514 mv:1347 misc:651 imb:4 pmb:117 smb:8039 d:- ref:0 ;
in:1370 out:1371 type:b dur:2 cpbdur:2 q:14.07 aq:14.06 tex:5835 mv:859 misc:618 imb:1 pmb:93 smb:8066 d:- ref:0 ;
in:1375 out:1372 type:P dur:2 cpbdur:2 q:14.12 aq:5.15 tex:62261 mv:1339 misc:1912 imb:31 pmb:392 smb:7737 d:- ref:0 ;
in:1373 out:1373 type:B dur:2 cpbdur:2 q:14.10 aq:11.24 tex:8406 mv:1123 misc:607 imb:2 pmb:113 smb:8045 d:- ref:0 ;
in:1372 out:1374 type:b dur:2 cpbdur:2 q:14.09 aq:13.53 tex:5955 mv:839 misc:582 imb:3 pmb:86 smb:8071 d:- ref:0 ;
in:1374 out:1375 type:b dur:2 cpbdur:2 q:14.11 aq:7.17 tex:87 mv:116 misc:541 imb:0 pmb:43 smb:8117 d:- ref:0 ;
in:1377 out:1376 type:P dur:2 cpbdur:2 q:14.10 aq:4.84 tex:46809 mv:589 misc:1954 imb:42 pmb:334 smb:7784 d:- ref:0 ;
in:1376 out:1377 type:b dur:2 cpbdur:2 q:14.11 aq:11.22 tex:9461 mv:467 misc:520 imb:1 pmb:44 smb:8115 d:- ref:0 ;
in:1381 out:1378 type:P dur:2 cpbdur:2 q:14.09 aq:4.86 tex:112657 mv:1888 misc:1871 imb:112 pmb:334 smb:7714 d:- ref:0 ;
in:1379 out:1379 type:B dur:2 cpbdur:2 q:14.09 aq:9.00 tex:22318 mv:1658 misc:568 imb:7 pmb:132 smb:8021 d:- ref:0 ;
in:1378 out:1380 type:b dur:2 cpbdur:2 q:14.10 aq:6.34 tex:17229 mv:1418 misc:537 imb:5 pmb:98 smb:8057 d:- ref:0 ;
in:1380 out:1381 type:b dur:2 cpbdur:2 q:14.09 aq:6.62 tex:10303 mv:908 misc:669 imb:9 pmb:120 smb:8031 d:- ref:0 ;
in:1385 out:1382 type:P dur:2 cpbdur:2 q:14.07 aq:5.01 tex:56393 mv:1540 misc:1619 imb:27 pmb:316 smb:7817 d:- ref:0 ;
in:1383 out:1383 type:B dur:2 cpbdur:2 q:14.08 aq:8.98 tex:9540 mv:1387 misc:625 imb:3 pmb:125 smb:8032 d:- ref:0 ;
in:1382 out:1384 type:b dur:2 cpbdur:2 q:14.08 aq:6.76 tex:6017 mv:906 misc:621 imb:3 pmb:96 smb:8061 d:- ref:0 ;
in:1384 out:1385 type:b dur:2 cpbdur:2 q:14.08 aq:6.58 tex:5949 mv:960 misc:627 imb:3 pmb:95 smb:8062 d:- ref:0 ;
in:1389 out:1386 type:P dur:2 cpbdur:2 q:14.05 aq:4.92 tex:71650 mv:1281 misc:1397 imb:50 pmb:271 smb:7839 d:- ref:0 ;
in:1387 out:1387 type:B dur:2 cpbdur:2 q:14.06 aq:8.43 tex:4732 mv:348 misc:656 imb:1 pmb:73 smb:8086 d:- ref:0 ;
in:1386 out:1388 type:b dur:2 cpbdur:2 q:14.07 aq:7.57 tex:134 mv:129 misc:601 imb:0 pmb:52 smb:8108 d:- ref:0 ;
in:1388 out:1389 type:b dur:2 cpbdur:2 q:14.06 aq:5.91 tex:9165 mv:512 misc:483 imb:3 pmb:41 smb:8116 d:- ref:0 ;
in:1393 out:1390 type:P dur:2 cpbdur:2 q:14.03 aq:4.41 tex:138663 mv:1942 misc:1763 imb:122 pmb:427 smb:7611 d:- ref:0 ;
in:1391 out:1391 type:B dur:2 cpbdur:2 q:14.04 aq:7.43 tex:22054 mv:1715 misc:695 imb:15 pmb:134 smb:8011 d:- ref:0 ;
in:1390 out:1392 type:b dur:2 cpbdur:2 q:14.05 aq:7.24 tex:17732 mv:1477 misc:519 imb:10 pmb:94 smb:8056 d:- ref:0 ;
in:1392 out:1393 type:b dur:2 cpbdur:2 q:14.04 aq:6.35 tex:8238 mv:946 misc:720 imb:3 pmb:129 smb:8028 d:- ref:0 ;
in:1397 out:1394 type:P dur:2 cpbdur:2 q:14.01 aq:4.90 tex:52511 mv:1437 misc:1612 imb:26 pmb:339 smb:7795 d:- ref:0 ;
in:1395 out:1395 type:B dur:2 cpbdur:2 q:14.02 aq:9.91 tex:8340 mv:1230 misc:614 imb:5 pmb:108 smb:8047 d:- ref:0 ;
in:1394 out:1396 type:b dur:2 cpbdur:2 q:14.03 aq:6.94 tex:5221 mv:864 misc:619 imb:3 pmb:94 smb:8063 d:- ref:0 ;
in:1396 out:1397 type:b dur:2 cpbdur:2 q:14.02 aq:7.25 tex:6154 mv:977 misc:589 imb:5 pmb:98 smb:8057 d:- ref:0 ;
in:1401 out:1398 type:P dur:2 cpbdur:2 q:13.99 aq:4.96 tex:69134 mv:1385 misc:1577 imb:59 pmb:299 smb:7802 d:- ref:0 ;
in:1399 out:1399 type:B dur:2 cpbdur:2 q:14.00 aq:8.22 tex:5060 mv:326 misc:670 imb:3 pmb:73 smb:8084 d:- ref:0 ;
in:1398 out:1400 type:b dur:2 cpbdur:2 q:14.01 aq:7.17 tex:85 mv:132 misc:599 imb:0 pmb:50 smb:8110 d:- ref:0 ;
in:1400 out:1401 type:b dur:2 cpbdur:2 q:14.00 aq:6.96 tex:9149 mv:592 misc:499 imb:1 pmb:40 smb:8119 d:- ref:0 ;
in:1405 out:1402 type:P dur:2 cpbdur:2 q:13.97 aq:4.96 tex:105669 mv:1765 misc:1662 imb:128 pmb:282 smb:7750 d:- ref:0 ;
in:1403 out:1403 type:B dur:2 cpbdur:2 q:13.98 aq:9.80 tex:21508 mv:1606 misc:646 imb:10 pmb:131 smb:8019 d:- ref:0 ;
in:1402 out:1404 type:b dur:2 cpbdur:2 q:13.99 aq:5.14 tex:18167 mv:1387 misc:534 imb:7 pmb:94 smb:8059 d:- ref:0 ;
in:1404 out:1405 type:b dur:2 cpbdur:2 q:13.98 aq:6.28 tex:8515 mv:1043 misc:626 imb:13 pmb:126 smb:8021 d:- ref:0 ;
in:1408 out:1406 type:P dur:2 cpbdur:2 q:13.96 aq:4.77 tex:106731 mv:3949 misc:1888 imb:248 pmb:380 smb:7532 d:- ref:0 ;
in:1406 out:1407 type:B dur:2 cpbdur:2 q:13.97 aq:8.11 tex:19081 mv:2353 misc:830 imb:16 pmb:187 smb:7957 d:- ref:0 ;
in:1407 out:1408 type:b dur:2 cpbdur:2 q:13.96 aq:4.23 tex:25254 mv:3084 misc:830 imb:26 pmb:212 smb:7922 d:- ref:0 ;
in:1412 out:1409 type:P dur:2 cpbdur:2 q:13.94 aq:4.23 tex:148184 mv:5018 misc:1902 imb:288 pmb:408 smb:7464 d:- ref:0 ;
in:1410 out:1410 type:B dur:2 cpbdur:2 q:13.95 aq:9.60 tex:11743 mv:1783 misc:1034 imb:17 pmb:238 smb:7905 d:- ref:0 ;
in:1409 out:1411 type:b dur:2 cpbdur:2 q:13.95 aq:5.67 tex:28783 mv:4249 misc:1096 imb:25 pmb:333 smb:7802 d:- ref:0 ;
in:1411 out:1412 type:b dur:2 cpbdur:2 q:13.94 aq:5.09 tex:5448 mv:1903 misc:825 imb:4 pmb:155 smb:8001 d:- ref:0 ;
in:1416 out:1413 type:P dur:2 cpbdur:2 q:13.92 aq:4.18 tex:111027 mv:2861 misc:1880 imb:118 pmb:523 smb:7519 d:- ref:0 ;
in:1414 out:1414 type:B dur:2 cpbdur:2 q:13.93 aq:8.55 tex:7917 mv:2341 misc:982 imb:4 pmb:196 smb:7960 d:- ref:0 ;
in:1413 out:1415 type:b dur:2 cpbdur:2 q:13.94 aq:5.98 tex:5309 mv:1921 misc:842 imb:6 pmb:165 smb:7989 d:- ref:0 ;
in:1415 out:1416 type:b dur:2 cpbdur:2 q:13.93 aq:4.03 tex:6093 mv:1905 misc:850 imb:10 pmb:172 smb:7978 d:- ref:0 ;
in:1419 out:1417 type:P dur:2 cpbdur:2 q:13.90 aq:4.61 tex:37588 mv:365 misc:2047 imb:18 pmb:419 smb:7723 d:- ref:0 ;
in:1417 out:1418 type:B dur:2 cpbdur:2 q:13.91 aq:8.33 tex:2823 mv:103 misc:498 imb:3 pmb:14 smb:8143 d:- ref:0 ;
in:1418 out:1419 type:b dur:2 cpbdur:2 q:13.91 aq:7.61 tex:6013 mv:271 misc:452 imb:2 pmb:16 smb:8142 d:- ref:0 ;
in:1420 out:1420 type:P dur:2 cpbdur:2 q:13.88 aq:4.50 tex:49823 mv:534 misc:2323 imb:10 pmb:433 smb:7717 d:- ref:0 ;
in:1421 out:1421 type:P dur:2 cpbdur:2 q:13.88 aq:4.34 tex:39755 mv:782 misc:2055 imb:19 pmb:340 smb:7801 d:- ref:0 ;
in:1425 out:1422 type:P dur:2 cpbdur:2 q:13.88 aq:4.51 tex:37299 mv:775 misc:1678 imb:10 pmb:264 smb:7886 d:- ref:0 ;
in:1423 out:1423 type:B dur:2 cpbdur:2 q:13.88 aq:8.87 tex:8915 mv:477 misc:504 imb:0 pmb:49 smb:8111 d:- ref:0 ;
in:1422 out:1424 type:b dur:2 cpbdur:2 q:13.88 aq:3.52 tex:6025 mv:377 misc:454 imb:0 pmb:46 smb:8114 d:- ref:0 ;
in:1424 out:1425 type:b dur:2 cpbdur:2 q:13.88 aq:3.24 tex:3478 mv:352 misc:482 imb:1 pmb:39 smb:8120 d:- ref:0 ;
in:1429 out:1426 type:P dur:2 cpbdur:2 q:13.86 aq:4.59 tex:34935 mv:628 misc:1629 imb:13 pmb:244 smb:7903 d:- ref:0 ;
in:1427 out:1427 type:B dur:2 cpbdur:2 q:13.87 aq:8.35 tex:5445 mv:435 misc:528 imb:0 pmb:53 smb:8107 d:- ref:0 ;
in:1426 out:1428 type:b dur:2 cpbdur:2 q:13.87 aq:3.36 tex:3700 mv:313 misc:483 imb:0 pmb:38 smb:8122 d:- ref:0 ;
in:1428 out:1429 type:b dur:2 cpbdur:2 q:13.87 aq:0.00 tex:74 mv:89 misc:501 imb:0 pmb:24 smb:8136 d:- ref:0 ;
in:1433 out:1430 type:P dur:2 cpbdur:2 q:13.84 aq:4.55 tex:118705 mv:1215 misc:1728 imb:98 pmb:255 smb:7807 d:- ref:0 ;
in:1431 out:1431 type:B dur:2 cpbdur:2 q:13.85 aq:9.70 tex:27670 mv:1031 misc:611 imb:4 pmb:84 smb:8072 d:- ref:0 ;
in:1430 out:1432 type:b dur:2 cpbdur:2 q:13.86 aq:1.57 tex:13397 mv:662 misc:493 imb:0 pmb:43 smb:8117 d:- ref:0 ;
in:1432 out:1433 type:b dur:2 cpbdur:2 q:13.85 aq:2.87 tex:21850 mv:1883 misc:539 imb:0 pmb:101 smb:8059 d:- ref:0 ;
in:1437 out:1434 type:P dur:2 cpbdur:2 q:13.82 aq:4.46 tex:103534 mv:2174 misc:1804 imb:16 pmb:372 smb:7772 d:- ref:0 ;
in:1435 out:1435 type:B dur:2 cpbdur:2 q:13.83 aq:9.24 tex:21414 mv:1495 misc:603 imb:1 pmb:149 smb:8010 d:- ref:0 ;
in:1434 out:1436 type:b dur:2 cpbdur:2 q:13.84 aq:6.58 tex:14867 mv:1373 misc:552 imb:1 pmb:143 smb:8016 d:- ref:0 ;
in:1436 out:1437 type:b dur:2 cpbdur:2 q:13.83 aq:6.72 tex:6698 mv:1288 misc:606 imb:0 pmb:122 smb:8038 d:- ref:0 ;
in:1441 out:1438 type:P dur:2 cpbdur:2 q:13.80 aq:4.43 tex:80713 mv:1671 misc:1784 imb:26 pmb:375 smb:7759 d:- ref:0 ;
in:1439 out:1439 type:B dur:2 cpbdur:2 q:13.81 aq:9.58 tex:9754 mv:1414 misc:632 imb:1 pmb:131 smb:8028 d:- ref:0 ;
in:1438 out:1440 type:b dur:2 cpbdur:2 q:13.82 aq:6.22 tex:7368 mv:1329 misc:607 imb:3 pmb:116 smb:8041 d:- ref:0 ;
in:1440 out:1441 type:b dur:2 cpbdur:2 q:13.81 aq:0.00 tex:103 mv:91 misc:566 imb:0 pmb:33 smb:8127 d:- ref:0 ;
in:1445 out:1442 type:P dur:2 cpbdur:2 q:13.78 aq:4.77 tex:16629 mv:207 misc:1740 imb:5 pmb:305 smb:7850 d:- ref:0 ;
in:1443 out:1443 type:B dur:2 cpbdur:2 q:13.79 aq:8.03 tex:123 mv:3 misc:450 imb:0 pmb:3 smb:8157 d:- ref:0 ;
in:1442 out:1444 type:b dur:2 cpbdur:2 q:13.80 aq:0.00 tex:0 mv:0 misc:408 imb:0 pmb:0 smb:8160 d:- ref:0 ;
in:1444 out:1445 type:b dur:2 cpbdur:2 q:13.79 aq:0.00 tex:0 mv:0 misc:408 imb:0 pmb:0 smb:8160 d:- ref:0 ;
in:1449 out:1446 type:P dur:2 cpbdur:2 q:13.76 aq:4.42 tex:10914 mv:197 misc:1761 imb:5 pmb:255 smb:7900 d:- ref:0 ;
in:1447 out:1447 type:B dur:2 cpbdur:2 q:13.77 aq:8.03 tex:123 mv:3 misc:450 imb:0 pmb:3 smb:8157 d:- ref:0 ;
in:1446 out:1448 type:b dur:2 cpbdur:2 q:13.78 aq:0.00 tex:0 mv:0 misc:408 imb:0 pmb:0 smb:8160 d:- ref:0 ;
in:1448 out:1449 type:b dur:2 cpbdur:2 q:13.77 aq:0.00 tex:0 mv:0 misc:408 imb:0 pmb:0 smb:8160 d:- ref:0 ;
in:1453 out:1450 type:P dur:2 cpbdur:2 q:13.75 aq:4.30 tex:9262 mv:200 misc:1674 imb:6 pmb:224 smb:7930 d:- ref:0 ;
in:1451 out:1451 type:B dur:2 cpbdur:2 q:13.76 aq:8.03 tex:123 mv:3 misc:450 imb:0 pmb:3 smb:8157 d:- ref:0 ;
in:1450 out:1452 type:b dur:2 cpbdur:2 q:13.76 aq:0.00 tex:0 mv:0 misc:408 imb:0 pmb:0 smb:8160 d:- ref:0 ;
in:1452 out:1453 type:b dur:2 cpbdur:2 q:13.75 aq:0.00 tex:0 mv:0 misc:408 imb:0 pmb:0 smb:8160 d:- ref:0 ;
in:1457 out:1454 type:P dur:2 cpbdur:2 q:13.73 aq:4.73 tex:7726 mv:202 misc:1608 imb:6 pmb:210 smb:7944 d:- ref:0 ;
in:1455 out:1455 type:B dur:2 cpbdur:2 q:13.74 aq:8.03 tex:137 mv:12 misc:459 imb:0 pmb:4 smb:8156 d:- ref:0 ;
in:1454 out:1456 type:b dur:2 cpbdur:2 q:13.74 aq:0.00 tex:0 mv:0 misc:408 imb:0 pmb:0 smb:8160 d:- ref:0 ;
in:1456 out:1457 type:b dur:2 cpbdur:2 q:13.73 aq:0.00 tex:0 mv:0 misc:408 imb:0 pmb:0 smb:8160 d:- ref:0 ;
in:1461 out:1458 type:P dur:2 cpbdur:2 q:13.71 aq:4.55 tex:6879 mv:180 misc:1525 imb:5 pmb:195 smb:7960 d:- ref:0 ;
in:1459 out:1459 type:B dur:2 cpbdur:2 q:13.72 aq:8.03 tex:135 mv:4 misc:461 imb:0 pmb:4 smb:8156 d:- ref:0 ;
in:1458 out:1460 type:b dur:2 cpbdur:2 q:13.72 aq:0.00 tex:0 mv:0 misc:408 imb:0 pmb:0 smb:8160 d:- ref:0 ;
in:1460 out:1461 type:b dur:2 cpbdur:2 q:13.71 aq:0.00 tex:0 mv:0 misc:408 imb:0 pmb:0 smb:8160 d:- ref:0 ;
in:1465 out:1462 type:P dur:2 cpbdur:2 q:13.68 aq:4.53 tex:8066 mv:194 misc:1508 imb:5 pmb:200 smb:7955 d:- ref:0 ;
in:1463 out:1463 type:B dur:2 cpbdur:2 q:13.69 aq:8.03 tex:135 mv:4 misc:461 imb:0 pmb:4 smb:8156 d:- ref:0 ;
in:1462 out:1464 type:b dur:2 cpbdur:2 q:13.70 aq:0.00 tex:0 mv:0 misc:408 imb:0 pmb:0 smb:8160 d:- ref:0 ;
in:1464 out:1465 type:b dur:2 cpbdur:2 q:13.69 aq:0.00 tex:0 mv:0 misc:408 imb:0 pmb:0 smb:8160 d:- ref:0 ;
in:1469 out:1466 type:P dur:2 cpbdur:2 q:13.66 aq:4.32 tex:8909 mv:185 misc:1610 imb:5 pmb:223 smb:7932 d:- ref:0 ;
in:1467 out:1467 type:B dur:2 cpbdur:2 q:13.67 aq:8.03 tex:135 mv:4 misc:461 imb:0 pmb:4 smb:8156 d:- ref:0 ;
in:1466 out:1468 type:b dur:2 cpbdur:2 q:13.68 aq:0.00 tex:0 mv:0 misc:408 imb:0 pmb:0 smb:8160 d:- ref:0 ;
in:1468 out:1469 type:b dur:2 cpbdur:2 q:13.66 aq:0.00 tex:0 mv:0 misc:408 imb:0 pmb:0 smb:8160 d:- ref:0 ;
in:1473 out:1470 type:P dur:2 cpbdur:2 q:13.64 aq:4.29 tex:8890 mv:186 misc:1532 imb:5 pmb:212 smb:7943 d:- ref:0 ;
in:1471 out:1471 type:B dur:2 cpbdur:2 q:13.65 aq:8.03 tex:123 mv:3 misc:450 imb:0 pmb:3 smb:8157 d:- ref:0 ;
in:1470 out:1472 type:b dur:2 cpbdur:2 q:13.65 aq:0.00 tex:0 mv:0 misc:408 imb:0 pmb:0 smb:8160 d:- ref:0 ;
in:1472 out:1473 type:b dur:2 cpbdur:2 q:13.64 aq:0.00 tex:0 mv:0 misc:408 imb:0 pmb:0 smb:8160 d:- ref:0 ;
in:1477 out:1474 type:P dur:2 cpbdur:2 q:13.61 aq:5.05 tex:44671 mv:2768 misc:1809 imb:158 pmb:452 smb:7550 d:- ref:0 ;
in:1475 out:1475 type:B dur:2 cpbdur:2 q:13.62 aq:6.63 tex:252 mv:149 misc:711 imb:0 pmb:73 smb:8087 d:- ref:0 ;
in:1474 out:1476 type:b dur:2 cpbdur:2 q:13.63 aq:7.07 tex:35 mv:2 misc:419 imb:0 pmb:1 smb:8159 d:- ref:0 ;
in:1476 out:1477 type:b dur:2 cpbdur:2 q:13.62 aq:7.07 tex:108 mv:120 misc:676 imb:0 pmb:71 smb:8089 d:- ref:0 ;
in:1481 out:1478 type:P dur:2 cpbdur:2 q:13.59 aq:5.86 tex:44934 mv:3451 misc:1807 imb:54 pmb:459 smb:7647 d:- ref:0 ;
in:1479 out:1479 type:B dur:2 cpbdur:2 q:13.60 aq:11.55 tex:25852 mv:4139 misc:857 imb:23 pmb:305 smb:7832 d:- ref:0 ;
in:1478 out:1480 type:b dur:2 cpbdur:2 q:13.61 aq:11.05 tex:17889 mv:3366 misc:849 imb:19 pmb:268 smb:7873 d:- ref:0 ;
in:1480 out:1481 type:b dur:2 cpbdur:2 q:13.59 aq:6.70 tex:19451 mv:3323 misc:890 imb:14 pmb:287 smb:7859 d:- ref:0 ;
in:1483 out:1482 type:P dur:2 cpbdur:2 q:13.57 aq:4.79 tex:85292 mv:4680 misc:1836 imb:302 pmb:424 smb:7434 d:- ref:0 ;
in:1482 out:1483 type:b dur:2 cpbdur:2 q:13.58 aq:8.13 tex:24691 mv:2702 misc:927 imb:19 pmb:317 smb:7824 d:- ref:0 ;
in:1487 out:1484 type:P dur:2 cpbdur:2 q:13.55 aq:3.94 tex:65887 mv:2672 misc:1417 imb:395 pmb:196 smb:7569 d:- ref:0 ;
in:1485 out:1485 type:B dur:2 cpbdur:2 q:13.56 aq:8.89 tex:51544 mv:2272 misc:800 imb:84 pmb:126 smb:7950 d:- ref:0 ;
in:1484 out:1486 type:b dur:2 cpbdur:2 q:13.56 aq:11.48 tex:54274 mv:3904 misc:822 imb:52 pmb:239 smb:7869 d:- ref:0 ;
in:1486 out:1487 type:b dur:2 cpbdur:2 q:13.56 aq:5.79 tex:26652 mv:1468 misc:624 imb:23 pmb:82 smb:8055 d:- ref:0 ;
in:1491 out:1488 type:P dur:2 cpbdur:2 q:13.53 aq:4.07 tex:71279 mv:3738 misc:2087 imb:168 pmb:566 smb:7426 d:- ref:0 ;
in:1489 out:1489 type:B dur:2 cpbdur:2 q:13.54 aq:7.05 tex:22675 mv:3757 misc:1224 imb:20 pmb:364 smb:7776 d:- ref:0 ;
in:1488 out:1490 type:b dur:2 cpbdur:2 q:13.55 aq:0.00 tex:1474 mv:219 misc:1011 imb:0 pmb:153 smb:8007 d:- ref:0 ;
in:1490 out:1491 type:b dur:2 cpbdur:2 q:13.54 aq:4.83 tex:20052 mv:3565 misc:927 imb:20 pmb:300 smb:7840 d:- ref:0 ;
in:1495 out:1492 type:P dur:2 cpbdur:2 q:13.51 aq:4.30 tex:107339 mv:4769 misc:1756 imb:311 pmb:382 smb:7467 d:- ref:0 ;
in:1493 out:1493 type:B dur:2 cpbdur:2 q:13.52 aq:7.13 tex:44456 mv:3781 misc:1011 imb:14 pmb:408 smb:7738 d:- ref:0 ;
in:1492 out:1494 type:b dur:2 cpbdur:2 q:13.53 aq:4.35 tex:20721 mv:3546 misc:933 imb:12 pmb:300 smb:7848 d:- ref:0 ;
in:1494 out:1495 type:b dur:2 cpbdur:2 q:13.52 aq:5.95 tex:31215 mv:2880 misc:1009 imb:19 pmb:356 smb:7785 d:- ref:0 ;
in:1498 out:1496 type:P dur:2 cpbdur:2 q:13.49 aq:3.86 tex:75964 mv:2932 misc:1744 imb:408 pmb:247 smb:7505 d:- ref:0 ;
in:1496 out:1497 type:B dur:2 cpbdur:2 q:13.50 aq:6.02 tex:79309 mv:4825 misc:882 imb:64 pmb:233 smb:7863 d:- ref:0 ;
in:1497 out:1498 type:b dur:2 cpbdur:2 q:13.50 aq:2.60 tex:54758 mv:3286 misc:676 imb:38 pmb:162 smb:7960 d:- ref:0 ;
in:1502 out:1499 type:P dur:2 cpbdur:2 q:13.48 aq:4.64 tex:46803 mv:2045 misc:1560 imb:98 pmb:318 smb:7744 d:- ref:0 ;
in:1500 out:1500 type:B dur:2 cpbdur:2 q:13.49 aq:5.36 tex:373 mv:186 misc:729 imb:0 pmb:83 smb:8077 d:- ref:0 ;
in:1499 out:1501 type:b dur:2 cpbdur:2 q:13.49 aq:5.07 tex:12733 mv:472 misc:523 imb:5 pmb:37 smb:8118 d:- ref:0 ;
in:1501 out:1502 type:b dur:2 cpbdur:2 q:13.48 aq:6.52 tex:3651 mv:842 misc:667 imb:0 pmb:97 smb:8063 d:- ref:0 ;
in:1506 out:1503 type:P dur:2 cpbdur:2 q:13.47 aq:4.18 tex:48071 mv:1652 misc:1613 imb:24 pmb:327 smb:7809 d:- ref:0 ;
in:1504 out:1504 type:B dur:2 cpbdur:2 q:13.47 aq:3.32 tex:9735 mv:1523 misc:622 imb:0 pmb:137 smb:8023 d:- ref:0 ;
in:1503 out:1505 type:b dur:2 cpbdur:2 q:13.48 aq:8.90 tex:5450 mv:954 misc:620 imb:0 pmb:108 smb:8052 d:- ref:0 ;
in:1505 out:1506 type:b dur:2 cpbdur:2 q:13.47 aq:7.57 tex:5268 mv:1033 misc:619 imb:3 pmb:102 smb:8055 d:- ref:0 ;
in:1510 out:1507 type:P dur:2 cpbdur:2 q:13.45 aq:4.38 tex:42118 mv:1524 misc:1534 imb:24 pmb:308 smb:7828 d:- ref:0 ;
in:1508 out:1508 type:B dur:2 cpbdur:2 q:13.46 aq:3.96 tex:10357 mv:1385 misc:626 imb:1 pmb:128 smb:8031 d:- ref:0 ;
in:1507 out:1509 type:b dur:2 cpbdur:2 q:13.46 aq:11.05 tex:5468 mv:976 misc:620 imb:1 pmb:102 smb:8057 d:- ref:0 ;
in:1509 out:1510 type:b dur:2 cpbdur:2 q:13.45 aq:9.69 tex:6072 mv:885 misc:619 imb:1 pmb:110 smb:8049 d:- ref:0 ;
in:1514 out:1511 type:P dur:2 cpbdur:2 q:13.43 aq:4.23 tex:67299 mv:2120 misc:1821 imb:132 pmb:368 smb:7660 d:- ref:0 ;
in:1512 out:1512 type:B dur:2 cpbdur:2 q:13.44 aq:4.32 tex:11999 mv:898 misc:847 imb:3 pmb:183 smb:7974 d:- ref:0 ;
in:1511 out:1513 type:b dur:2 cpbdur:2 q:13.45 aq:5.10 tex:5873 mv:591 misc:728 imb:0 pmb:122 smb:8038 d:- ref:0 ;
in:1513 out:1514 type:b dur:2 cpbdur:2 q:13.44 aq:11.00 tex:8360 mv:1577 misc:631 imb:1 pmb:122 smb:8037 d:- ref:0 ;
in:1518 out:1515 type:P dur:2 cpbdur:2 q:13.42 aq:4.48 tex:67711 mv:2029 misc:1604 imb:46 pmb:335 smb:7779 d:- ref:0 ;
in:1516 out:1516 type:B dur:2 cpbdur:2 q:13.43 aq:6.59 tex:12586 mv:1945 misc:637 imb:4 pmb:156 smb:8000 d:- ref:0 ;
in:1515 out:1517 type:b dur:2 cpbdur:2 q:13.43 aq:9.48 tex:8477 mv:1470 misc:645 imb:1 pmb:128 smb:8031 d:- ref:0 ;
in:1517 out:1518 type:b dur:2 cpbdur:2 q:13.42 aq:9.58 tex:8050 mv:1532 misc:602 imb:4 pmb:125 smb:8031 d:- ref:0 ;
in:1522 out:1519 type:P dur:2 cpbdur:2 q:13.40 aq:4.75 tex:65188 mv:2144 misc:1572 imb:49 pmb:330 smb:7781 d:- ref:0 ;
in:1520 out:1520 type:B dur:2 cpbdur:2 q:13.41 aq:5.24 tex:12714 mv:2114 misc:644 imb:4 pmb:156 smb:8000 d:- ref:0 ;
in:1519 out:1521 type:b dur:2 cpbdur:2 q:13.41 aq:8.84 tex:6470 mv:1495 misc:619 imb:1 pmb:128 smb:8031 d:- ref:0 ;
in:1521 out:1522 type:b dur:2 cpbdur:2 q:13.40 aq:8.41 tex:7943 mv:1583 misc:618 imb:2 pmb:136 smb:8022 d:- ref:0 ;
in:1526 out:1523 type:P dur:2 cpbdur:2 q:13.38 aq:5.27 tex:54223 mv:1626 misc:1599 imb:27 pmb:315 smb:7818 d:- ref:0 ;
in:1524 out:1524 type:B dur:2 cpbdur:2 q:13.39 aq:8.17 tex:12358 mv:1204 misc:646 imb:0 pmb:143 smb:8017 d:- ref:0 ;
in:1523 out:1525 type:b dur:2 cpbdur:2 q:13.39 aq:8.85 tex:6649 mv:1384 misc:591 imb:0 pmb:114 smb:8046 d:- ref:0 ;
in:1525 out:1526 type:b dur:2 cpbdur:2 q:13.38 aq:10.16 tex:5673 mv:556 misc:643 imb:0 pmb:122 smb:8038 d:- ref:0 ;
in:1530 out:1527 type:P dur:2 cpbdur:2 q:13.36 aq:4.64 tex:60791 mv:1864 misc:1529 imb:36 pmb:322 smb:7802 d:- ref:0 ;
in:1528 out:1528 type:B dur:2 cpbdur:2 q:13.37 aq:9.29 tex:11958 mv:1695 misc:635 imb:1 pmb:145 smb:8014 d:- ref:0 ;
in:1527 out:1529 type:b dur:2 cpbdur:2 q:13.37 aq:8.73 tex:8797 mv:1010 misc:633 imb:0 pmb:126 smb:8034 d:- ref:0 ;
in:1529 out:1530 type:b dur:2 cpbdur:2 q:13.37 aq:9.39 tex:7511 mv:1098 misc:615 imb:1 pmb:118 smb:8041 d:- ref:0 ;
in:1534 out:1531 type:P dur:2 cpbdur:2 q:13.34 aq:4.92 tex:50088 mv:1844 misc:1564 imb:25 pmb:330 smb:7805 d:- ref:0 ;
in:1532 out:1532 type:B dur:2 cpbdur:2 q:13.35 aq:7.17 tex:11610 mv:1883 misc:611 imb:3 pmb:141 smb:8016 d:- ref:0 ;
in:1531 out:1533 type:b dur:2 cpbdur:2 q:13.36 aq:8.53 tex:6145 mv:1004 misc:579 imb:1 pmb:109 smb:8050 d:- ref:0 ;
in:1533 out:1534 type:b dur:2 cpbdur:2 q:13.35 aq:5.55 tex:6700 mv:1172 misc:632 imb:2 pmb:119 smb:8039 d:- ref:0 ;
in:1538 out:1535 type:P dur:2 cpbdur:2 q:13.32 aq:5.16 tex:76875 mv:1969 misc:1620 imb:54 pmb:380 smb:7726 d:- ref:0 ;
in:1536 out:1536 type:B dur:2 cpbdur:2 q:13.33 aq:3.97 tex:17037 mv:1551 misc:684 imb:4 pmb:157 smb:7999 d:- ref:0 ;
in:1535 out:1537 type:b dur:2 cpbdur:2 q:13.34 aq:8.57 tex:5826 mv:1065 misc:589 imb:3 pmb:113 smb:8044 d:- ref:0 ;
in:1537 out:1538 type:b dur:2 cpbdur:2 q:13.33 aq:9.01 tex:11301 mv:1028 misc:663 imb:3 pmb:135 smb:8022 d:- ref:0 ;
in:1541 out:1539 type:P dur:2 cpbdur:2 q:13.30 aq:4.92 tex:118862 mv:3386 misc:1848 imb:158 pmb:410 smb:7592 d:- ref:0 ;
in:1539 out:1540 type:B dur:2 cpbdur:2 q:13.32 aq:9.63 tex:25162 mv:3029 misc:777 imb:10 pmb:199 smb:7951 d:- ref:0 ;
in:1540 out:1541 type:b dur:2 cpbdur:2 q:13.31 aq:10.40 tex:20589 mv:3441 misc:810 imb:13 pmb:237 smb:7910 d:- ref:0 ;
in:1545 out:1542 type:P dur:2 cpbdur:2 q:13.29 aq:4.48 tex:107058 mv:4090 misc:1740 imb:136 pmb:462 smb:7562 d:- ref:0 ;
in:1543 out:1543 type:B dur:2 cpbdur:2 q:13.30 aq:7.44 tex:23042 mv:3481 misc:853 imb:11 pmb:302 smb:7847 d:- ref:0 ;
in:1542 out:1544 type:b dur:2 cpbdur:2 q:13.30 aq:11.83 tex:16080 mv:2978 misc:886 imb:7 pmb:292 smb:7861 d:- ref:0 ;
in:1544 out:1545 type:b dur:2 cpbdur:2 q:13.29 aq:12.27 tex:11256 mv:2632 misc:912 imb:5 pmb:242 smb:7913 d:- ref:0 ;
in:1549 out:1546 type:P dur:2 cpbdur:2 q:13.27 aq:4.49 tex:78656 mv:2674 misc:1854 imb:48 pmb:450 smb:7662 d:- ref:0 ;
in:1547 out:1547 type:B dur:2 cpbdur:2 q:13.28 aq:6.91 tex:20881 mv:2868 misc:883 imb:4 pmb:269 smb:7887 d:- ref:0 ;
in:1546 out:1548 type:b dur:2 cpbdur:2 q:13.29 aq:12.34 tex:11712 mv:2335 misc:889 imb:4 pmb:225 smb:7931 d:- ref:0 ;
in:1548 out:1549 type:b dur:2 cpbdur:2 q:13.28 aq:10.69 tex:5342 mv:819 misc:775 imb:0 pmb:155 smb:8005 d:- ref:0 ;
in:1553 out:1550 type:P dur:2 cpbdur:2 q:13.25 aq:4.82 tex:60498 mv:1867 misc:1803 imb:28 pmb:387 smb:7745 d:- ref:0 ;
in:1551 out:1551 type:B dur:2 cpbdur:2 q:13.26 aq:8.03 tex:13135 mv:1909 misc:596 imb:1 pmb:133 smb:8026 d:- ref:0 ;
in:1550 out:1552 type:b dur:2 cpbdur:2 q:13.27 aq:9.53 tex:7903 mv:1387 misc:574 imb:1 pmb:113 smb:8046 d:- ref:0 ;
in:1552 out:1553 type:b dur:2 cpbdur:2 q:13.26 aq:8.72 tex:6939 mv:1372 misc:561 imb:2 pmb:114 smb:8044 d:- ref:0 ;
in:1557 out:1554 type:P dur:2 cpbdur:2 q:13.24 aq:4.64 tex:60289 mv:1954 misc:1765 imb:27 pmb:358 smb:7775 d:- ref:0 ;
in:1555 out:1555 type:B dur:2 cpbdur:2 q:13.24 aq:3.42 tex:11566 mv:2122 misc:576 imb:6 pmb:135 smb:8019 d:- ref:0 ;
in:1554 out:1556 type:b dur:2 cpbdur:2 q:13.25 aq:6.02 tex:8030 mv:1689 misc:553 imb:5 pmb:126 smb:8029 d:- ref:0 ;
in:1556 out:1557 type:b dur:2 cpbdur:2 q:13.24 aq:4.51 tex:7294 mv:1595 misc:599 imb:5 pmb:120 smb:8035 d:- ref:0 ;
in:1561 out:1558 type:P dur:2 cpbdur:2 q:13.22 aq:4.31 tex:83551 mv:1871 misc:1858 imb:31 pmb:472 smb:7657 d:- ref:0 ;
in:1559 out:1559 type:B dur:2 cpbdur:2 q:13.23 aq:5.46 tex:10818 mv:1732 misc:626 imb:2 pmb:143 smb:8015 d:- ref:0 ;
in:1558 out:1560 type:b dur:2 cpbdur:2 q:13.23 aq:8.87 tex:5524 mv:1272 misc:580 imb:4 pmb:100 smb:8056 d:- ref:0 ;
in:1560 out:1561 type:b dur:2 cpbdur:2 q:13.22 aq:11.25 tex:3001 mv:580 misc:627 imb:1 pmb:95 smb:8064 d:- ref:0 ;
in:1565 out:1562 type:P dur:2 cpbdur:2 q:13.20 aq:4.41 tex:51783 mv:1575 misc:1794 imb:24 pmb:389 smb:7747 d:- ref:0 ;
in:1563 out:1563 type:B dur:2 cpbdur:2 q:13.21 aq:8.49 tex:8390 mv:1166 misc:628 imb:1 pmb:120 smb:8039 d:- ref:0 ;
in:1562 out:1564 type:b dur:2 cpbdur:2 q:13.22 aq:11.44 tex:5461 mv:684 misc:583 imb:0 pmb:85 smb:8075 d:- ref:0 ;
in:1564 out:1565 type:b dur:2 cpbdur:2 q:13.21 aq:9.62 tex:5946 mv:1111 misc:599 imb:3 pmb:103 smb:8054 d:- ref:0 ;
in:1569 out:1566 type:P dur:2 cpbdur:2 q:13.19 aq:4.61 tex:62662 mv:1737 misc:1665 imb:24 pmb:353 smb:7783 d:- ref:0 ;
in:1567 out:1567 type:B dur:2 cpbdur:2 q:13.19 aq:7.17 tex:10272 mv:1624 misc:568 imb:2 pmb:125 smb:8033 d:- ref:0 ;
in:1566 out:1568 type:b dur:2 cpbdur:2 q:13.20 aq:6.46 tex:5634 mv:976 misc:590 imb:2 pmb:102 smb:8056 d:- ref:0 ;
in:1568 out:1569 type:b dur:2 cpbdur:2 q:13.19 aq:8.14 tex:6346 mv:1140 misc:594 imb:5 pmb:108 smb:8047 d:- ref:0 ;
in:1573 out:1570 type:P dur:2 cpbdur:2 q:13.17 aq:4.72 tex:74602 mv:1775 misc:1671 imb:41 pmb:343 smb:7776 d:- ref:0 ;
in:1571 out:1571 type:B dur:2 cpbdur:2 q:13.18 aq:5.31 tex:9443 mv:1616 misc:621 imb:3 pmb:138 smb:8019 d:- ref:0 ;
in:1570 out:1572 type:b dur:2 cpbdur:2 q:13.18 aq:5.60 tex:5527 mv:1059 misc:598 imb:2 pmb:104 smb:8054 d:- ref:0 ;
in:1572 out:1573 type:b dur:2 cpbdur:2 q:13.17 aq:0.00 tex:86 mv:130 misc:616 imb:0 pmb:56 smb:8104 d:- ref:0 ;
in:1574 out:1574 type:P dur:2 cpbdur:2 q:13.15 aq:4.51 tex:52698 mv:887 misc:2119 imb:25 pmb:435 smb:7700 d:- ref:0 ;
in:1577 out:1575 type:P dur:2 cpbdur:2 q:13.14 aq:5.05 tex:95070 mv:2269 misc:1813 imb:142 pmb:320 smb:7698 d:- ref:0 ;
in:1575 out:1576 type:B dur:2 cpbdur:2 q:13.15 aq:1.78 tex:17480 mv:1709 misc:635 imb:8 pmb:106 smb:8046 d:- ref:0 ;
in:1576 out:1577 type:b dur:2 cpbdur:2 q:13.15 aq:3.47 tex:16580 mv:2236 misc:616 imb:7 pmb:142 smb:8011 d:- ref:0 ;
in:1579 out:1578 type:P dur:2 cpbdur:2 q:13.13 aq:2.45 tex:42338 mv:2566 misc:680 imb:96 pmb:131 smb:7933 d:- ref:0 ;
in:1578 out:1579 type:b dur:2 cpbdur:2 q:13.14 aq:3.88 tex:11433 mv:1788 misc:715 imb:16 pmb:172 smb:7972 d:- ref:0 ;
in:1580 out:1580 type:I dur:2 cpbdur:2 q:10.31 aq:0.53 tex:1148419 mv:60133 misc:584 imb:8160 pmb:0 smb:0 d:- ref:;
in:1584 out:1581 type:P dur:2 cpbdur:2 q:13.12 aq:1.68 tex:72981 mv:2189 misc:1382 imb:103 pmb:376 smb:7681 d:- ref:0 ;
in:1582 out:1582 type:B dur:2 cpbdur:2 q:13.12 aq:2.38 tex:6839 mv:2023 misc:746 imb:3 pmb:170 smb:7987 d:- ref:0 ;
in:1581 out:1583 type:b dur:2 cpbdur:2 q:13.12 aq:4.21 tex:7861 mv:1555 misc:712 imb:5 pmb:156 smb:7999 d:- ref:0 ;
in:1583 out:1584 type:b dur:2 cpbdur:2 q:13.12 aq:6.55 tex:7388 mv:1462 misc:726 imb:6 pmb:156 smb:7998 d:- ref:0 ;
in:1588 out:1585 type:P dur:2 cpbdur:2 q:13.10 aq:1.44 tex:8429 mv:111 misc:964 imb:0 pmb:147 smb:8013 d:- ref:0 ;
in:1586 out:1586 type:B dur:2 cpbdur:2 q:13.11 aq:0.00 tex:35 mv:1 misc:436 imb:0 pmb:1 smb:8159 d:- ref:0 ;
in:1585 out:1587 type:b dur:2 cpbdur:2 q:13.11 aq:0.00 tex:0 mv:0 misc:408 imb:0 pmb:0 smb:8160 d:- ref:0 ;
in:1587 out:1588 type:b dur:2 cpbdur:2 q:13.10 aq:0.00 tex:0 mv:0 misc:408 imb:0 pmb:0 smb:8160 d:- ref:0 ;
in:1592 out:1589 type:P dur:2 cpbdur:2 q:13.08 aq:1.61 tex:3872 mv:86 misc:786 imb:0 pmb:70 smb:8090 d:- ref:0 ;
in:1590 out:1590 type:B dur:2 cpbdur:2 q:13.09 aq:0.00 tex:35 mv:1 misc:436 imb:0 pmb:1 smb:8159 d:- ref:0 ;
in:1589 out:1591 type:b dur:2 cpbdur:2 q:13.09 aq:0.00 tex:0 mv:0 misc:408 imb:0 pmb:0 smb:8160 d:- ref:0 ;
in:1591 out:1592 type:b dur:2 cpbdur:2 q:13.08 aq:0.00 tex:0 mv:0 misc:408 imb:0 pmb:0 smb:8160 d:- ref:0 ;
in:1596 out:1593 type:P dur:2 cpbdur:2 q:13.06 aq:1.77 tex:2122 mv:91 misc:731 imb:0 pmb:51 smb:8109 d:- ref:0 ;
in:1594 out:1594 type:B dur:2 cpbdur:2 q:13.07 aq:0.00 tex:35 mv:1 misc:436 imb:0 pmb:1 smb:8159 d:- ref:0 ;
in:1593 out:1595 type:b dur:2 cpbdur:2 q:13.08 aq:0.00 tex:0 mv:0 misc:408 imb:0 pmb:0 smb:8160 d:- ref:0 ;
in:1595 out:1596 type:b dur:2 cpbdur:2 q:13.07 aq:0.00 tex:0 mv:0 misc:408 imb:0 pmb:0 smb:8160 d:- ref:0 ;
in:1599 out:1597 type:P dur:2 cpbdur:2 q:13.08 aq:3.99 tex:54806 mv:771 misc:1031 imb:73 pmb:104 smb:7983 d:- ref:0 ;
in:1597 out:1598 type:B dur:2 cpbdur:2 q:13.07 aq:1.64 tex:8592 mv:308 misc:580 imb:5 pmb:37 smb:8118 d:- ref:0 ;
in:1598 out:1599 type:b dur:2 cpbdur:2 q:13.07 aq:2.07 tex:14224 mv:1127 misc:561 imb:3 pmb:68 smb:8089 d:- ref:0 ;
in:1600 out:1600 type:P dur:2 cpbdur:2 q:13.06 aq:3.45 tex:50131 mv:1706 misc:827 imb:35 pmb:126 smb:7999 d:- ref:0 ;
in:1601 out:1601 type:P dur:2 cpbdur:2 q:13.06 aq:3.53 tex:63609 mv:2221 misc:754 imb:68 pmb:137 smb:7955 d:- ref:0 ;
in:1605 out:1602 type:P dur:2 cpbdur:2 q:13.05 aq:3.35 tex:75424 mv:2602 misc:758 imb:89 pmb:164 smb:7907 d:- ref:0 ;
in:1603 out:1603 type:B dur:2 cpbdur:2 q:13.06 aq:3.59 tex:18859 mv:2113 misc:644 imb:29 pmb:185 smb:7946 d:- ref:0 ;
in:1602 out:1604 type:b dur:2 cpbdur:2 q:13.06 aq:4.72 tex:15134 mv:1871 misc:683 imb:22 pmb:187 smb:7951 d:- ref:0 ;
in:1604 out:1605 type:b dur:2 cpbdur:2 q:13.05 aq:4.01 tex:8733 mv:1594 misc:713 imb:4 pmb:177 smb:7979 d:- ref:0 ;
in:1609 out:1606 type:P dur:2 cpbdur:2 q:13.03 aq:3.50 tex:51533 mv:1924 misc:1007 imb:100 pmb:208 smb:7852 d:- ref:0 ;
in:1607 out:1607 type:B dur:2 cpbdur:2 q:13.04 aq:3.18 tex:10916 mv:1813 misc:767 imb:4 pmb:187 smb:7969 d:- ref:0 ;
in:1606 out:1608 type:b dur:2 cpbdur:2 q:13.05 aq:3.04 tex:7258 mv:1455 misc:703 imb:3 pmb:147 smb:8010 d:- ref:0 ;
in:1608 out:1609 type:b dur:2 cpbdur:2 q:13.04 aq:5.36 tex:303 mv:112 misc:625 imb:0 pmb:51 smb:8109 d:- ref:0 ;
in:1613 out:1610 type:P dur:2 cpbdur:2 q:13.01 aq:3.13 tex:3343 mv:112 misc:833 imb:1 pmb:64 smb:8095 d:- ref:0 ;
in:1611 out:1611 type:B dur:2 cpbdur:2 q:13.02 aq:6.58 tex:162 mv:21 misc:481 imb:0 pmb:6 smb:8154 d:- ref:0 ;
in:1610 out:1612 type:b dur:2 cpbdur:2 q:13.03 aq:9.35 tex:68 mv:3 misc:433 imb:0 pmb:3 smb:8157 d:- ref:0 ;
in:1612 out:1613 type:b dur:2 cpbdur:2 q:13.01 aq:9.35 tex:68 mv:3 misc:433 imb:0 pmb:3 smb:8157 d:- ref:0 ;
in:1617 out:1614 type:P dur:2 cpbdur:2 q:12.99 aq:6.04 tex:4956 mv:246 misc:734 imb:11 pmb:56 smb:8093 d:- ref:0 ;
in:1615 out:1615 type:B dur:2 cpbdur:2 q:13.00 aq:7.22 tex:358 mv:99 misc:559 imb:0 pmb:29 smb:8131 d:- ref:0 ;
in:1614 out:1616 type:b dur:2 cpbdur:2 q:13.00 aq:9.35 tex:88 mv:22 misc:450 imb:0 pmb:6 smb:8154 d:- ref:0 ;
in:1616 out:1617 type:b dur:2 cpbdur:2 q:13.00 aq:9.35 tex:191 mv:100 misc:509 imb:1 pmb:22 smb:8137 d:- ref:0 ;
in:1620 out:1618 type:P dur:2 cpbdur:2 q:12.98 aq:4.20 tex:74334 mv:1380 misc:1238 imb:150 pmb:156 smb:7854 d:- ref:0 ;
in:1618 out:1619 type:B dur:2 cpbdur:2 q:12.99 aq:6.31 tex:15474 mv:439 misc:783 imb:10 pmb:90 smb:8060 d:- ref:0 ;
in:1619 out:1620 type:b dur:2 cpbdur:2 q:12.98 aq:5.88 tex:25663 mv:1207 misc:642 imb:13 pmb:97 smb:8050 d:- ref:0 ;
in:1624 out:1621 type:P dur:2 cpbdur:2 q:12.96 aq:6.37 tex:590762 mv:26859 misc:2579 imb:1663 pmb:1847 smb:4650 d:- ref:0 ;
in:1622 out:1622 type:B dur:2 cpbdur:2 q:12.97 aq:9.67 tex:261072 mv:27746 misc:3774 imb:195 pmb:2296 smb:5669 d:- ref:0 ;
in:1621 out:1623 type:b dur:2 cpbdur:2 q:12.97 aq:11.53 tex:199583 mv:23184 misc:3785 imb:196 pmb:1969 smb:5995 d:- ref:0 ;
in:1623 out:1624 type:b dur:2 cpbdur:2 q:12.97 aq:10.52 tex:174470 mv:22338 misc:3912 imb:206 pmb:2107 smb:5847 d:- ref:0 ;
in:1628 out:1625 type:P dur:2 cpbdur:2 q:12.94 aq:2.85 tex:893506 mv:26713 misc:1677 imb:3559 pmb:559 smb:4042 d:- ref:0 ;
in:1626 out:1626 type:B dur:2 cpbdur:2 q:12.95 aq:9.98 tex:310911 mv:21886 misc:3531 imb:311 pmb:2250 smb:5599 d:- ref:0 ;
in:1625 out:1627 type:b dur:2 cpbdur:2 q:12.96 aq:10.95 tex:182632 mv:23647 misc:3817 imb:210 pmb:2151 smb:5799 d:- ref:0 ;
in:1627 out:1628 type:b dur:2 cpbdur:2 q:12.95 aq:7.44 tex:542635 mv:46991 misc:2902 imb:1095 pmb:2029 smb:5036 d:- ref:0 ;
in:1630 out:1629 type:P dur:2 cpbdur:2 q:12.92 aq:2.01 tex:775724 mv:18643 misc:1665 imb:2639 pmb:535 smb:4986 d:- ref:0 ;
in:1629 out:1630 type:b dur:2 cpbdur:2 q:12.93 aq:6.58 tex:441609 mv:32310 misc:2529 imb:886 pmb:1468 smb:5806 d:- ref:0 ;
in:1631 out:1631 type:P dur:2 cpbdur:2 q:12.91 aq:1.88 tex:558169 mv:12220 misc:1835 imb:1365 pmb:577 smb:6218 d:- ref:0 ;
in:1635 out:1632 type:P dur:2 cpbdur:2 q:12.91 aq:0.88 tex:591128 mv:7452 misc:2020 imb:1105 pmb:631 smb:6424 d:- ref:0 ;
in:1633 out:1633 type:B dur:2 cpbdur:2 q:12.91 aq:3.75 tex:84427 mv:2596 misc:1697 imb:27 pmb:457 smb:7676 d:- ref:0 ;
in:1632 out:1634 type:b dur:2 cpbdur:2 q:12.91 aq:3.14 tex:50477 mv:2533 misc:1574 imb:13 pmb:371 smb:7776 d:- ref:0 ;
in:1634 out:1635 type:b dur:2 cpbdur:2 q:12.91 aq:5.16 tex:79885 mv:3755 misc:728 imb:6 pmb:224 smb:7930 d:- ref:0 ;
in:1639 out:1636 type:P dur:2 cpbdur:2 q:12.91 aq:2.67 tex:159271 mv:2407 misc:1578 imb:31 pmb:577 smb:7552 d:- ref:0 ;
in:1637 out:1637 type:B dur:2 cpbdur:2 q:12.91 aq:7.76 tex:39821 mv:1721 misc:786 imb:5 pmb:196 smb:7959 d:- ref:0 ;
in:1636 out:1638 type:b dur:2 cpbdur:2 q:12.91 aq:7.78 tex:20707 mv:795 misc:714 imb:1 pmb:148 smb:8011 d:- ref:0 ;
in:1638 out:1639 type:b dur:2 cpbdur:2 q:12.91 aq:8.30 tex:22034 mv:950 misc:696 imb:3 pmb:162 smb:7995 d:- ref:0 ;
in:1643 out:1640 type:P dur:2 cpbdur:2 q:12.95 aq:3.43 tex:124180 mv:1622 misc:1286 imb:20 pmb:361 smb:7779 d:- ref:0 ;
in:1641 out:1641 type:B dur:2 cpbdur:2 q:12.93 aq:5.89 tex:388 mv:118 misc:718 imb:0 pmb:83 smb:8077 d:- ref:0 ;
in:1640 out:1642 type:b dur:2 cpbdur:2 q:12.92 aq:9.26 tex:21732 mv:866 misc:698 imb:0 pmb:155 smb:8005 d:- ref:0 ;
in:1642 out:1643 type:b dur:2 cpbdur:2 q:12.94 aq:6.77 tex:84 mv:3 misc:441 imb:0 pmb:3 smb:8157 d:- ref:0 ;
in:1647 out:1644 type:P dur:2 cpbdur:2 q:13.00 aq:3.90 tex:9965 mv:186 misc:1225 imb:5 pmb:168 smb:7987 d:- ref:0 ;
in:1645 out:1645 type:B dur:2 cpbdur:2 q:12.97 aq:7.23 tex:232 mv:70 misc:554 imb:0 pmb:18 smb:8142 d:- ref:0 ;
in:1644 out:1646 type:b dur:2 cpbdur:2 q:12.96 aq:8.90 tex:62 mv:27 misc:455 imb:0 pmb:5 smb:8155 d:- ref:0 ;
in:1646 out:1647 type:b dur:2 cpbdur:2 q:12.99 aq:8.90 tex:49 mv:2 misc:429 imb:0 pmb:2 smb:8158 d:- ref:0 ;
in:1651 out:1648 type:P dur:2 cpbdur:2 q:13.04 aq:1.62 tex:206073 mv:4598 misc:1153 imb:174 pmb:400 smb:7586 d:- ref:0 ;
in:1649 out:1649 type:B dur:2 cpbdur:2 q:13.02 aq:6.46 tex:90734 mv:6861 misc:773 imb:26 pmb:413 smb:7721 d:- ref:0 ;
in:1648 out:1650 type:b dur:2 cpbdur:2 q:13.01 aq:8.63 tex:68826 mv:5270 misc:800 imb:15 pmb:415 smb:7730 d:- ref:0 ;
in:1650 out:1651 type:b dur:2 cpbdur:2 q:13.03 aq:5.61 tex:68540 mv:4911 misc:749 imb:23 pmb:384 smb:7753 d:- ref:0 ;
in:1655 out:1652 type:P dur:2 cpbdur:2 q:13.03 aq:2.68 tex:210258 mv:4516 misc:1122 imb:107 pmb:437 smb:7616 d:- ref:0 ;
in:1653 out:1653 type:B dur:2 cpbdur:2 q:13.03 aq:3.33 tex:92275 mv:5409 misc:796 imb:30 pmb:392 smb:7738 d:- ref:0 ;
in:1652 out:1654 type:b dur:2 cpbdur:2 q:13.04 aq:5.57 tex:61027 mv:3596 misc:745 imb:13 pmb:356 smb:7791 d:- ref:0 ;
in:1654 out:1655 type:b dur:2 cpbdur:2 q:13.03 aq:4.91 tex:64044 mv:6039 misc:797 imb:20 pmb:406 smb:7734 d:- ref:0 ;
in:1657 out:1656 type:P dur:2 cpbdur:2 q:13.01 aq:2.39 tex:260296 mv:5385 misc:1279 imb:116 pmb:508 smb:7536 d:- ref:0 ;
in:1656 out:1657 type:b dur:2 cpbdur:2 q:13.02 aq:5.66 tex:70513 mv:6928 misc:799 imb:25 pmb:453 smb:7682 d:- ref:0 ;
in:1661 out:1658 type:P dur:2 cpbdur:2 q:13.00 aq:2.65 tex:255059 mv:5233 misc:1228 imb:142 pmb:503 smb:7515 d:- ref:0 ;
in:1659 out:1659 type:B dur:2 cpbdur:2 q:13.01 aq:4.82 tex:125165 mv:6955 misc:872 imb:28 pmb:503 smb:7629 d:- ref:0 ;
in:1658 out:1660 type:b dur:2 cpbdur:2 q:13.01 aq:6.38 tex:71975 mv:7145 misc:840 imb:24 pmb:503 smb:7633 d:- ref:0 ;
in:1660 out:1661 type:b dur:2 cpbdur:2 q:13.01 aq:6.20 tex:71058 mv:4988 misc:866 imb:27 pmb:472 smb:7661 d:- ref:0 ;
in:1665 out:1662 type:P dur:2 cpbdur:2 q:12.98 aq:1.46 tex:256834 mv:5263 misc:1183 imb:206 pmb:440 smb:7514 d:- ref:0 ;
in:1663 out:1663 type:B dur:2 cpbdur:2 q:12.99 aq:7.64 tex:97501 mv:7477 misc:846 imb:31 pmb:489 smb:7640 d:- ref:0 ;
in:1662 out:1664 type:b dur:2 cpbdur:2 q:13.00 aq:5.66 tex:73450 mv:5574 misc:840 imb:22 pmb:481 smb:7657 d:- ref:0 ;
in:1664 out:1665 type:b dur:2 cpbdur:2 q:12.99 aq:5.81 tex:69814 mv:6136 misc:802 imb:28 pmb:434 smb:7698 d:- ref:0 ;
in:1668 out:1666 type:P dur:2 cpbdur:2 q:12.98 aq:6.12 tex:138976 mv:1831 misc:1361 imb:210 pmb:304 smb:7646 d:- ref:0 ;
in:1666 out:1667 type:B dur:2 cpbdur:2 q:12.98 aq:4.55 tex:26135 mv:695 misc:738 imb:12 pmb:100 smb:8048 d:- ref:0 ;
in:1667 out:1668 type:b dur:2 cpbdur:2 q:12.98 aq:6.42 tex:58797 mv:1831 misc:700 imb:38 pmb:132 smb:7990 d:- ref:0 ;
in:1672 out:1669 type:P dur:2 cpbdur:2 q:12.98 aq:3.81 tex:466216 mv:6170 misc:1414 imb:772 pmb:265 smb:7123 d:- ref:0 ;
in:1670 out:1670 type:B dur:2 cpbdur:2 q:12.98 aq:6.60 tex:161138 mv:6508 misc:1154 imb:118 pmb:416 smb:7626 d:- ref:0 ;
in:1669 out:1671 type:b dur:2 cpbdur:2 q:12.98 aq:7.32 tex:125654 mv:4915 misc:999 imb:91 pmb:326 smb:7743 d:- ref:0 ;
in:1671 out:1672 type:b dur:2 cpbdur:2 q:12.98 aq:7.27 tex:72159 mv:4229 misc:1076 imb:33 pmb:484 smb:7643 d:- ref:0 ;
in:1676 out:1673 type:P dur:2 cpbdur:2 q:12.98 aq:3.13 tex:255173 mv:6382 misc:1573 imb:256 pmb:595 smb:7309 d:- ref:0 ;
in:1674 out:1674 type:B dur:2 cpbdur:2 q:12.98 aq:6.28 tex:77934 mv:7008 misc:1018 imb:18 pmb:500 smb:7642 d:- ref:0 ;
in:1673 out:1675 type:b dur:2 cpbdur:2 q:12.98 aq:6.69 tex:55642 mv:5383 misc:1063 imb:18 pmb:449 smb:7693 d:- ref:0 ;
in:1675 out:1676 type:b dur:2 cpbdur:2 q:12.98 aq:6.66 tex:50312 mv:5774 misc:1034 imb:20 pmb:421 smb:7719 d:- ref:0 ;
in:1680 out:1677 type:P dur:2 cpbdur:2 q:12.98 aq:2.99 tex:238571 mv:4351 misc:1654 imb:192 pmb:639 smb:7329 d:- ref:0 ;
in:1678 out:1678 type:B dur:2 cpbdur:2 q:12.98 aq:2.36 tex:2766 mv:502 misc:1132 imb:0 pmb:222 smb:7938 d:- ref:0 ;
in:1677 out:1679 type:b dur:2 cpbdur:2 q:12.98 aq:4.27 tex:1734 mv:399 misc:1091 imb:0 pmb:208 smb:7952 d:- ref:0 ;
in:1679 out:1680 type:b dur:2 cpbdur:2 q:12.98 aq:6.25 tex:915 mv:163 misc:482 imb:0 pmb:19 smb:8141 d:- ref:0 ;
in:1684 out:1681 type:P dur:2 cpbdur:2 q:12.97 aq:3.41 tex:38563 mv:556 misc:1809 imb:11 pmb:408 smb:7741 d:- ref:0 ;
in:1682 out:1682 type:B dur:2 cpbdur:2 q:12.98 aq:2.65 tex:2042 mv:234 misc:508 imb:0 pmb:27 smb:8133 d:- ref:0 ;
in:1681 out:1683 type:b dur:2 cpbdur:2 q:12.98 aq:5.46 tex:947 mv:198 misc:471 imb:1 pmb:16 smb:8143 d:- ref:0 ;
in:1683 out:1684 type:b dur:2 cpbdur:2 q:12.97 aq:7.46 tex:1154 mv:159 misc:455 imb:0 pmb:20 smb:8140 d:- ref:0 ;
in:1688 out:1685 type:P dur:2 cpbdur:2 q:12.98 aq:3.66 tex:19702 mv:348 misc:1526 imb:8 pmb:243 smb:7909 d:- ref:0 ;
in:1686 out:1686 type:B dur:2 cpbdur:2 q:12.97 aq:2.96 tex:1227 mv:129 misc:508 imb:0 pmb:26 smb:8134 d:- ref:0 ;
in:1685 out:1687 type:b dur:2 cpbdur:2 q:12.97 aq:7.83 tex:116 mv:42 misc:466 imb:0 pmb:7 smb:8153 d:- ref:0 ;
in:1687 out:1688 type:b dur:2 cpbdur:2 q:12.98 aq:5.62 tex:264 mv:69 misc:443 imb:0 pmb:7 smb:8153 d:- ref:0 ;
in:1692 out:1689 type:P dur:2 cpbdur:2 q:12.98 aq:3.69 tex:92153 mv:1462 misc:1489 imb:147 pmb:216 smb:7797 d:- ref:0 ;
in:1690 out:1690 type:B dur:2 cpbdur:2 q:12.98 aq:3.81 tex:16357 mv:527 misc:660 imb:7 pmb:81 smb:8072 d:- ref:0 ;
in:1689 out:1691 type:b dur:2 cpbdur:2 q:12.98 aq:7.43 tex:695 mv:134 misc:523 imb:0 pmb:29 smb:8131 d:- ref:0 ;
in:1691 out:1692 type:b dur:2 cpbdur:2 q:12.98 aq:7.24 tex:25103 mv:1268 misc:637 imb:17 pmb:101 smb:8042 d:- ref:0 ;
in:1696 out:1693 type:P dur:2 cpbdur:2 q:12.97 aq:3.57 tex:222462 mv:4521 misc:1633 imb:391 pmb:308 smb:7461 d:- ref:0 ;
in:1694 out:1694 type:B dur:2 cpbdur:2 q:12.97 aq:4.74 tex:70234 mv:3293 misc:1041 imb:41 pmb:303 smb:7816 d:- ref:0 ;
in:1693 out:1695 type:b dur:2 cpbdur:2 q:12.97 aq:8.50 tex:53741 mv:2740 misc:887 imb:26 pmb:223 smb:7911 d:- ref:0 ;
in:1695 out:1696 type:b dur:2 cpbdur:2 q:12.97 aq:6.19 tex:25753 mv:2328 misc:967 imb:29 pmb:273 smb:7858 d:- ref:0 ;
in:1700 out:1697 type:P dur:2 cpbdur:2 q:12.95 aq:2.97 tex:123928 mv:3248 misc:1816 imb:105 pmb:415 smb:7640 d:- ref:0 ;
in:1698 out:1698 type:B dur:2 cpbdur:2 q:12.96 aq:3.87 tex:30336 mv:3572 misc:900 imb:23 pmb:263 smb:7874 d:- ref:0 ;
in:1697 out:1699 type:b dur:2 cpbdur:2 q:12.96 aq:5.38 tex:19099 mv:2637 misc:856 imb:25 pmb:217 smb:7918 d:- ref:0 ;
in:1699 out:1700 type:b dur:2 cpbdur:2 q:12.95 aq:5.54 tex:18373 mv:2565 misc:830 imb:11 pmb:233 smb:7916 d:- ref:0 ;
in:1704 out:1701 type:P dur:2 cpbdur:2 q:12.93 aq:3.32 tex:259042 mv:3121 misc:1797 imb:173 pmb:483 smb:7504 d:- ref:0 ;
in:1702 out:1702 type:B dur:2 cpbdur:2 q:12.94 aq:2.90 tex:34233 mv:1669 misc:1066 imb:13 pmb:285 smb:7862 d:- ref:0 ;
in:1701 out:1703 type:b dur:2 cpbdur:2 q:12.94 aq:2.70 tex:1228 mv:534 misc:1006 imb:7 pmb:201 smb:7952 d:- ref:0 ;
in:1703 out:1704 type:b dur:2 cpbdur:2 q:12.93 aq:8.23 tex:34848 mv:1369 misc:759 imb:4 pmb:134 smb:8022 d:- ref:0 ;
in:1708 out:1705 type:P dur:2 cpbdur:2 q:12.91 aq:3.20 tex:269220 mv:2519 misc:1981 imb:146 pmb:473 smb:7541 d:- ref:0 ;
in:1706 out:1706 type:B dur:2 cpbdur:2 q:12.92 aq:4.74 tex:94404 mv:3096 misc:740 imb:15 pmb:226 smb:7919 d:- ref:0 ;
in:1705 out:1707 type:b dur:2 cpbdur:2 q:12.93 aq:8.19 tex:70482 mv:2910 misc:696 imb:7 pmb:186 smb:7967 d:- ref:0 ;
in:1707 out:1708 type:b dur:2 cpbdur:2 q:12.92 aq:8.51 tex:42953 mv:1307 misc:724 imb:0 pmb:231 smb:7929 d:- ref:0 ;
in:1712 out:1709 type:P dur:2 cpbdur:2 q:12.90 aq:3.48 tex:184259 mv:2533 misc:1816 imb:30 pmb:474 smb:7656 d:- ref:0 ;
in:1710 out:1710 type:B dur:2 cpbdur:2 q:12.91 aq:4.65 tex:49608 mv:1892 misc:780 imb:1 pmb:220 smb:7939 d:- ref:0 ;
in:1709 out:1711 type:b dur:2 cpbdur:2 q:12.91 aq:8.53 tex:27255 mv:1034 misc:743 imb:1 pmb:183 smb:7976 d:- ref:0 ;
in:1711 out:1712 type:b dur:2 cpbdur:2 q:12.91 aq:8.71 tex:26814 mv:944 misc:738 imb:0 pmb:173 smb:7987 d:- ref:0 ;
in:1716 out:1713 type:P dur:2 cpbdur:2 q:12.89 aq:3.55 tex:145706 mv:1339 misc:1747 imb:21 pmb:438 smb:7701 d:- ref:0 ;
in:1714 out:1714 type:B dur:2 cpbdur:2 q:12.90 aq:3.95 tex:8890 mv:414 misc:776 imb:0 pmb:111 smb:8049 d:- ref:0 ;
in:1713 out:1715 type:b dur:2 cpbdur:2 q:12.90 aq:8.77 tex:2866 mv:194 misc:740 imb:0 pmb:110 smb:8050 d:- ref:0 ;
in:1715 out:1716 type:b dur:2 cpbdur:2 q:12.90 aq:10.64 tex:2170 mv:90 misc:452 imb:0 pmb:13 smb:8147 d:- ref:0 ;
in:1720 out:1717 type:P dur:2 cpbdur:2 q:12.88 aq:3.32 tex:36983 mv:511 misc:1794 imb:10 pmb:369 smb:7781 d:- ref:0 ;
in:1718 out:1718 type:B dur:2 cpbdur:2 q:12.89 aq:4.10 tex:6643 mv:255 misc:518 imb:0 pmb:30 smb:8130 d:- ref:0 ;
in:1717 out:1719 type:b dur:2 cpbdur:2 q:12.89 aq:10.65 tex:3279 mv:102 misc:451 imb:0 pmb:15 smb:8145 d:- ref:0 ;
in:1719 out:1720 type:b dur:2 cpbdur:2 q:12.89 aq:10.62 tex:4353 mv:187 misc:460 imb:0 pmb:27 smb:8133 d:- ref:0 ;
in:1724 out:1721 type:P dur:2 cpbdur:2 q:12.88 aq:3.39 tex:38742 mv:521 misc:1737 imb:10 pmb:302 smb:7848 d:- ref:0 ;
in:1722 out:1722 type:B dur:2 cpbdur:2 q:12.88 aq:4.00 tex:7550 mv:198 misc:516 imb:0 pmb:33 smb:8127 d:- ref:0 ;
in:1721 out:1723 type:b dur:2 cpbdur:2 q:12.88 aq:10.62 tex:4726 mv:125 misc:461 imb:0 pmb:26 smb:8134 d:- ref:0 ;
in:1723 out:1724 type:b dur:2 cpbdur:2 q:12.88 aq:10.11 tex:4606 mv:197 misc:461 imb:0 pmb:26 smb:8134 d:- ref:0 ;
in:1728 out:1725 type:P dur:2 cpbdur:2 q:12.87 aq:3.17 tex:95951 mv:755 misc:1702 imb:22 pmb:426 smb:7712 d:- ref:0 ;
in:1726 out:1726 type:B dur:2 cpbdur:2 q:12.87 aq:3.76 tex:9320 mv:427 misc:677 imb:0 pmb:60 smb:8100 d:- ref:0 ;
in:1725 out:1727 type:b dur:2 cpbdur:2 q:12.88 aq:11.15 tex:3877 mv:158 misc:477 imb:0 pmb:29 smb:8131 d:- ref:0 ;
in:1727 out:1728 type:b dur:2 cpbdur:2 q:12.87 aq:2.93 tex:6981 mv:305 misc:506 imb:0 pmb:35 smb:8125 d:- ref:0 ;
in:1732 out:1729 type:P dur:2 cpbdur:2 q:12.86 aq:3.45 tex:40018 mv:480 misc:1662 imb:9 pmb:321 smb:7830 d:- ref:0 ;
in:1730 out:1730 type:B dur:2 cpbdur:2 q:12.86 aq:3.90 tex:8317 mv:309 misc:502 imb:0 pmb:32 smb:8128 d:- ref:0 ;
in:1729 out:1731 type:b dur:2 cpbdur:2 q:12.87 aq:10.63 tex:6031 mv:301 misc:452 imb:0 pmb:27 smb:8133 d:- ref:0 ;
in:1731 out:1732 type:b dur:2 cpbdur:2 q:12.86 aq:10.55 tex:5869 mv:229 misc:462 imb:0 pmb:28 smb:8132 d:- ref:0 ;
in:1736 out:1733 type:P dur:2 cpbdur:2 q:12.84 aq:3.35 tex:60718 mv:913 misc:1689 imb:13 pmb:291 smb:7856 d:- ref:0 ;
in:1734 out:1734 type:B dur:2 cpbdur:2 q:12.85 aq:4.86 tex:13116 mv:702 misc:566 imb:0 pmb:62 smb:8098 d:- ref:0 ;
in:1733 out:1735 type:b dur:2 cpbdur:2 q:12.85 aq:10.23 tex:6641 mv:433 misc:494 imb:0 pmb:44 smb:8116 d:- ref:0 ;
in:1735 out:1736 type:b dur:2 cpbdur:2 q:12.84 aq:10.64 tex:7570 mv:407 misc:511 imb:0 pmb:50 smb:8110 d:- ref:0 ;
in:1740 out:1737 type:P dur:2 cpbdur:2 q:12.82 aq:3.49 tex:63155 mv:885 misc:1576 imb:27 pmb:258 smb:7875 d:- ref:0 ;
in:1738 out:1738 type:B dur:2 cpbdur:2 q:12.83 aq:4.95 tex:15757 mv:610 misc:601 imb:0 pmb:78 smb:8082 d:- ref:0 ;
in:1737 out:1739 type:b dur:2 cpbdur:2 q:12.83 aq:9.00 tex:4767 mv:366 misc:539 imb:0 pmb:54 smb:8106 d:- ref:0 ;
in:1739 out:1740 type:b dur:2 cpbdur:2 q:12.83 aq:7.65 tex:8353 mv:424 misc:535 imb:1 pmb:48 smb:8111 d:- ref:0 ;
in:1744 out:1741 type:P dur:2 cpbdur:2 q:12.81 aq:3.39 tex:72247 mv:1494 misc:1547 imb:42 pmb:260 smb:7858 d:- ref:0 ;
in:1742 out:1742 type:B dur:2 cpbdur:2 q:12.81 aq:4.98 tex:13243 mv:1046 misc:631 imb:5 pmb:93 smb:8062 d:- ref:0 ;
in:1741 out:1743 type:b dur:2 cpbdur:2 q:12.82 aq:10.51 tex:8496 mv:785 misc:551 imb:5 pmb:59 smb:8096 d:- ref:0 ;
in:1743 out:1744 type:b dur:2 cpbdur:2 q:12.81 aq:10.37 tex:5330 mv:636 misc:610 imb:7 pmb:73 smb:8080 d:- ref:0 ;
in:1748 out:1745 type:P dur:2 cpbdur:2 q:12.79 aq:3.35 tex:47485 mv:1057 misc:1538 imb:24 pmb:257 smb:7879 d:- ref:0 ;
in:1746 out:1746 type:B dur:2 cpbdur:2 q:12.80 aq:4.07 tex:13431 mv:819 misc:606 imb:5 pmb:69 smb:8086 d:- ref:0 ;
in:1745 out:1747 type:b dur:2 cpbdur:2 q:12.80 aq:9.78 tex:8143 mv:541 misc:564 imb:1 pmb:55 smb:8104 d:- ref:0 ;
in:1747 out:1748 type:b dur:2 cpbdur:2 q:12.79 aq:9.71 tex:8582 mv:694 misc:564 imb:6 pmb:57 smb:8097 d:- ref:0 ;
in:1752 out:1749 type:P dur:2 cpbdur:2 q:12.77 aq:3.06 tex:261331 mv:5818 misc:1819 imb:215 pmb:670 smb:7275 d:- ref:0 ;
in:1750 out:1750 type:B dur:2 cpbdur:2 q:12.78 aq:5.67 tex:80895 mv:6248 misc:1145 imb:50 pmb:514 smb:7596 d:- ref:0 ;
in:1749 out:1751 type:b dur:2 cpbdur:2 q:12.78 aq:5.87 tex:4219 mv:589 misc:800 imb:0 pmb:144 smb:8016 d:- ref:0 ;
in:1751 out:1752 type:b dur:2 cpbdur:2 q:12.77 aq:10.30 tex:70104 mv:5472 misc:1000 imb:50 pmb:497 smb:7613 d:- ref:0 ;
in:1756 out:1753 type:P dur:2 cpbdur:2 q:12.75 aq:3.19 tex:188999 mv:2876 misc:1933 imb:133 pmb:636 smb:7391 d:- ref:0 ;
in:1754 out:1754 type:B dur:2 cpbdur:2 q:12.76 aq:3.65 tex:98288 mv:6162 misc:974 imb:60 pmb:484 smb:7616 d:- ref:0 ;
in:1753 out:1755 type:b dur:2 cpbdur:2 q:12.77 aq:10.06 tex:58817 mv:4791 misc:1032 imb:40 pmb:453 smb:7667 d:- ref:0 ;
in:1755 out:1756 type:b dur:2 cpbdur:2 q:12.76 aq:4.85 tex:64113 mv:4721 misc:974 imb:38 pmb:501 smb:7621 d:- ref:0 ;
in:1760 out:1757 type:P dur:2 cpbdur:2 q:12.74 aq:3.56 tex:305577 mv:6334 misc:1753 imb:189 pmb:634 smb:7337 d:- ref:0 ;
in:1758 out:1758 type:B dur:2 cpbdur:2 q:12.75 aq:5.41 tex:97530 mv:8021 misc:985 imb:50 pmb:559 smb:7551 d:- ref:0 ;
in:1757 out:1759 type:b dur:2 cpbdur:2 q:12.75 aq:5.05 tex:70725 mv:6153 misc:962 imb:57 pmb:480 smb:7623 d:- ref:0 ;
in:1759 out:1760 type:b dur:2 cpbdur:2 q:12.74 aq:6.11 tex:70831 mv:6575 misc:1002 imb:57 pmb:507 smb:7596 d:- ref:0 ;
in:1764 out:1761 type:P dur:2 cpbdur:2 q:12.72 aq:3.36 tex:243337 mv:2750 misc:1825 imb:107 pmb:641 smb:7412 d:- ref:0 ;
in:1762 out:1762 type:B dur:2 cpbdur:2 q:12.73 aq:9.70 tex:105611 mv:6281 misc:1044 imb:43 pmb:540 smb:7577 d:- ref:0 ;
in:1761 out:1763 type:b dur:2 cpbdur:2 q:12.73 aq:9.96 tex:72943 mv:5353 misc:1056 imb:55 pmb:527 smb:7578 d:- ref:0 ;
in:1763 out:1764 type:b dur:2 cpbdur:2 q:12.72 aq:10.23 tex:67589 mv:5107 misc:1080 imb:28 pmb:527 smb:7605 d:- ref:0 ;
in:1768 out:1765 type:P dur:2 cpbdur:2 q:12.71 aq:2.44 tex:296457 mv:5624 misc:1719 imb:221 pmb:604 smb:7335 d:- ref:0 ;
in:1766 out:1766 type:B dur:2 cpbdur:2 q:12.72 aq:9.24 tex:76076 mv:6197 misc:1127 imb:52 pmb:521 smb:7587 d:- ref:0 ;
in:1765 out:1767 type:b dur:2 cpbdur:2 q:12.72 aq:9.11 tex:70039 mv:5605 misc:1036 imb:45 pmb:501 smb:7614 d:- ref:0 ;
in:1767 out:1768 type:b dur:2 cpbdur:2 q:12.72 aq:5.12 tex:1862 mv:346 misc:760 imb:1 pmb:99 smb:8060 d:- ref:0 ;
in:1770 out:1769 type:P dur:2 cpbdur:2 q:12.71 aq:3.40 tex:55492 mv:580 misc:2176 imb:21 pmb:519 smb:7620 d:- ref:0 ;
in:1769 out:1770 type:b dur:2 cpbdur:2 q:12.71 aq:2.61 tex:3285 mv:229 misc:494 imb:1 pmb:21 smb:8138 d:- ref:0 ;
in:1774 out:1771 type:P dur:2 cpbdur:2 q:12.70 aq:3.57 tex:59217 mv:1242 misc:1877 imb:29 pmb:346 smb:7785 d:- ref:0 ;
in:1772 out:1772 type:B dur:2 cpbdur:2 q:12.70 aq:2.59 tex:7343 mv:867 misc:590 imb:8 pmb:62 smb:8090 d:- ref:0 ;
in:1771 out:1773 type:b dur:2 cpbdur:2 q:12.71 aq:2.03 tex:4772 mv:665 misc:475 imb:3 pmb:35 smb:8122 d:- ref:0 ;
in:1773 out:1774 type:b dur:2 cpbdur:2 q:12.70 aq:2.27 tex:4956 mv:611 misc:545 imb:6 pmb:57 smb:8097 d:- ref:0 ;
in:1778 out:1775 type:P dur:2 cpbdur:2 q:12.70 aq:3.20 tex:88701 mv:1247 misc:1900 imb:39 pmb:567 smb:7554 d:- ref:0 ;
in:1776 out:1776 type:B dur:2 cpbdur:2 q:12.70 aq:2.93 tex:18590 mv:891 misc:623 imb:4 pmb:77 smb:8079 d:- ref:0 ;
in:1775 out:1777 type:b dur:2 cpbdur:2 q:12.70 aq:10.21 tex:12074 mv:655 misc:543 imb:5 pmb:65 smb:8090 d:- ref:0 ;
in:1777 out:1778 type:b dur:2 cpbdur:2 q:12.70 aq:10.29 tex:10211 mv:567 misc:550 imb:3 pmb:58 smb:8099 d:- ref:0 ;
in:1782 out:1779 type:P dur:2 cpbdur:2 q:12.70 aq:3.24 tex:52796 mv:880 misc:1828 imb:20 pmb:342 smb:7798 d:- ref:0 ;
in:1780 out:1780 type:B dur:2 cpbdur:2 q:12.70 aq:4.03 tex:9246 mv:567 misc:571 imb:0 pmb:58 smb:8102 d:- ref:0 ;
in:1779 out:1781 type:b dur:2 cpbdur:2 q:12.70 aq:10.24 tex:4488 mv:383 misc:521 imb:1 pmb:50 smb:8109 d:- ref:0 ;
in:1781 out:1782 type:b dur:2 cpbdur:2 q:12.70 aq:10.16 tex:6464 mv:312 misc:456 imb:0 pmb:32 smb:8128 d:- ref:0 ;
in:1786 out:1783 type:P dur:2 cpbdur:2 q:12.69 aq:3.60 tex:180868 mv:4042 misc:1986 imb:84 pmb:615 smb:7461 d:- ref:0 ;
in:1784 out:1784 type:B dur:2 cpbdur:2 q:12.70 aq:4.14 tex:11487 mv:831 misc:834 imb:2 pmb:163 smb:7995 d:- ref:0 ;
in:1783 out:1785 type:b dur:2 cpbdur:2 q:12.70 aq:10.42 tex:6617 mv:350 misc:457 imb:0 pmb:32 smb:8128 d:- ref:0 ;
in:1785 out:1786 type:b dur:2 cpbdur:2 q:12.69 aq:10.51 tex:8269 mv:624 misc:763 imb:0 pmb:156 smb:8004 d:- ref:0 ;
in:1788 out:1787 type:P dur:2 cpbdur:2 q:12.68 aq:2.62 tex:212736 mv:4576 misc:2112 imb:127 pmb:622 smb:7411 d:- ref:0 ;
in:1787 out:1788 type:b dur:2 cpbdur:2 q:12.69 aq:7.44 tex:67838 mv:5575 misc:819 imb:23 pmb:400 smb:7737 d:- ref:0 ;
in:1792 out:1789 type:P dur:2 cpbdur:2 q:12.67 aq:3.37 tex:164812 mv:2414 misc:1830 imb:57 pmb:552 smb:7551 d:- ref:0 ;
in:1790 out:1790 type:B dur:2 cpbdur:2 q:12.67 aq:7.08 tex:98253 mv:5593 misc:794 imb:37 pmb:360 smb:7763 d:- ref:0 ;
in:1789 out:1791 type:b dur:2 cpbdur:2 q:12.68 aq:7.51 tex:60540 mv:4593 misc:747 imb:14 pmb:374 smb:7772 d:- ref:0 ;
in:1791 out:1792 type:b dur:2 cpbdur:2 q:12.67 aq:4.87 tex:67067 mv:4582 misc:759 imb:22 pmb:365 smb:7773 d:- ref:0 ;
in:1793 out:1793 type:P dur:2 cpbdur:2 q:12.65 aq:3.15 tex:242254 mv:4443 misc:2007 imb:100 pmb:650 smb:7410 d:- ref:0 ;
in:1796 out:1794 type:P dur:2 cpbdur:2 q:12.65 aq:3.16 tex:351319 mv:6150 misc:2003 imb:167 pmb:649 smb:7344 d:- ref:0 ;
in:1794 out:1795 type:B dur:2 cpbdur:2 q:12.65 aq:9.02 tex:96450 mv:7779 misc:835 imb:21 pmb:479 smb:7660 d:- ref:0 ;
in:1795 out:1796 type:b dur:2 cpbdur:2 q:12.65 aq:5.35 tex:72699 mv:7094 misc:831 imb:37 pmb:460 smb:7663 d:- ref:0 ;
in:1800 out:1797 type:P dur:2 cpbdur:2 q:12.64 aq:3.16 tex:277161 mv:3192 misc:1847 imb:84 pmb:648 smb:7428 d:- ref:0 ;
in:1798 out:1798 type:B dur:2 cpbdur:2 q:12.64 aq:5.08 tex:124689 mv:7403 misc:868 imb:48 pmb:485 smb:7627 d:- ref:0 ;
in:1797 out:1799 type:b dur:2 cpbdur:2 q:12.65 aq:5.85 tex:88111 mv:6260 misc:885 imb:38 pmb:484 smb:7638 d:- ref:0 ;
in:1799 out:1800 type:b dur:2 cpbdur:2 q:12.64 aq:7.29 tex:76751 mv:5783 misc:898 imb:14 pmb:485 smb:7661 d:- ref:0 ;
in:1804 out:1801 type:P dur:2 cpbdur:2 q:12.63 aq:2.14 tex:302078 mv:5241 misc:1881 imb:130 pmb:603 smb:7427 d:- ref:0 ;
in:1802 out:1802 type:B dur:2 cpbdur:2 q:12.63 aq:7.00 tex:88294 mv:6641 misc:849 imb:31 pmb:459 smb:7670 d:- ref:0 ;
in:1801 out:1803 type:b dur:2 cpbdur:2 q:12.63 aq:8.00 tex:74858 mv:6016 misc:838 imb:27 pmb:452 smb:7681 d:- ref:0 ;
in:1803 out:1804 type:b dur:2 cpbdur:2 q:12.63 aq:8.67 tex:8745 mv:737 misc:782 imb:1 pmb:156 smb:8003 d:- ref:0 ;
in:1808 out:1805 type:P dur:2 cpbdur:2 q:12.62 aq:2.96 tex:66817 mv:691 misc:1996 imb:7 pmb:504 smb:7649 d:- ref:0 ;
in:1806 out:1806 type:B dur:2 cpbdur:2 q:12.63 aq:4.96 tex:10827 mv:503 misc:510 imb:0 pmb:38 smb:8122 d:- ref:0 ;
in:1805 out:1807 type:b dur:2 cpbdur:2 q:12.63 aq:9.72 tex:6553 mv:286 misc:457 imb:0 pmb:32 smb:8128 d:- ref:0 ;
in:1807 out:1808 type:b dur:2 cpbdur:2 q:12.62 aq:10.45 tex:6142 mv:327 misc:451 imb:0 pmb:30 smb:8130 d:- ref:0 ;
in:1812 out:1809 type:P dur:2 cpbdur:2 q:12.63 aq:2.95 tex:41273 mv:347 misc:1916 imb:6 pmb:350 smb:7804 d:- ref:0 ;
in:1810 out:1810 type:B dur:2 cpbdur:2 q:12.63 aq:4.94 tex:9749 mv:323 misc:496 imb:0 pmb:35 smb:8125 d:- ref:0 ;
in:1809 out:1811 type:b dur:2 cpbdur:2 q:12.63 aq:10.04 tex:2732 mv:133 misc:463 imb:0 pmb:30 smb:8130 d:- ref:0 ;
in:1811 out:1812 type:b dur:2 cpbdur:2 q:12.63 aq:10.60 tex:2334 mv:82 misc:464 imb:0 pmb:16 smb:8144 d:- ref:0 ;
in:1816 out:1813 type:P dur:2 cpbdur:2 q:12.63 aq:2.95 tex:39989 mv:506 misc:1857 imb:6 pmb:321 smb:7833 d:- ref:0 ;
in:1814 out:1814 type:B dur:2 cpbdur:2 q:12.63 aq:5.30 tex:6076 mv:228 misc:504 imb:0 pmb:34 smb:8126 d:- ref:0 ;
in:1813 out:1815 type:b dur:2 cpbdur:2 q:12.63 aq:10.18 tex:3314 mv:111 misc:479 imb:0 pmb:21 smb:8139 d:- ref:0 ;
in:1815 out:1816 type:b dur:2 cpbdur:2 q:12.63 aq:0.00 tex:135 mv:77 misc:476 imb:0 pmb:21 smb:8139 d:- ref:0 ;
in:1820 out:1817 type:P dur:2 cpbdur:2 q:12.63 aq:3.01 tex:14124 mv:213 misc:1759 imb:6 pmb:285 smb:7869 d:- ref:0 ;
in:1818 out:1818 type:B dur:2 cpbdur:2 q:12.63 aq:1.05 tex:205 mv:6 misc:469 imb:0 pmb:5 smb:8155 d:- ref:0 ;
in:1817 out:1819 type:b dur:2 cpbdur:2 q:12.63 aq:0.00 tex:77 mv:1 misc:418 imb:0 pmb:1 smb:8159 d:- ref:0 ;
in:1819 out:1820 type:b dur:2 cpbdur:2 q:12.63 aq:0.00 tex:77 mv:1 misc:418 imb:0 pmb:1 smb:8159 d:- ref:0 ;
in:1824 out:1821 type:P dur:2 cpbdur:2 q:12.62 aq:2.94 tex:47447 mv:359 misc:1978 imb:12 pmb:510 smb:7638 d:- ref:0 ;
in:1822 out:1822 type:B dur:2 cpbdur:2 q:12.62 aq:1.22 tex:235 mv:17 misc:484 imb:0 pmb:7 smb:8153 d:- ref:0 ;
in:1821 out:1823 type:b dur:2 cpbdur:2 q:12.63 aq:0.00 tex:89 mv:1 misc:422 imb:0 pmb:1 smb:8159 d:- ref:0 ;
in:1823 out:1824 type:b dur:2 cpbdur:2 q:12.62 aq:0.00 tex:50 mv:1 misc:421 imb:0 pmb:1 smb:8159 d:- ref:0 ;
in:1828 out:1825 type:P dur:2 cpbdur:2 q:12.60 aq:2.95 tex:16997 mv:229 misc:1950 imb:6 pmb:338 smb:7816 d:- ref:0 ;
in:1826 out:1826 type:B dur:2 cpbdur:2 q:12.61 aq:1.05 tex:178 mv:6 misc:472 imb:0 pmb:5 smb:8155 d:- ref:0 ;
in:1825 out:1827 type:b dur:2 cpbdur:2 q:12.61 aq:0.00 tex:50 mv:1 misc:421 imb:0 pmb:1 smb:8159 d:- ref:0 ;
in:1827 out:1828 type:b dur:2 cpbdur:2 q:12.60 aq:0.00 tex:50 mv:1 misc:421 imb:0 pmb:1 smb:8159 d:- ref:0 ;
in:1829 out:1829 type:P dur:2 cpbdur:2 q:12.58 aq:1.49 tex:323 mv:44 misc:489 imb:3 pmb:1 smb:8156 d:- ref:0 ;
in:1830 out:1830 type:I dur:2 cpbdur:2 q:9.72 aq:0.42 tex:1553478 mv:59743 misc:539 imb:8160 pmb:0 smb:0 d:- ref:;
in:1834 out:1831 type:P dur:2 cpbdur:2 q:12.57 aq:1.23 tex:2143 mv:190 misc:883 imb:7 pmb:61 smb:8092 d:- ref:0 ;
in:1832 out:1832 type:B dur:2 cpbdur:2 q:12.57 aq:0.00 tex:124 mv:23 misc:461 imb:0 pmb:6 smb:8154 d:- ref:0 ;
in:1831 out:1833 type:b dur:2 cpbdur:2 q:12.57 aq:0.00 tex:12 mv:18 misc:426 imb:0 pmb:2 smb:8158 d:- ref:0 ;
in:1833 out:1834 type:b dur:2 cpbdur:2 q:12.57 aq:0.00 tex:0 mv:0 misc:408 imb:0 pmb:0 smb:8160 d:- ref:0 ;
in:1838 out:1835 type:P dur:2 cpbdur:2 q:12.55 aq:1.01 tex:542 mv:77 misc:533 imb:4 pmb:6 smb:8150 d:- ref:0 ;
in:1836 out:1836 type:B dur:2 cpbdur:2 q:12.56 aq:0.00 tex:116 mv:5 misc:463 imb:0 pmb:4 smb:8156 d:- ref:0 ;
in:1835 out:1837 type:b dur:2 cpbdur:2 q:12.57 aq:0.00 tex:0 mv:0 misc:408 imb:0 pmb:0 smb:8160 d:- ref:0 ;
in:1837 out:1838 type:b dur:2 cpbdur:2 q:12.56 aq:0.00 tex:0 mv:0 misc:408 imb:0 pmb:0 smb:8160 d:- ref:0 ;
in:1842 out:1839 type:P dur:2 cpbdur:2 q:12.54 aq:1.41 tex:398 mv:66 misc:512 imb:4 pmb:3 smb:8153 d:- ref:0 ;
in:1840 out:1840 type:B dur:2 cpbdur:2 q:12.55 aq:0.00 tex:116 mv:5 misc:463 imb:0 pmb:4 smb:8156 d:- ref:0 ;
in:1839 out:1841 type:b dur:2 cpbdur:2 q:12.55 aq:0.00 tex:0 mv:0 misc:408 imb:0 pmb:0 smb:8160 d:- ref:0 ;
in:1841 out:1842 type:b dur:2 cpbdur:2 q:12.54 aq:0.00 tex:0 mv:0 misc:408 imb:0 pmb:0 smb:8160 d:- ref:0 ;
in:1846 out:1843 type:P dur:2 cpbdur:2 q:12.52 aq:1.41 tex:398 mv:66 misc:512 imb:4 pmb:3 smb:8153 d:- ref:0 ;
in:1844 out:1844 type:B dur:2 cpbdur:2 q:12.53 aq:0.00 tex:116 mv:5 misc:463 imb:0 pmb:4 smb:8156 d:- ref:0 ;
in:1843 out:1845 type:b dur:2 cpbdur:2 q:12.53 aq:0.00 tex:0 mv:0 misc:408 imb:0 pmb:0 smb:8160 d:- ref:0 ;
in:1845 out:1846 type:b dur:2 cpbdur:2 q:12.52 aq:0.00 tex:0 mv:0 misc:408 imb:0 pmb:0 smb:8160 d:- ref:0 ;
in:1850 out:1847 type:P dur:2 cpbdur:2 q:12.54 aq:1.41 tex:398 mv:66 misc:512 imb:4 pmb:3 smb:8153 d:- ref:0 ;
in:1848 out:1848 type:B dur:2 cpbdur:2 q:12.53 aq:0.00 tex:116 mv:5 misc:463 imb:0 pmb:4 smb:8156 d:- ref:0 ;
in:1847 out:1849 type:b dur:2 cpbdur:2 q:12.52 aq:0.00 tex:0 mv:0 misc:408 imb:0 pmb:0 smb:8160 d:- ref:0 ;
in:1849 out:1850 type:b dur:2 cpbdur:2 q:12.53 aq:0.00 tex:0 mv:0 misc:408 imb:0 pmb:0 smb:8160 d:- ref:0 ;
in:1854 out:1851 type:P dur:2 cpbdur:2 q:12.52 aq:4.61 tex:110340 mv:1402 misc:634 imb:207 pmb:32 smb:7921 d:- ref:0 ;
in:1852 out:1852 type:B dur:2 cpbdur:2 q:12.53 aq:1.03 tex:25572 mv:555 misc:649 imb:13 pmb:64 smb:8083 d:- ref:0 ;
in:1851 out:1853 type:b dur:2 cpbdur:2 q:12.53 aq:0.00 tex:87 mv:76 misc:485 imb:0 pmb:16 smb:8144 d:- ref:0 ;
in:1853 out:1854 type:b dur:2 cpbdur:2 q:12.52 aq:2.48 tex:57531 mv:1765 misc:664 imb:35 pmb:110 smb:8015 d:- ref:0 ;
in:1855 out:1855 type:P dur:2 cpbdur:2 q:12.50 aq:4.75 tex:171849 mv:3348 misc:827 imb:297 pmb:123 smb:7740 d:- ref:0 ;
in:1856 out:1856 type:P dur:2 cpbdur:2 q:12.50 aq:3.86 tex:267560 mv:4484 misc:924 imb:398 pmb:161 smb:7601 d:- ref:0 ;
in:1860 out:1857 type:P dur:2 cpbdur:2 q:12.49 aq:2.81 tex:458531 mv:6489 misc:884 imb:524 pmb:254 smb:7382 d:- ref:0 ;
in:1858 out:1858 type:B dur:2 cpbdur:2 q:12.49 aq:5.85 tex:118875 mv:4889 misc:1132 imb:27 pmb:513 smb:7620 d:- ref:0 ;
in:1857 out:1859 type:b dur:2 cpbdur:2 q:12.49 aq:6.76 tex:91062 mv:4519 misc:1115 imb:37 pmb:514 smb:7609 d:- ref:0 ;
in:1859 out:1860 type:b dur:2 cpbdur:2 q:12.49 aq:6.90 tex:55880 mv:5625 misc:1079 imb:17 pmb:472 smb:7671 d:- ref:0 ;
in:1864 out:1861 type:P dur:2 cpbdur:2 q:12.47 aq:1.49 tex:286932 mv:5256 misc:1060 imb:137 pmb:484 smb:7539 d:- ref:0 ;
in:1862 out:1862 type:B dur:2 cpbdur:2 q:12.48 aq:5.79 tex:66199 mv:5444 misc:1069 imb:11 pmb:465 smb:7684 d:- ref:0 ;
in:1861 out:1863 type:b dur:2 cpbdur:2 q:12.49 aq:6.74 tex:60039 mv:5436 misc:1029 imb:17 pmb:435 smb:7708 d:- ref:0 ;
in:1863 out:1864 type:b dur:2 cpbdur:2 q:12.48 aq:0.24 tex:238 mv:120 misc:690 imb:0 pmb:72 smb:8088 d:- ref:0 ;
in:1868 out:1865 type:P dur:2 cpbdur:2 q:12.45 aq:2.41 tex:24717 mv:267 misc:1384 imb:10 pmb:331 smb:7819 d:- ref:0 ;
in:1866 out:1866 type:B dur:2 cpbdur:2 q:12.46 aq:1.93 tex:160 mv:28 misc:484 imb:0 pmb:7 smb:8153 d:- ref:0 ;
in:1865 out:1867 type:b dur:2 cpbdur:2 q:12.47 aq:1.03 tex:34 mv:10 misc:420 imb:0 pmb:1 smb:8159 d:- ref:0 ;
in:1867 out:1868 type:b dur:2 cpbdur:2 q:12.46 aq:1.03 tex:42 mv:1 misc:421 imb:0 pmb:1 smb:8159 d:- ref:0 ;
in:1872 out:1869 type:P dur:2 cpbdur:2 q:12.44 aq:1.64 tex:123379 mv:747 misc:1034 imb:65 pmb:525 smb:7570 d:- ref:0 ;
in:1870 out:1870 type:B dur:2 cpbdur:2 q:12.45 aq:4.27 tex:562 mv:142 misc:720 imb:0 pmb:47 smb:8113 d:- ref:0 ;
in:1869 out:1871 type:b dur:2 cpbdur:2 q:12.45 aq:0.00 tex:45 mv:19 misc:440 imb:0 pmb:3 smb:8157 d:- ref:0 ;
in:1871 out:1872 type:b dur:2 cpbdur:2 q:12.44 aq:0.00 tex:311 mv:68 misc:533 imb:0 pmb:15 smb:8145 d:- ref:0 ;
in:1876 out:1873 type:P dur:2 cpbdur:2 q:12.46 aq:2.12 tex:20078 mv:187 misc:1407 imb:3 pmb:295 smb:7862 d:- ref:0 ;
in:1874 out:1874 type:B dur:2 cpbdur:2 q:12.45 aq:0.81 tex:270 mv:23 misc:483 imb:0 pmb:6 smb:8154 d:- ref:0 ;
in:1873 out:1875 type:b dur:2 cpbdur:2 q:12.44 aq:0.00 tex:137 mv:11 misc:428 imb:0 pmb:2 smb:8158 d:- ref:0 ;
in:1875 out:1876 type:b dur:2 cpbdur:2 q:12.45 aq:0.00 tex:130 mv:2 misc:420 imb:0 pmb:1 smb:8159 d:- ref:0 ;
in:1880 out:1877 type:P dur:2 cpbdur:2 q:12.45 aq:2.10 tex:8854 mv:140 misc:1166 imb:3 pmb:150 smb:8007 d:- ref:0 ;
in:1878 out:1878 type:B dur:2 cpbdur:2 q:12.45 aq:0.81 tex:244 mv:16 misc:476 imb:0 pmb:6 smb:8154 d:- ref:0 ;
in:1877 out:1879 type:b dur:2 cpbdur:2 q:12.45 aq:0.00 tex:103 mv:2 misc:423 imb:0 pmb:1 smb:8159 d:- ref:0 ;
in:1879 out:1880 type:b dur:2 cpbdur:2 q:12.45 aq:0.00 tex:103 mv:2 misc:423 imb:0 pmb:1 smb:8159 d:- ref:0 ;
in:1884 out:1881 type:P dur:2 cpbdur:2 q:12.44 aq:2.02 tex:5671 mv:146 misc:1055 imb:3 pmb:122 smb:8035 d:- ref:0 ;
in:1882 out:1882 type:B dur:2 cpbdur:2 q:12.45 aq:0.81 tex:239 mv:6 misc:475 imb:0 pmb:5 smb:8155 d:- ref:0 ;
in:1881 out:1883 type:b dur:2 cpbdur:2 q:12.45 aq:0.00 tex:103 mv:2 misc:423 imb:0 pmb:1 smb:8159 d:- ref:0 ;
in:1883 out:1884 type:b dur:2 cpbdur:2 q:12.44 aq:0.00 tex:103 mv:2 misc:423 imb:0 pmb:1 smb:8159 d:- ref:0 ;
in:1888 out:1885 type:P dur:2 cpbdur:2 q:12.42 aq:2.08 tex:4438 mv:141 misc:1029 imb:3 pmb:106 smb:8051 d:- ref:0 ;
in:1886 out:1886 type:B dur:2 cpbdur:2 q:12.43 aq:0.81 tex:239 mv:6 misc:475 imb:0 pmb:5 smb:8155 d:- ref:0 ;
in:1885 out:1887 type:b dur:2 cpbdur:2 q:12.43 aq:0.00 tex:103 mv:2 misc:423 imb:0 pmb:1 smb:8159 d:- ref:0 ;
in:1887 out:1888 type:b dur:2 cpbdur:2 q:12.43 aq:0.00 tex:103 mv:2 misc:423 imb:0 pmb:1 smb:8159 d:- ref:0 ;
in:1892 out:1889 type:P dur:2 cpbdur:2 q:12.41 aq:1.92 tex:5937 mv:141 misc:1018 imb:3 pmb:114 smb:8043 d:- ref:0 ;
in:1890 out:1890 type:B dur:2 cpbdur:2 q:12.41 aq:0.81 tex:239 mv:6 misc:475 imb:0 pmb:5 smb:8155 d:- ref:0 ;
in:1889 out:1891 type:b dur:2 cpbdur:2 q:12.42 aq:0.00 tex:103 mv:2 misc:423 imb:0 pmb:1 smb:8159 d:- ref:0 ;
in:1891 out:1892 type:b dur:2 cpbdur:2 q:12.41 aq:0.00 tex:103 mv:2 misc:423 imb:0 pmb:1 smb:8159 d:- ref:0 ;
in:1896 out:1893 type:P dur:2 cpbdur:2 q:12.39 aq:2.29 tex:5015 mv:138 misc:983 imb:3 pmb:98 smb:8059 d:- ref:0 ;
in:1894 out:1894 type:B dur:2 cpbdur:2 q:12.40 aq:0.81 tex:239 mv:6 misc:475 imb:0 pmb:5 smb:8155 d:- ref:0 ;
in:1893 out:1895 type:b dur:2 cpbdur:2 q:12.40 aq:0.00 tex:103 mv:2 misc:423 imb:0 pmb:1 smb:8159 d:- ref:0 ;
in:1895 out:1896 type:b dur:2 cpbdur:2 q:12.39 aq:0.00 tex:103 mv:2 misc:423 imb:0 pmb:1 smb:8159 d:- ref:0 ;
in:1900 out:1897 type:P dur:2 cpbdur:2 q:12.37 aq:2.13 tex:3659 mv:135 misc:878 imb:3 pmb:70 smb:8087 d:- ref:0 ;
in:1898 out:1898 type:B dur:2 cpbdur:2 q:12.38 aq:0.81 tex:239 mv:6 misc:475 imb:0 pmb:5 smb:8155 d:- ref:0 ;
in:1897 out:1899 type:b dur:2 cpbdur:2 q:12.38 aq:0.00 tex:103 mv:2 misc:423 imb:0 pmb:1 smb:8159 d:- ref:0 ;
in:1899 out:1900 type:b dur:2 cpbdur:2 q:12.37 aq:0.00 tex:103 mv:2 misc:423 imb:0 pmb:1 smb:8159 d:- ref:0 ;
in:1904 out:1901 type:P dur:2 cpbdur:2 q:12.35 aq:1.84 tex:2438 mv:133 misc:773 imb:3 pmb:50 smb:8107 d:- ref:0 ;
in:1902 out:1902 type:B dur:2 cpbdur:2 q:12.36 aq:0.81 tex:239 mv:6 misc:475 imb:0 pmb:5 smb:8155 d:- ref:0 ;
in:1901 out:1903 type:b dur:2 cpbdur:2 q:12.36 aq:0.00 tex:103 mv:2 misc:423 imb:0 pmb:1 smb:8159 d:- ref:0 ;
in:1903 out:1904 type:b dur:2 cpbdur:2 q:12.36 aq:0.00 tex:103 mv:2 misc:423 imb:0 pmb:1 smb:8159 d:- ref:0 ;
in:1908 out:1905 type:P dur:2 cpbdur:2 q:12.33 aq:2.23 tex:1394 mv:113 misc:637 imb:3 pmb:25 smb:8132 d:- ref:0 ;
in:1906 out:1906 type:B dur:2 cpbdur:2 q:12.34 aq:0.81 tex:239 mv:6 misc:475 imb:0 pmb:5 smb:8155 d:- ref:0 ;
in:1905 out:1907 type:b dur:2 cpbdur:2 q:12.35 aq:0.00 tex:103 mv:2 misc:423 imb:0 pmb:1 smb:8159 d:- ref:0 ;
in:1907 out:1908 type:b dur:2 cpbdur:2 q:12.34 aq:0.00 tex:103 mv:2 misc:423 imb:0 pmb:1 smb:8159 d:- ref:0 ;
in:1912 out:1909 type:P dur:2 cpbdur:2 q:12.31 aq:5.18 tex:103971 mv:3584 misc:1093 imb:37 pmb:443 smb:7680 d:- ref:0 ;
in:1910 out:1910 type:B dur:2 cpbdur:2 q:12.32 aq:0.81 tex:345 mv:142 misc:753 imb:0 pmb:90 smb:8070 d:- ref:0 ;
in:1909 out:1911 type:b dur:2 cpbdur:2 q:12.33 aq:0.00 tex:103 mv:2 misc:423 imb:0 pmb:1 smb:8159 d:- ref:0 ;
in:1911 out:1912 type:b dur:2 cpbdur:2 q:12.32 aq:0.00 tex:206 mv:131 misc:711 imb:0 pmb:86 smb:8074 d:- ref:0 ;
in:1916 out:1913 type:P dur:2 cpbdur:2 q:12.30 aq:4.33 tex:142953 mv:5579 misc:1100 imb:145 pmb:446 smb:7569 d:- ref:0 ;
in:1914 out:1914 type:B dur:2 cpbdur:2 q:12.31 aq:5.78 tex:86845 mv:6673 misc:994 imb:12 pmb:504 smb:7644 d:- ref:0 ;
in:1913 out:1915 type:b dur:2 cpbdur:2 q:12.31 aq:6.17 tex:57486 mv:5236 misc:1006 imb:18 pmb:424 smb:7718 d:- ref:0 ;
in:1915 out:1916 type:b dur:2 cpbdur:2 q:12.30 aq:6.10 tex:65446 mv:5335 misc:1027 imb:16 pmb:454 smb:7690 d:- ref:0 ;
in:1918 out:1917 type:P dur:2 cpbdur:2 q:12.28 aq:2.08 tex:299445 mv:7333 misc:942 imb:591 pmb:297 smb:7272 d:- ref:0 ;
in:1917 out:1918 type:b dur:2 cpbdur:2 q:12.29 aq:6.38 tex:87972 mv:4510 misc:1054 imb:27 pmb:505 smb:7628 d:- ref:0 ;
in:1920 out:1919 type:P dur:2 cpbdur:2 q:12.27 aq:1.16 tex:204916 mv:4380 misc:928 imb:505 pmb:217 smb:7438 d:- ref:0 ;
in:1919 out:1920 type:b dur:2 cpbdur:2 q:12.27 aq:4.49 tex:128741 mv:5161 misc:1026 imb:85 pmb:303 smb:7772 d:- ref:0 ;
in:1922 out:1921 type:P dur:2 cpbdur:2 q:12.26 aq:1.23 tex:33308 mv:1039 misc:1021 imb:218 pmb:123 smb:7819 d:- ref:0 ;
in:1921 out:1922 type:b dur:2 cpbdur:2 q:12.27 aq:2.95 tex:59211 mv:1723 misc:674 imb:40 pmb:110 smb:8010 d:- ref:0 ;
in:1926 out:1923 type:P dur:2 cpbdur:2 q:12.25 aq:3.24 tex:140865 mv:5188 misc:1355 imb:128 pmb:477 smb:7555 d:- ref:0 ;
in:1924 out:1924 type:B dur:2 cpbdur:2 q:12.26 aq:5.75 tex:68633 mv:5342 misc:1137 imb:15 pmb:476 smb:7669 d:- ref:0 ;
in:1923 out:1925 type:b dur:2 cpbdur:2 q:12.26 aq:0.00 tex:405 mv:215 misc:740 imb:1 pmb:90 smb:8069 d:- ref:0 ;
in:1925 out:1926 type:b dur:2 cpbdur:2 q:12.25 aq:6.89 tex:63928 mv:5266 misc:1030 imb:13 pmb:448 smb:7699 d:- ref:0 ;
in:1930 out:1927 type:P dur:2 cpbdur:2 q:12.24 aq:3.56 tex:495871 mv:11024 misc:1617 imb:537 pmb:780 smb:6843 d:- ref:0 ;
in:1928 out:1928 type:B dur:2 cpbdur:2 q:12.24 aq:5.37 tex:129172 mv:5078 misc:1374 imb:28 pmb:602 smb:7530 d:- ref:0 ;
in:1927 out:1929 type:b dur:2 cpbdur:2 q:12.25 aq:6.92 tex:60288 mv:5195 misc:1013 imb:13 pmb:458 smb:7689 d:- ref:0 ;
in:1929 out:1930 type:b dur:2 cpbdur:2 q:12.24 aq:6.52 tex:90163 mv:4836 misc:1385 imb:30 pmb:600 smb:7530 d:- ref:0 ;
in:1934 out:1931 type:P dur:2 cpbdur:2 q:12.23 aq:1.27 tex:347098 mv:7796 misc:1498 imb:712 pmb:588 smb:6860 d:- ref:0 ;
in:1932 out:1932 type:B dur:2 cpbdur:2 q:12.23 aq:7.76 tex:196405 mv:8926 misc:1365 imb:153 pmb:646 smb:7361 d:- ref:0 ;
in:1931 out:1933 type:b dur:2 cpbdur:2 q:12.24 aq:9.15 tex:193024 mv:10435 misc:1445 imb:143 pmb:783 smb:7234 d:- ref:0 ;
in:1933 out:1934 type:b dur:2 cpbdur:2 q:12.23 aq:8.52 tex:123363 mv:6543 misc:1134 imb:82 pmb:546 smb:7532 d:- ref:0 ;
in:1938 out:1935 type:P dur:2 cpbdur:2 q:12.24 aq:2.64 tex:266501 mv:5460 misc:1423 imb:225 pmb:539 smb:7396 d:- ref:0 ;
in:1936 out:1936 type:B dur:2 cpbdur:2 q:12.23 aq:6.29 tex:96567 mv:6466 misc:943 imb:68 pmb:502 smb:7590 d:- ref:0 ;
in:1935 out:1937 type:b dur:2 cpbdur:2 q:12.23 aq:4.58 tex:61701 mv:4471 misc:956 imb:45 pmb:465 smb:7650 d:- ref:0 ;
in:1937 out:1938 type:b dur:2 cpbdur:2 q:12.23 aq:8.93 tex:73590 mv:6250 misc:904 imb:48 pmb:488 smb:7624 d:- ref:0 ;
in:1942 out:1939 type:P dur:2 cpbdur:2 q:12.23 aq:2.73 tex:300633 mv:5872 misc:1327 imb:195 pmb:590 smb:7375 d:- ref:0 ;
in:1940 out:1940 type:B dur:2 cpbdur:2 q:12.23 aq:6.32 tex:104106 mv:6780 misc:986 imb:61 pmb:531 smb:7568 d:- ref:0 ;
in:1939 out:1941 type:b dur:2 cpbdur:2 q:12.23 aq:5.68 tex:77989 mv:6239 misc:964 imb:33 pmb:524 smb:7603 d:- ref:0 ;
in:1941 out:1942 type:b dur:2 cpbdur:2 q:12.23 aq:9.27 tex:69936 mv:4989 misc:1011 imb:53 pmb:507 smb:7600 d:- ref:0 ;
in:1946 out:1943 type:P dur:2 cpbdur:2 q:12.23 aq:0.82 tex:335312 mv:5797 misc:1379 imb:272 pmb:665 smb:7223 d:- ref:0 ;
in:1944 out:1944 type:B dur:2 cpbdur:2 q:12.23 aq:4.04 tex:108123 mv:7003 misc:1186 imb:72 pmb:544 smb:7544 d:- ref:0 ;
in:1943 out:1945 type:b dur:2 cpbdur:2 q:12.23 aq:5.59 tex:76943 mv:4924 misc:1093 imb:35 pmb:545 smb:7580 d:- ref:0 ;
in:1945 out:1946 type:b dur:2 cpbdur:2 q:12.23 aq:8.26 tex:75375 mv:5511 misc:978 imb:40 pmb:489 smb:7631 d:- ref:0 ;
in:1950 out:1947 type:P dur:2 cpbdur:2 q:12.23 aq:1.59 tex:281267 mv:4038 misc:1383 imb:192 pmb:558 smb:7410 d:- ref:0 ;
in:1948 out:1948 type:B dur:2 cpbdur:2 q:12.23 aq:0.29 tex:442 mv:128 misc:726 imb:0 pmb:82 smb:8078 d:- ref:0 ;
in:1947 out:1949 type:b dur:2 cpbdur:2 q:12.23 aq:0.00 tex:190 mv:130 misc:680 imb:1 pmb:76 smb:8083 d:- ref:0 ;
in:1949 out:1950 type:b dur:2 cpbdur:2 q:12.23 aq:0.00 tex:0 mv:0 misc:408 imb:0 pmb:0 smb:8160 d:- ref:0 ;
in:1954 out:1951 type:P dur:2 cpbdur:2 q:12.24 aq:2.96 tex:31816 mv:281 misc:1479 imb:9 pmb:400 smb:7751 d:- ref:0 ;
in:1952 out:1952 type:B dur:2 cpbdur:2 q:12.24 aq:0.00 tex:93 mv:3 misc:456 imb:0 pmb:3 smb:8157 d:- ref:0 ;
in:1951 out:1953 type:b dur:2 cpbdur:2 q:12.24 aq:0.00 tex:0 mv:0 misc:408 imb:0 pmb:0 smb:8160 d:- ref:0 ;
in:1953 out:1954 type:b dur:2 cpbdur:2 q:12.24 aq:0.00 tex:0 mv:0 misc:408 imb:0 pmb:0 smb:8160 d:- ref:0 ;
in:1958 out:1955 type:P dur:2 cpbdur:2 q:12.24 aq:3.15 tex:17445 mv:193 misc:1386 imb:5 pmb:224 smb:7931 d:- ref:0 ;
in:1956 out:1956 type:B dur:2 cpbdur:2 q:12.24 aq:0.00 tex:97 mv:12 misc:459 imb:0 pmb:4 smb:8156 d:- ref:0 ;
in:1955 out:1957 type:b dur:2 cpbdur:2 q:12.24 aq:0.00 tex:0 mv:0 misc:408 imb:0 pmb:0 smb:8160 d:- ref:0 ;
in:1957 out:1958 type:b dur:2 cpbdur:2 q:12.24 aq:0.00 tex:0 mv:0 misc:408 imb:0 pmb:0 smb:8160 d:- ref:0 ;
in:1962 out:1959 type:P dur:2 cpbdur:2 q:12.24 aq:3.12 tex:8605 mv:175 misc:1244 imb:5 pmb:165 smb:7990 d:- ref:0 ;
in:1960 out:1960 type:B dur:2 cpbdur:2 q:12.24 aq:0.00 tex:93 mv:3 misc:456 imb:0 pmb:3 smb:8157 d:- ref:0 ;
in:1959 out:1961 type:b dur:2 cpbdur:2 q:12.24 aq:0.00 tex:0 mv:0 misc:408 imb:0 pmb:0 smb:8160 d:- ref:0 ;
in:1961 out:1962 type:b dur:2 cpbdur:2 q:12.24 aq:0.00 tex:0 mv:0 misc:408 imb:0 pmb:0 smb:8160 d:- ref:0 ;
in:1966 out:1963 type:P dur:2 cpbdur:2 q:12.23 aq:2.90 tex:5831 mv:159 misc:1146 imb:4 pmb:139 smb:8017 d:- ref:0 ;
in:1964 out:1964 type:B dur:2 cpbdur:2 q:12.24 aq:0.00 tex:93 mv:3 misc:456 imb:0 pmb:3 smb:8157 d:- ref:0 ;
in:1963 out:1965 type:b dur:2 cpbdur:2 q:12.24 aq:0.00 tex:0 mv:0 misc:408 imb:0 pmb:0 smb:8160 d:- ref:0 ;
in:1965 out:1966 type:b dur:2 cpbdur:2 q:12.24 aq:0.00 tex:0 mv:0 misc:408 imb:0 pmb:0 smb:8160 d:- ref:0 ;
in:1970 out:1967 type:P dur:2 cpbdur:2 q:12.22 aq:1.70 tex:44519 mv:374 misc:1307 imb:22 pmb:401 smb:7737 d:- ref:0 ;
in:1968 out:1968 type:B dur:2 cpbdur:2 q:12.23 aq:0.00 tex:121 mv:14 misc:473 imb:0 pmb:5 smb:8155 d:- ref:0 ;
in:1967 out:1969 type:b dur:2 cpbdur:2 q:12.23 aq:0.00 tex:7 mv:10 misc:423 imb:0 pmb:1 smb:8159 d:- ref:0 ;
in:1969 out:1970 type:b dur:2 cpbdur:2 q:12.22 aq:0.00 tex:0 mv:0 misc:408 imb:0 pmb:0 smb:8160 d:- ref:0 ;
in:1974 out:1971 type:P dur:2 cpbdur:2 q:12.20 aq:2.77 tex:15117 mv:198 misc:1261 imb:6 pmb:199 smb:7955 d:- ref:0 ;
in:1972 out:1972 type:B dur:2 cpbdur:2 q:12.21 aq:0.00 tex:116 mv:5 misc:463 imb:0 pmb:4 smb:8156 d:- ref:0 ;
in:1971 out:1973 type:b dur:2 cpbdur:2 q:12.21 aq:0.00 tex:0 mv:0 misc:408 imb:0 pmb:0 smb:8160 d:- ref:0 ;
in:1973 out:1974 type:b dur:2 cpbdur:2 q:12.20 aq:0.00 tex:0 mv:0 misc:408 imb:0 pmb:0 smb:8160 d:- ref:0 ;
in:1978 out:1975 type:P dur:2 cpbdur:2 q:12.18 aq:1.56 tex:7861 mv:194 misc:1177 imb:6 pmb:146 smb:8008 d:- ref:0 ;
in:1976 out:1976 type:B dur:2 cpbdur:2 q:12.19 aq:0.00 tex:116 mv:5 misc:463 imb:0 pmb:4 smb:8156 d:- ref:0 ;
in:1975 out:1977 type:b dur:2 cpbdur:2 q:12.20 aq:0.00 tex:0 mv:0 misc:408 imb:0 pmb:0 smb:8160 d:- ref:0 ;
in:1977 out:1978 type:b dur:2 cpbdur:2 q:12.19 aq:0.00 tex:0 mv:0 misc:408 imb:0 pmb:0 smb:8160 d:- ref:0 ;
in:1982 out:1979 type:P dur:2 cpbdur:2 q:12.17 aq:2.49 tex:176554 mv:3846 misc:1504 imb:100 pmb:515 smb:7545 d:- ref:0 ;
in:1980 out:1980 type:B dur:2 cpbdur:2 q:12.17 aq:0.00 tex:185 mv:130 misc:765 imb:0 pmb:115 smb:8045 d:- ref:0 ;
in:1979 out:1981 type:b dur:2 cpbdur:2 q:12.18 aq:0.00 tex:0 mv:0 misc:408 imb:0 pmb:0 smb:8160 d:- ref:0 ;
in:1981 out:1982 type:b dur:2 cpbdur:2 q:12.17 aq:6.56 tex:288 mv:121 misc:719 imb:0 pmb:111 smb:8049 d:- ref:0 ;
in:1986 out:1983 type:P dur:2 cpbdur:2 q:12.15 aq:5.63 tex:221144 mv:4566 misc:1514 imb:133 pmb:450 smb:7577 d:- ref:0 ;
in:1984 out:1984 type:B dur:2 cpbdur:2 q:12.16 aq:4.88 tex:95067 mv:6448 misc:829 imb:27 pmb:411 smb:7722 d:- ref:0 ;
in:1983 out:1985 type:b dur:2 cpbdur:2 q:12.16 aq:4.98 tex:78340 mv:5360 misc:772 imb:21 pmb:409 smb:7730 d:- ref:0 ;
in:1985 out:1986 type:b dur:2 cpbdur:2 q:12.15 aq:5.30 tex:66671 mv:4475 misc:806 imb:17 pmb:373 smb:7770 d:- ref:0 ;
in:1990 out:1987 type:P dur:2 cpbdur:2 q:12.13 aq:6.14 tex:315469 mv:5663 misc:1524 imb:160 pmb:510 smb:7490 d:- ref:0 ;
in:1988 out:1988 type:B dur:2 cpbdur:2 q:12.14 aq:6.79 tex:108888 mv:6807 misc:865 imb:33 pmb:459 smb:7668 d:- ref:0 ;
in:1987 out:1989 type:b dur:2 cpbdur:2 q:12.15 aq:7.89 tex:72005 mv:4370 misc:809 imb:21 pmb:383 smb:7756 d:- ref:0 ;
in:1989 out:1990 type:b dur:2 cpbdur:2 q:12.14 aq:8.51 tex:85106 mv:7229 misc:809 imb:32 pmb:450 smb:7678 d:- ref:0 ;
in:1992 out:1991 type:P dur:2 cpbdur:2 q:12.12 aq:5.06 tex:372543 mv:6201 misc:1656 imb:170 pmb:629 smb:7361 d:- ref:0 ;
in:1991 out:1992 type:b dur:2 cpbdur:2 q:12.12 aq:11.20 tex:83640 mv:7563 misc:965 imb:34 pmb:514 smb:7612 d:- ref:0 ;
in:1996 out:1993 type:P dur:2 cpbdur:2 q:12.11 aq:3.34 tex:331585 mv:4116 misc:1683 imb:135 pmb:622 smb:7403 d:- ref:0 ;
in:1994 out:1994 type:B dur:2 cpbdur:2 q:12.11 aq:9.90 tex:147645 mv:8771 misc:1088 imb:46 pmb:585 smb:7529 d:- ref:0 ;
in:1993 out:1995 type:b dur:2 cpbdur:2 q:12.11 aq:11.79 tex:99694 mv:7332 misc:1014 imb:30 pmb:570 smb:7560 d:- ref:0 ;
in:1995 out:1996 type:b dur:2 cpbdur:2 q:12.11 aq:10.99 tex:94043 mv:7215 misc:1070 imb:11 pmb:597 smb:7552 d:- ref:0 ;
in:2000 out:1997 type:P dur:2 cpbdur:2 q:12.09 aq:3.16 tex:404263 mv:6237 misc:1628 imb:213 pmb:610 smb:7337 d:- ref:0 ;
in:1998 out:1998 type:B dur:2 cpbdur:2 q:12.10 aq:8.60 tex:119064 mv:8035 misc:1125 imb:30 pmb:578 smb:7552 d:- ref:0 ;
in:1997 out:1999 type:b dur:2 cpbdur:2 q:12.10 aq:11.19 tex:91110 mv:6642 misc:1120 imb:22 pmb:526 smb:7612 d:- ref:0 ;
in:1999 out:2000 type:b dur:2 cpbdur:2 q:12.10 aq:7.21 tex:15918 mv:1201 misc:1025 imb:1 pmb:201 smb:7958 d:- ref:0 ;
in:2004 out:2001 type:P dur:2 cpbdur:2 q:12.09 aq:3.55 tex:131120 mv:2128 misc:1872 imb:39 pmb:557 smb:7564 d:- ref:0 ;
in:2002 out:2002 type:B dur:2 cpbdur:2 q:12.09 aq:3.13 tex:19039 mv:1274 misc:855 imb:1 pmb:159 smb:8000 d:- ref:0 ;
in:2001 out:2003 type:b dur:2 cpbdur:2 q:12.09 aq:7.19 tex:18544 mv:1834 misc:766 imb:0 pmb:127 smb:8033 d:- ref:0 ;
in:2003 out:2004 type:b dur:2 cpbdur:2 q:12.09 aq:8.19 tex:6527 mv:387 misc:630 imb:0 pmb:74 smb:8086 d:- ref:0 ;
in:2008 out:2005 type:P dur:2 cpbdur:2 q:12.09 aq:3.59 tex:88237 mv:1258 misc:1921 imb:34 pmb:408 smb:7718 d:- ref:0 ;
in:2006 out:2006 type:B dur:2 cpbdur:2 q:12.09 aq:6.21 tex:17559 mv:723 misc:718 imb:2 pmb:100 smb:8058 d:- ref:0 ;
in:2005 out:2007 type:b dur:2 cpbdur:2 q:12.09 aq:8.59 tex:9105 mv:368 misc:623 imb:1 pmb:72 smb:8087 d:- ref:0 ;
in:2007 out:2008 type:b dur:2 cpbdur:2 q:12.09 aq:6.83 tex:18138 mv:661 misc:649 imb:8 pmb:83 smb:8069 d:- ref:0 ;
in:2012 out:2009 type:P dur:2 cpbdur:2 q:12.10 aq:3.66 tex:62157 mv:753 misc:1802 imb:37 pmb:339 smb:7784 d:- ref:0 ;
in:2010 out:2010 type:B dur:2 cpbdur:2 q:12.10 aq:2.96 tex:14295 mv:399 misc:642 imb:4 pmb:58 smb:8098 d:- ref:0 ;
in:2009 out:2011 type:b dur:2 cpbdur:2 q:12.10 aq:1.63 tex:15663 mv:811 misc:510 imb:2 pmb:44 smb:8114 d:- ref:0 ;
in:2011 out:2012 type:b dur:2 cpbdur:2 q:12.10 aq:2.02 tex:8333 mv:259 misc:472 imb:0 pmb:33 smb:8127 d:- ref:0 ;
in:2016 out:2013 type:P dur:2 cpbdur:2 q:12.11 aq:3.47 tex:111842 mv:955 misc:1747 imb:41 pmb:648 smb:7471 d:- ref:0 ;
in:2014 out:2014 type:B dur:2 cpbdur:2 q:12.11 aq:1.88 tex:11108 mv:632 misc:700 imb:4 pmb:66 smb:8090 d:- ref:0 ;
in:2013 out:2015 type:b dur:2 cpbdur:2 q:12.10 aq:3.76 tex:8078 mv:275 misc:503 imb:2 pmb:35 smb:8123 d:- ref:0 ;
in:2015 out:2016 type:b dur:2 cpbdur:2 q:12.11 aq:0.95 tex:7450 mv:308 misc:530 imb:2 pmb:49 smb:8109 d:- ref:0 ;
in:2020 out:2017 type:P dur:2 cpbdur:2 q:12.10 aq:3.26 tex:236982 mv:4867 misc:2247 imb:158 pmb:735 smb:7267 d:- ref:0 ;
in:2018 out:2018 type:B dur:2 cpbdur:2 q:12.10 aq:7.25 tex:88428 mv:6053 misc:831 imb:19 pmb:422 smb:7719 d:- ref:0 ;
in:2017 out:2019 type:b dur:2 cpbdur:2 q:12.11 aq:3.29 tex:170 mv:130 misc:740 imb:0 pmb:115 smb:8045 d:- ref:0 ;
in:2019 out:2020 type:b dur:2 cpbdur:2 q:12.10 aq:7.71 tex:78705 mv:5597 misc:770 imb:20 pmb:404 smb:7736 d:- ref:0 ;
in:2024 out:2021 type:P dur:2 cpbdur:2 q:12.09 aq:3.99 tex:201538 mv:2399 misc:2183 imb:86 pmb:654 smb:7420 d:- ref:0 ;
in:2022 out:2022 type:B dur:2 cpbdur:2 q:12.09 aq:4.99 tex:113396 mv:5666 misc:858 imb:40 pmb:376 smb:7744 d:- ref:0 ;
in:2021 out:2023 type:b dur:2 cpbdur:2 q:12.10 aq:9.87 tex:65803 mv:4470 misc:799 imb:14 pmb:372 smb:7774 d:- ref:0 ;
in:2023 out:2024 type:b dur:2 cpbdur:2 q:12.09 aq:7.21 tex:74779 mv:4731 misc:818 imb:18 pmb:391 smb:7751 d:- ref:0 ;
in:2027 out:2025 type:P dur:2 cpbdur:2 q:12.07 aq:5.04 tex:361368 mv:6433 misc:2255 imb:136 pmb:717 smb:7307 d:- ref:0 ;
in:2025 out:2026 type:B dur:2 cpbdur:2 q:12.08 aq:7.60 tex:105556 mv:7862 misc:926 imb:28 pmb:490 smb:7642 d:- ref:0 ;
in:2026 out:2027 type:b dur:2 cpbdur:2 q:12.08 aq:11.18 tex:80573 mv:7325 misc:862 imb:26 pmb:498 smb:7636 d:- ref:0 ;
in:2031 out:2028 type:P dur:2 cpbdur:2 q:12.06 aq:2.81 tex:397361 mv:6503 misc:2240 imb:210 pmb:737 smb:7213 d:- ref:0 ;
in:2029 out:2029 type:B dur:2 cpbdur:2 q:12.07 aq:9.12 tex:138790 mv:7984 misc:1114 imb:31 pmb:591 smb:7538 d:- ref:0 ;
in:2028 out:2030 type:b dur:2 cpbdur:2 q:12.07 aq:11.88 tex:95438 mv:7932 misc:998 imb:24 pmb:565 smb:7571 d:- ref:0 ;
in:2030 out:2031 type:b dur:2 cpbdur:2 q:12.07 aq:12.11 tex:89168 mv:6268 misc:1060 imb:31 pmb:565 smb:7564 d:- ref:0 ;
in:2035 out:2032 type:P dur:2 cpbdur:2 q:12.05 aq:2.54 tex:399487 mv:7130 misc:2239 imb:265 pmb:739 smb:7156 d:- ref:0 ;
in:2033 out:2033 type:B dur:2 cpbdur:2 q:12.06 aq:9.78 tex:124008 mv:8800 misc:1152 imb:32 pmb:614 smb:7514 d:- ref:0 ;
in:2032 out:2034 type:b dur:2 cpbdur:2 q:12.06 aq:10.80 tex:89137 mv:6847 misc:1088 imb:22 pmb:595 smb:7543 d:- ref:0 ;
in:2034 out:2035 type:b dur:2 cpbdur:2 q:12.06 aq:11.09 tex:95743 mv:6815 misc:1082 imb:26 pmb:502 smb:7632 d:- ref:0 ;
in:2039 out:2036 type:P dur:2 cpbdur:2 q:12.05 aq:3.44 tex:140827 mv:2070 misc:2407 imb:53 pmb:668 smb:7439 d:- ref:0 ;
in:2037 out:2037 type:B dur:2 cpbdur:2 q:12.05 aq:6.61 tex:27989 mv:1793 misc:818 imb:0 pmb:155 smb:8005 d:- ref:0 ;
in:2036 out:2038 type:b dur:2 cpbdur:2 q:12.05 aq:6.60 tex:16234 mv:1261 misc:745 imb:0 pmb:102 smb:8058 d:- ref:0 ;
in:2038 out:2039 type:b dur:2 cpbdur:2 q:12.05 aq:8.22 tex:12068 mv:1189 misc:767 imb:0 pmb:130 smb:8030 d:- ref:0 ;
in:2043 out:2040 type:P dur:2 cpbdur:2 q:12.05 aq:3.40 tex:144642 mv:1509 misc:2353 imb:48 pmb:760 smb:7352 d:- ref:0 ;
in:2041 out:2041 type:B dur:2 cpbdur:2 q:12.05 aq:2.18 tex:20134 mv:764 misc:774 imb:3 pmb:114 smb:8043 d:- ref:0 ;
in:2040 out:2042 type:b dur:2 cpbdur:2 q:12.05 aq:3.48 tex:10814 mv:291 misc:663 imb:1 pmb:85 smb:8074 d:- ref:0 ;
in:2042 out:2043 type:b dur:2 cpbdur:2 q:12.05 aq:3.71 tex:21738 mv:637 misc:665 imb:6 pmb:74 smb:8080 d:- ref:0 ;
in:2044 out:2044 type:P dur:2 cpbdur:2 q:12.05 aq:3.79 tex:131847 mv:1347 misc:2614 imb:26 pmb:674 smb:7460 d:- ref:0 ;
in:2048 out:2045 type:P dur:2 cpbdur:2 q:12.05 aq:3.67 tex:75739 mv:958 misc:2271 imb:19 pmb:472 smb:7669 d:- ref:0 ;
in:2046 out:2046 type:B dur:2 cpbdur:2 q:12.05 aq:0.98 tex:20673 mv:623 misc:576 imb:4 pmb:62 smb:8094 d:- ref:0 ;
in:2045 out:2047 type:b dur:2 cpbdur:2 q:12.05 aq:1.15 tex:15522 mv:405 misc:489 imb:5 pmb:49 smb:8106 d:- ref:0 ;
in:2047 out:2048 type:b dur:2 cpbdur:2 q:12.05 aq:2.20 tex:9078 mv:351 misc:467 imb:2 pmb:39 smb:8119 d:- ref:0 ;
in:2052 out:2049 type:P dur:2 cpbdur:2 q:12.06 aq:3.88 tex:49663 mv:630 misc:1923 imb:10 pmb:342 smb:7808 d:- ref:0 ;
in:2050 out:2050 type:B dur:2 cpbdur:2 q:12.05 aq:0.96 tex:13312 mv:567 misc:537 imb:3 pmb:51 smb:8106 d:- ref:0 ;
in:2049 out:2051 type:b dur:2 cpbdur:2 q:12.05 aq:2.13 tex:9944 mv:409 misc:479 imb:3 pmb:39 smb:8118 d:- ref:0 ;
in:2051 out:2052 type:b dur:2 cpbdur:2 q:12.06 aq:0.27 tex:185 mv:85 misc:490 imb:0 pmb:24 smb:8136 d:- ref:0 ;
in:2056 out:2053 type:P dur:2 cpbdur:2 q:12.05 aq:4.71 tex:10974 mv:213 misc:1637 imb:7 pmb:228 smb:7925 d:- ref:0 ;
in:2054 out:2054 type:B dur:2 cpbdur:2 q:12.05 aq:0.22 tex:254 mv:17 misc:497 imb:0 pmb:8 smb:8152 d:- ref:0 ;
in:2053 out:2055 type:b dur:2 cpbdur:2 q:12.05 aq:0.00 tex:86 mv:13 misc:437 imb:0 pmb:3 smb:8157 d:- ref:0 ;
in:2055 out:2056 type:b dur:2 cpbdur:2 q:12.05 aq:0.00 tex:80 mv:3 misc:429 imb:0 pmb:2 smb:8158 d:- ref:0 ;
in:2060 out:2057 type:P dur:2 cpbdur:2 q:12.04 aq:4.75 tex:5215 mv:186 misc:1255 imb:6 pmb:135 smb:8019 d:- ref:0 ;
in:2058 out:2058 type:B dur:2 cpbdur:2 q:12.04 aq:0.22 tex:252 mv:8 misc:492 imb:0 pmb:7 smb:8153 d:- ref:0 ;
in:2057 out:2059 type:b dur:2 cpbdur:2 q:12.05 aq:0.00 tex:80 mv:3 misc:429 imb:0 pmb:2 smb:8158 d:- ref:0 ;
in:2059 out:2060 type:b dur:2 cpbdur:2 q:12.04 aq:0.00 tex:80 mv:3 misc:429 imb:0 pmb:2 smb:8158 d:- ref:0 ;
in:2064 out:2061 type:P dur:2 cpbdur:2 q:12.03 aq:4.86 tex:14698 mv:249 misc:1333 imb:9 pmb:206 smb:7945 d:- ref:0 ;
in:2062 out:2062 type:B dur:2 cpbdur:2 q:12.03 aq:0.22 tex:269 mv:31 misc:500 imb:0 pmb:10 smb:8150 d:- ref:0 ;
in:2061 out:2063 type:b dur:2 cpbdur:2 q:12.03 aq:0.17 tex:108 mv:2 misc:426 imb:0 pmb:2 smb:8158 d:- ref:0 ;
in:2063 out:2064 type:b dur:2 cpbdur:2 q:12.03 aq:0.17 tex:144 mv:3 misc:437 imb:0 pmb:3 smb:8157 d:- ref:0 ;
in:2068 out:2065 type:P dur:2 cpbdur:2 q:12.01 aq:4.00 tex:3188 mv:159 misc:901 imb:5 pmb:72 smb:8083 d:- ref:0 ;
in:2066 out:2066 type:B dur:2 cpbdur:2 q:12.02 aq:0.90 tex:257 mv:8 misc:487 imb:0 pmb:7 smb:8153 d:- ref:0 ;
in:2065 out:2067 type:b dur:2 cpbdur:2 q:12.02 aq:0.00 tex:81 mv:2 misc:429 imb:0 pmb:2 smb:8158 d:- ref:0 ;
in:2067 out:2068 type:b dur:2 cpbdur:2 q:12.02 aq:0.00 tex:81 mv:2 misc:429 imb:0 pmb:2 smb:8158 d:- ref:0 ;
in:2072 out:2069 type:P dur:2 cpbdur:2 q:12.00 aq:4.36 tex:1721 mv:149 misc:730 imb:5 pmb:37 smb:8118 d:- ref:0 ;
in:2070 out:2070 type:B dur:2 cpbdur:2 q:12.01 aq:0.17 tex:216 mv:7 misc:481 imb:0 pmb:6 smb:8154 d:- ref:0 ;
in:2069 out:2071 type:b dur:2 cpbdur:2 q:12.01 aq:0.00 tex:81 mv:2 misc:429 imb:0 pmb:2 smb:8158 d:- ref:0 ;
in:2071 out:2072 type:b dur:2 cpbdur:2 q:12.00 aq:0.00 tex:81 mv:2 misc:429 imb:0 pmb:2 smb:8158 d:- ref:0 ;
in:2076 out:2073 type:P dur:2 cpbdur:2 q:11.98 aq:1.45 tex:1056 mv:138 misc:646 imb:6 pmb:21 smb:8133 d:- ref:0 ;
in:2074 out:2074 type:B dur:2 cpbdur:2 q:11.99 aq:0.17 tex:216 mv:7 misc:481 imb:0 pmb:6 smb:8154 d:- ref:0 ;
in:2073 out:2075 type:b dur:2 cpbdur:2 q:11.99 aq:0.00 tex:81 mv:2 misc:429 imb:0 pmb:2 smb:8158 d:- ref:0 ;
in:2075 out:2076 type:b dur:2 cpbdur:2 q:11.98 aq:0.00 tex:81 mv:2 misc:429 imb:0 pmb:2 smb:8158 d:- ref:0 ;
in:2079 out:2077 type:P dur:2 cpbdur:2 q:11.96 aq:7.75 tex:42859 mv:1768 misc:893 imb:21 pmb:214 smb:7925 d:- ref:0 ;
in:2077 out:2078 type:B dur:2 cpbdur:2 q:11.98 aq:7.78 tex:21604 mv:1127 misc:893 imb:2 pmb:163 smb:7995 d:- ref:0 ;
in:2078 out:2079 type:b dur:2 cpbdur:2 q:11.97 aq:8.34 tex:22228 mv:1123 misc:889 imb:5 pmb:178 smb:7977 d:- ref:0 ;
in:2080 out:2080 type:I dur:2 cpbdur:2 q:9.11 aq:1.61 tex:1344249 mv:65630 misc:553 imb:8160 pmb:0 smb:0 d:- ref:;
in:2083 out:2081 type:P dur:2 cpbdur:2 q:11.95 aq:5.11 tex:617588 mv:21967 misc:2501 imb:1055 pmb:1645 smb:5460 d:- ref:0 ;
in:2081 out:2082 type:B dur:2 cpbdur:2 q:11.95 aq:9.65 tex:47264 mv:1926 misc:1746 imb:3 pmb:514 smb:7643 d:- ref:0 ;
in:2082 out:2083 type:b dur:2 cpbdur:2 q:11.95 aq:9.15 tex:45106 mv:1820 misc:1674 imb:9 pmb:505 smb:7646 d:- ref:0 ;
in:2084 out:2084 type:P dur:2 cpbdur:2 q:11.94 aq:4.60 tex:594284 mv:21178 misc:2338 imb:1052 pmb:1602 smb:5506 d:- ref:0 ;
in:2085 out:2085 type:P dur:2 cpbdur:2 q:11.93 aq:2.92 tex:537811 mv:20561 misc:2236 imb:1254 pmb:1467 smb:5439 d:- ref:0 ;
in:2086 out:2086 type:P dur:2 cpbdur:2 q:11.93 aq:2.79 tex:465797 mv:17752 misc:1907 imb:1083 pmb:1312 smb:5765 d:- ref:0 ;
in:2087 out:2087 type:P dur:2 cpbdur:2 q:11.92 aq:1.95 tex:438391 mv:17219 misc:2070 imb:1498 pmb:1219 smb:5443 d:- ref:0 ;
in:2091 out:2088 type:P dur:2 cpbdur:2 q:11.92 aq:1.94 tex:1558047 mv:26131 misc:1742 imb:2490 pmb:889 smb:4781 d:- ref:0 ;
in:2089 out:2089 type:B dur:2 cpbdur:2 q:11.92 aq:6.73 tex:349125 mv:17050 misc:2905 imb:265 pmb:1959 smb:5936 d:- ref:0 ;
in:2088 out:2090 type:b dur:2 cpbdur:2 q:11.92 aq:8.93 tex:257341 mv:11222 misc:3061 imb:196 pmb:1953 smb:6011 d:- ref:0 ;
in:2090 out:2091 type:b dur:2 cpbdur:2 q:11.92 aq:8.12 tex:186688 mv:17291 misc:2701 imb:138 pmb:1828 smb:6194 d:- ref:0 ;
in:2094 out:2092 type:P dur:2 cpbdur:2 q:11.90 aq:1.23 tex:1030094 mv:18567 misc:1931 imb:769 pmb:1596 smb:5795 d:- ref:0 ;
in:2092 out:2093 type:B dur:2 cpbdur:2 q:11.91 aq:9.17 tex:205300 mv:20767 misc:2517 imb:157 pmb:1806 smb:6197 d:- ref:0 ;
in:2093 out:2094 type:b dur:2 cpbdur:2 q:11.91 aq:9.64 tex:167033 mv:18387 misc:2596 imb:162 pmb:1739 smb:6259 d:- ref:0 ;
in:2098 out:2095 type:P dur:2 cpbdur:2 q:11.92 aq:2.58 tex:85785 mv:428 misc:3011 imb:8 pmb:1089 smb:7063 d:- ref:0 ;
in:2096 out:2096 type:B dur:2 cpbdur:2 q:11.91 aq:0.00 tex:88 mv:25 misc:463 imb:1 pmb:3 smb:8156 d:- ref:0 ;
in:2095 out:2097 type:b dur:2 cpbdur:2 q:11.91 aq:0.00 tex:57 mv:19 misc:436 imb:0 pmb:3 smb:8157 d:- ref:0 ;
in:2097 out:2098 type:b dur:2 cpbdur:2 q:11.92 aq:0.00 tex:53 mv:11 misc:432 imb:0 pmb:2 smb:8158 d:- ref:0 ;
in:2102 out:2099 type:P dur:2 cpbdur:2 q:11.94 aq:2.53 tex:35730 mv:214 misc:2472 imb:3 pmb:505 smb:7652 d:- ref:0 ;
in:2100 out:2100 type:B dur:2 cpbdur:2 q:11.93 aq:0.00 tex:88 mv:25 misc:463 imb:1 pmb:3 smb:8156 d:- ref:0 ;
in:2099 out:2101 type:b dur:2 cpbdur:2 q:11.93 aq:0.00 tex:52 mv:11 misc:433 imb:0 pmb:2 smb:8158 d:- ref:0 ;
in:2101 out:2102 type:b dur:2 cpbdur:2 q:11.94 aq:0.00 tex:53 mv:11 misc:432 imb:0 pmb:2 smb:8158 d:- ref:0 ;
in:2106 out:2103 type:P dur:2 cpbdur:2 q:12.01 aq:2.43 tex:15552 mv:152 misc:1928 imb:2 pmb:307 smb:7851 d:- ref:0 ;
in:2104 out:2104 type:B dur:2 cpbdur:2 q:11.98 aq:0.00 tex:84 mv:12 misc:456 imb:0 pmb:3 smb:8157 d:- ref:0 ;
in:2103 out:2105 type:b dur:2 cpbdur:2 q:11.96 aq:0.00 tex:52 mv:11 misc:433 imb:0 pmb:2 smb:8158 d:- ref:0 ;
in:2105 out:2106 type:b dur:2 cpbdur:2 q:11.99 aq:0.00 tex:46 mv:1 misc:417 imb:0 pmb:1 smb:8159 d:- ref:0 ;
in:2110 out:2107 type:P dur:2 cpbdur:2 q:12.05 aq:4.21 tex:57724 mv:1164 misc:1784 imb:199 pmb:267 smb:7694 d:- ref:0 ;
in:2108 out:2108 type:B dur:2 cpbdur:2 q:12.03 aq:5.16 tex:17418 mv:523 misc:715 imb:11 pmb:82 smb:8067 d:- ref:0 ;
in:2107 out:2109 type:b dur:2 cpbdur:2 q:12.02 aq:1.14 tex:8135 mv:304 misc:529 imb:3 pmb:39 smb:8118 d:- ref:0 ;
in:2109 out:2110 type:b dur:2 cpbdur:2 q:12.04 aq:11.31 tex:17184 mv:1384 misc:704 imb:5 pmb:109 smb:8046 d:- ref:0 ;
in:2114 out:2111 type:P dur:2 cpbdur:2 q:12.05 aq:2.97 tex:235124 mv:3427 misc:2881 imb:433 pmb:1450 smb:6277 d:- ref:0 ;
in:2112 out:2112 type:B dur:2 cpbdur:2 q:12.05 aq:4.17 tex:17326 mv:1633 misc:889 imb:11 pmb:163 smb:7986 d:- ref:0 ;
in:2111 out:2113 type:b dur:2 cpbdur:2 q:12.05 aq:3.64 tex:26896 mv:2264 misc:856 imb:10 pmb:185 smb:7965 d:- ref:0 ;
in:2113 out:2114 type:b dur:2 cpbdur:2 q:12.05 aq:4.65 tex:8239 mv:1891 misc:694 imb:2 pmb:124 smb:8034 d:- ref:0 ;
in:2118 out:2115 type:P dur:2 cpbdur:2 q:12.03 aq:2.45 tex:88907 mv:1969 misc:2788 imb:60 pmb:703 smb:7397 d:- ref:0 ;
in:2116 out:2116 type:B dur:2 cpbdur:2 q:12.04 aq:4.11 tex:14582 mv:2023 misc:699 imb:2 pmb:126 smb:8032 d:- ref:0 ;
in:2115 out:2117 type:b dur:2 cpbdur:2 q:12.04 aq:10.46 tex:10210 mv:1665 misc:685 imb:2 pmb:118 smb:8040 d:- ref:0 ;
in:2117 out:2118 type:b dur:2 cpbdur:2 q:12.03 aq:4.39 tex:10073 mv:1794 misc:669 imb:2 pmb:120 smb:8038 d:- ref:0 ;
in:2122 out:2119 type:P dur:2 cpbdur:2 q:12.01 aq:2.93 tex:62629 mv:386 misc:2393 imb:22 pmb:499 smb:7639 d:- ref:0 ;
in:2120 out:2120 type:B dur:2 cpbdur:2 q:12.02 aq:7.89 tex:8890 mv:194 misc:532 imb:4 pmb:24 smb:8132 d:- ref:0 ;
in:2119 out:2121 type:b dur:2 cpbdur:2 q:12.03 aq:13.99 tex:2775 mv:93 misc:436 imb:0 pmb:8 smb:8152 d:- ref:0 ;
in:2121 out:2122 type:b dur:2 cpbdur:2 q:12.02 aq:4.02 tex:12611 mv:556 misc:473 imb:0 pmb:30 smb:8130 d:- ref:0 ;
in:2123 out:2123 type:P dur:2 cpbdur:2 q:12.00 aq:3.00 tex:83443 mv:651 misc:2666 imb:16 pmb:586 smb:7558 d:- ref:0 ;
in:2127 out:2124 type:P dur:2 cpbdur:2 q:12.00 aq:2.93 tex:68008 mv:857 misc:2199 imb:9 pmb:446 smb:7705 d:- ref:0 ;
in:2125 out:2125 type:B dur:2 cpbdur:2 q:12.00 aq:6.31 tex:23256 mv:540 misc:564 imb:3 pmb:59 smb:8098 d:- ref:0 ;
in:2124 out:2126 type:b dur:2 cpbdur:2 q:12.00 aq:16.01 tex:19649 mv:388 misc:475 imb:2 pmb:48 smb:8110 d:- ref:0 ;
in:2126 out:2127 type:b dur:2 cpbdur:2 q:12.00 aq:16.22 tex:13593 mv:293 misc:458 imb:1 pmb:46 smb:8113 d:- ref:0 ;
in:2131 out:2128 type:P dur:2 cpbdur:2 q:11.99 aq:2.91 tex:48197 mv:555 misc:1944 imb:12 pmb:346 smb:7802 d:- ref:0 ;
in:2129 out:2129 type:B dur:2 cpbdur:2 q:11.99 aq:8.60 tex:16500 mv:514 misc:506 imb:1 pmb:57 smb:8102 d:- ref:0 ;
in:2128 out:2130 type:b dur:2 cpbdur:2 q:11.99 aq:16.91 tex:12983 mv:325 misc:460 imb:1 pmb:49 smb:8110 d:- ref:0 ;
in:2130 out:2131 type:b dur:2 cpbdur:2 q:11.99 aq:0.00 tex:183 mv:90 misc:503 imb:0 pmb:25 smb:8135 d:- ref:0 ;
in:2135 out:2132 type:P dur:2 cpbdur:2 q:11.98 aq:3.12 tex:43581 mv:453 misc:2014 imb:20 pmb:348 smb:7792 d:- ref:0 ;
in:2133 out:2133 type:B dur:2 cpbdur:2 q:11.98 aq:5.01 tex:7112 mv:372 misc:532 imb:0 pmb:29 smb:8131 d:- ref:0 ;
in:2132 out:2134 type:b dur:2 cpbdur:2 q:11.98 aq:0.51 tex:4481 mv:230 misc:473 imb:0 pmb:17 smb:8143 d:- ref:0 ;
in:2134 out:2135 type:b dur:2 cpbdur:2 q:11.98 aq:11.91 tex:6385 mv:527 misc:480 imb:0 pmb:29 smb:8131 d:- ref:0 ;
in:2139 out:2136 type:P dur:2 cpbdur:2 q:11.96 aq:2.64 tex:66535 mv:909 misc:2108 imb:23 pmb:474 smb:7663 d:- ref:0 ;
in:2137 out:2137 type:B dur:2 cpbdur:2 q:11.97 aq:1.94 tex:7205 mv:732 misc:751 imb:0 pmb:78 smb:8082 d:- ref:0 ;
in:2136 out:2138 type:b dur:2 cpbdur:2 q:11.97 aq:1.75 tex:5821 mv:447 misc:612 imb:2 pmb:50 smb:8108 d:- ref:0 ;
in:2138 out:2139 type:b dur:2 cpbdur:2 q:11.97 aq:10.90 tex:2254 mv:195 misc:503 imb:0 pmb:24 smb:8136 d:- ref:0 ;
in:2143 out:2140 type:P dur:2 cpbdur:2 q:11.95 aq:3.00 tex:34940 mv:475 misc:2137 imb:3 pmb:394 smb:7763 d:- ref:0 ;
in:2141 out:2141 type:B dur:2 cpbdur:2 q:11.96 aq:4.90 tex:5066 mv:314 misc:516 imb:0 pmb:36 smb:8124 d:- ref:0 ;
in:2140 out:2142 type:b dur:2 cpbdur:2 q:11.96 aq:9.93 tex:2512 mv:180 misc:500 imb:0 pmb:27 smb:8133 d:- ref:0 ;
in:2142 out:2143 type:b dur:2 cpbdur:2 q:11.95 aq:7.82 tex:75 mv:77 misc:504 imb:0 pmb:18 smb:8142 d:- ref:0 ;
in:2147 out:2144 type:P dur:2 cpbdur:2 q:11.94 aq:3.00 tex:15187 mv:137 misc:1972 imb:0 pmb:337 smb:7823 d:- ref:0 ;
in:2145 out:2145 type:B dur:2 cpbdur:2 q:11.94 aq:0.00 tex:106 mv:2 misc:444 imb:0 pmb:2 smb:8158 d:- ref:0 ;
in:2144 out:2146 type:b dur:2 cpbdur:2 q:11.95 aq:0.00 tex:46 mv:1 misc:417 imb:0 pmb:1 smb:8159 d:- ref:0 ;
in:2146 out:2147 type:b dur:2 cpbdur:2 q:11.94 aq:0.00 tex:46 mv:1 misc:417 imb:0 pmb:1 smb:8159 d:- ref:0 ;
in:2151 out:2148 type:P dur:2 cpbdur:2 q:11.92 aq:2.89 tex:12090 mv:128 misc:1870 imb:0 pmb:303 smb:7857 d:- ref:0 ;
in:2149 out:2149 type:B dur:2 cpbdur:2 q:11.93 aq:0.00 tex:106 mv:2 misc:444 imb:0 pmb:2 smb:8158 d:- ref:0 ;
in:2148 out:2150 type:b dur:2 cpbdur:2 q:11.93 aq:0.00 tex:46 mv:1 misc:417 imb:0 pmb:1 smb:8159 d:- ref:0 ;
in:2150 out:2151 type:b dur:2 cpbdur:2 q:11.93 aq:0.00 tex:46 mv:1 misc:417 imb:0 pmb:1 smb:8159 d:- ref:0 ;
in:2155 out:2152 type:P dur:2 cpbdur:2 q:11.91 aq:2.77 tex:10311 mv:137 misc:1840 imb:0 pmb:295 smb:7865 d:- ref:0 ;
in:2153 out:2153 type:B dur:2 cpbdur:2 q:11.92 aq:0.00 tex:106 mv:2 misc:444 imb:0 pmb:2 smb:8158 d:- ref:0 ;
in:2152 out:2154 type:b dur:2 cpbdur:2 q:11.92 aq:0.00 tex:46 mv:1 misc:417 imb:0 pmb:1 smb:8159 d:- ref:0 ;
in:2154 out:2155 type:b dur:2 cpbdur:2 q:11.91 aq:0.00 tex:46 mv:1 misc:417 imb:0 pmb:1 smb:8159 d:- ref:0 ;
in:2159 out:2156 type:P dur:2 cpbdur:2 q:11.89 aq:2.77 tex:10514 mv:131 misc:1827 imb:0 pmb:295 smb:7865 d:- ref:0 ;
in:2157 out:2157 type:B dur:2 cpbdur:2 q:11.90 aq:0.00 tex:106 mv:2 misc:444 imb:0 pmb:2 smb:8158 d:- ref:0 ;
in:2156 out:2158 type:b dur:2 cpbdur:2 q:11.91 aq:0.00 tex:46 mv:1 misc:417 imb:0 pmb:1 smb:8159 d:- ref:0 ;
in:2158 out:2159 type:b dur:2 cpbdur:2 q:11.90 aq:0.00 tex:46 mv:1 misc:417 imb:0 pmb:1 smb:8159 d:- ref:0 ;
in:2163 out:2160 type:P dur:2 cpbdur:2 q:11.88 aq:2.66 tex:22869 mv:160 misc:2003 imb:2 pmb:349 smb:7809 d:- ref:0 ;
in:2161 out:2161 type:B dur:2 cpbdur:2 q:11.89 aq:0.00 tex:138 mv:51 misc:507 imb:0 pmb:10 smb:8150 d:- ref:0 ;
in:2160 out:2162 type:b dur:2 cpbdur:2 q:11.89 aq:0.00 tex:46 mv:1 misc:417 imb:0 pmb:1 smb:8159 d:- ref:0 ;
in:2162 out:2163 type:b dur:2 cpbdur:2 q:11.88 aq:0.00 tex:46 mv:1 misc:417 imb:0 pmb:1 smb:8159 d:- ref:0 ;
in:2167 out:2164 type:P dur:2 cpbdur:2 q:11.86 aq:2.95 tex:12136 mv:134 misc:1882 imb:0 pmb:309 smb:7851 d:- ref:0 ;
in:2165 out:2165 type:B dur:2 cpbdur:2 q:11.87 aq:0.00 tex:106 mv:2 misc:444 imb:0 pmb:2 smb:8158 d:- ref:0 ;
in:2164 out:2166 type:b dur:2 cpbdur:2 q:11.88 aq:0.00 tex:46 mv:1 misc:417 imb:0 pmb:1 smb:8159 d:- ref:0 ;
in:2166 out:2167 type:b dur:2 cpbdur:2 q:11.87 aq:0.00 tex:46 mv:1 misc:417 imb:0 pmb:1 smb:8159 d:- ref:0 ;
in:2171 out:2168 type:P dur:2 cpbdur:2 q:11.85 aq:2.87 tex:10689 mv:137 misc:1846 imb:0 pmb:298 smb:7862 d:- ref:0 ;
in:2169 out:2169 type:B dur:2 cpbdur:2 q:11.86 aq:0.00 tex:106 mv:2 misc:444 imb:0 pmb:2 smb:8158 d:- ref:0 ;
in:2168 out:2170 type:b dur:2 cpbdur:2 q:11.86 aq:0.00 tex:46 mv:1 misc:417 imb:0 pmb:1 smb:8159 d:- ref:0 ;
in:2170 out:2171 type:b dur:2 cpbdur:2 q:11.85 aq:0.00 tex:46 mv:1 misc:417 imb:0 pmb:1 smb:8159 d:- ref:0 ;
in:2175 out:2172 type:P dur:2 cpbdur:2 q:11.83 aq:3.00 tex:33456 mv:426 misc:1870 imb:29 pmb:304 smb:7827 d:- ref:0 ;
in:2173 out:2173 type:B dur:2 cpbdur:2 q:11.84 aq:2.06 tex:5427 mv:191 misc:510 imb:1 pmb:23 smb:8136 d:- ref:0 ;
in:2172 out:2174 type:b dur:2 cpbdur:2 q:11.84 aq:0.00 tex:76 mv:49 misc:459 imb:0 pmb:9 smb:8151 d:- ref:0 ;
in:2174 out:2175 type:b dur:2 cpbdur:2 q:11.84 aq:8.44 tex:7652 mv:437 misc:479 imb:1 pmb:33 smb:8126 d:- ref:0 ;
in:2176 out:2176 type:P dur:2 cpbdur:2 q:11.82 aq:2.73 tex:69701 mv:917 misc:2478 imb:36 pmb:512 smb:7612 d:- ref:0 ;
in:2180 out:2177 type:P dur:2 cpbdur:2 q:11.81 aq:2.78 tex:70493 mv:1237 misc:2022 imb:97 pmb:343 smb:7720 d:- ref:0 ;
in:2178 out:2178 type:B dur:2 cpbdur:2 q:11.81 aq:3.96 tex:12802 mv:723 misc:587 imb:3 pmb:78 smb:8079 d:- ref:0 ;
in:2177 out:2179 type:b dur:2 cpbdur:2 q:11.82 aq:10.78 tex:16227 mv:1412 misc:601 imb:2 pmb:84 smb:8074 d:- ref:0 ;
in:2179 out:2180 type:b dur:2 cpbdur:2 q:11.81 aq:9.75 tex:6856 mv:809 misc:567 imb:1 pmb:66 smb:8093 d:- ref:0 ;
in:2184 out:2181 type:P dur:2 cpbdur:2 q:11.80 aq:2.59 tex:46393 mv:1049 misc:1934 imb:63 pmb:356 smb:7741 d:- ref:0 ;
in:2182 out:2182 type:B dur:2 cpbdur:2 q:11.80 aq:2.48 tex:8817 mv:797 misc:586 imb:1 pmb:62 smb:8097 d:- ref:0 ;
in:2181 out:2183 type:b dur:2 cpbdur:2 q:11.81 aq:10.23 tex:6783 mv:777 misc:560 imb:1 pmb:60 smb:8099 d:- ref:0 ;
in:2183 out:2184 type:b dur:2 cpbdur:2 q:11.80 aq:10.09 tex:6436 mv:778 misc:562 imb:1 pmb:59 smb:8100 d:- ref:0 ;
in:2188 out:2185 type:P dur:2 cpbdur:2 q:11.78 aq:2.53 tex:28594 mv:299 misc:2027 imb:17 pmb:338 smb:7805 d:- ref:0 ;
in:2186 out:2186 type:B dur:2 cpbdur:2 q:11.79 aq:3.24 tex:4425 mv:222 misc:497 imb:1 pmb:25 smb:8134 d:- ref:0 ;
in:2185 out:2187 type:b dur:2 cpbdur:2 q:11.79 aq:7.95 tex:1875 mv:95 misc:430 imb:0 pmb:8 smb:8152 d:- ref:0 ;
in:2187 out:2188 type:b dur:2 cpbdur:2 q:11.79 aq:4.81 tex:4869 mv:446 misc:445 imb:2 pmb:21 smb:8137 d:- ref:0 ;
in:2192 out:2189 type:P dur:2 cpbdur:2 q:11.77 aq:2.50 tex:38262 mv:753 misc:1985 imb:15 pmb:343 smb:7802 d:- ref:0 ;
in:2190 out:2190 type:B dur:2 cpbdur:2 q:11.77 aq:2.47 tex:6691 mv:380 misc:513 imb:2 pmb:36 smb:8122 d:- ref:0 ;
in:2189 out:2191 type:b dur:2 cpbdur:2 q:11.78 aq:6.71 tex:6269 mv:743 misc:476 imb:3 pmb:36 smb:8121 d:- ref:0 ;
in:2191 out:2192 type:b dur:2 cpbdur:2 q:11.77 aq:5.35 tex:3898 mv:299 misc:491 imb:1 pmb:31 smb:8128 d:- ref:0 ;
in:2196 out:2193 type:P dur:2 cpbdur:2 q:11.76 aq:2.50 tex:32295 mv:536 misc:1969 imb:6 pmb:347 smb:7807 d:- ref:0 ;
in:2194 out:2194 type:B dur:2 cpbdur:2 q:11.76 aq:2.07 tex:5597 mv:473 misc:522 imb:0 pmb:39 smb:8121 d:- ref:0 ;
in:2193 out:2195 type:b dur:2 cpbdur:2 q:11.76 aq:6.95 tex:3944 mv:294 misc:490 imb:2 pmb:33 smb:8125 d:- ref:0 ;
in:2195 out:2196 type:b dur:2 cpbdur:2 q:11.76 aq:5.44 tex:3664 mv:271 misc:489 imb:2 pmb:30 smb:8128 d:- ref:0 ;
in:2200 out:2197 type:P dur:2 cpbdur:2 q:11.74 aq:2.56 tex:40191 mv:570 misc:2079 imb:49 pmb:359 smb:7752 d:- ref:0 ;
in:2198 out:2198 type:B dur:2 cpbdur:2 q:11.75 aq:3.49 tex:10076 mv:259 misc:529 imb:7 pmb:32 smb:8121 d:- ref:0 ;
in:2197 out:2199 type:b dur:2 cpbdur:2 q:11.75 aq:8.62 tex:4639 mv:181 misc:452 imb:1 pmb:17 smb:8142 d:- ref:0 ;
in:2199 out:2200 type:b dur:2 cpbdur:2 q:11.75 aq:9.99 tex:11715 mv:612 misc:537 imb:1 pmb:50 smb:8109 d:- ref:0 ;
in:2204 out:2201 type:P dur:2 cpbdur:2 q:11.73 aq:2.22 tex:73276 mv:1210 misc:2042 imb:94 pmb:357 smb:7709 d:- ref:0 ;
in:2202 out:2202 type:B dur:2 cpbdur:2 q:11.73 aq:4.85 tex:10373 mv:693 misc:582 imb:2 pmb:70 smb:8088 d:- ref:0 ;
in:2201 out:2203 type:b dur:2 cpbdur:2 q:11.74 aq:11.18 tex:16523 mv:1218 misc:579 imb:1 pmb:84 smb:8075 d:- ref:0 ;
in:2203 out:2204 type:b dur:2 cpbdur:2 q:11.73 aq:11.16 tex:5135 mv:780 misc:565 imb:2 pmb:62 smb:8096 d:- ref:0 ;
in:2208 out:2205 type:P dur:2 cpbdur:2 q:11.71 aq:2.13 tex:58715 mv:1107 misc:2114 imb:32 pmb:418 smb:7710 d:- ref:0 ;
in:2206 out:2206 type:B dur:2 cpbdur:2 q:11.72 aq:4.72 tex:6797 mv:1021 misc:646 imb:2 pmb:74 smb:8084 d:- ref:0 ;
in:2205 out:2207 type:b dur:2 cpbdur:2 q:11.72 aq:11.09 tex:5101 mv:809 misc:554 imb:2 pmb:58 smb:8100 d:- ref:0 ;
in:2207 out:2208 type:b dur:2 cpbdur:2 q:11.72 aq:11.13 tex:4788 mv:719 misc:589 imb:0 pmb:65 smb:8095 d:- ref:0 ;
in:2212 out:2209 type:P dur:2 cpbdur:2 q:11.70 aq:2.35 tex:34721 mv:314 misc:2149 imb:18 pmb:392 smb:7750 d:- ref:0 ;
in:2210 out:2210 type:B dur:2 cpbdur:2 q:11.71 aq:0.44 tex:4349 mv:239 misc:484 imb:0 pmb:26 smb:8134 d:- ref:0 ;
in:2209 out:2211 type:b dur:2 cpbdur:2 q:11.71 aq:9.30 tex:1792 mv:72 misc:432 imb:0 pmb:8 smb:8152 d:- ref:0 ;
in:2211 out:2212 type:b dur:2 cpbdur:2 q:11.70 aq:0.73 tex:5305 mv:406 misc:457 imb:0 pmb:24 smb:8136 d:- ref:0 ;
in:2216 out:2213 type:P dur:2 cpbdur:2 q:11.68 aq:2.47 tex:40941 mv:807 misc:2084 imb:17 pmb:377 smb:7766 d:- ref:0 ;
in:2214 out:2214 type:B dur:2 cpbdur:2 q:11.69 aq:3.31 tex:7292 mv:360 misc:516 imb:2 pmb:36 smb:8122 d:- ref:0 ;
in:2213 out:2215 type:b dur:2 cpbdur:2 q:11.70 aq:5.57 tex:7072 mv:708 misc:476 imb:0 pmb:41 smb:8119 d:- ref:0 ;
in:2215 out:2216 type:b dur:2 cpbdur:2 q:11.69 aq:6.57 tex:3344 mv:229 misc:499 imb:0 pmb:30 smb:8130 d:- ref:0 ;
in:2220 out:2217 type:P dur:2 cpbdur:2 q:11.67 aq:2.49 tex:32443 mv:583 misc:2078 imb:9 pmb:387 smb:7764 d:- ref:0 ;
in:2218 out:2218 type:B dur:2 cpbdur:2 q:11.68 aq:2.89 tex:5307 mv:422 misc:511 imb:0 pmb:39 smb:8121 d:- ref:0 ;
in:2217 out:2219 type:b dur:2 cpbdur:2 q:11.68 aq:7.09 tex:3846 mv:214 misc:492 imb:0 pmb:35 smb:8125 d:- ref:0 ;
in:2219 out:2220 type:b dur:2 cpbdur:2 q:11.68 aq:11.58 tex:3058 mv:224 misc:462 imb:0 pmb:25 smb:8135 d:- ref:0 ;
in:2224 out:2221 type:P dur:2 cpbdur:2 q:11.66 aq:2.47 tex:14967 mv:185 misc:2096 imb:1 pmb:366 smb:7793 d:- ref:0 ;
in:2222 out:2222 type:B dur:2 cpbdur:2 q:11.67 aq:0.00 tex:106 mv:2 misc:444 imb:0 pmb:2 smb:8158 d:- ref:0 ;
in:2221 out:2223 type:b dur:2 cpbdur:2 q:11.67 aq:0.00 tex:46 mv:1 misc:417 imb:0 pmb:1 smb:8159 d:- ref:0 ;
in:2223 out:2224 type:b dur:2 cpbdur:2 q:11.66 aq:0.00 tex:52 mv:11 misc:433 imb:0 pmb:2 smb:8158 d:- ref:0 ;
in:2228 out:2225 type:P dur:2 cpbdur:2 q:11.64 aq:2.32 tex:11849 mv:145 misc:1934 imb:0 pmb:328 smb:7832 d:- ref:0 ;
in:2226 out:2226 type:B dur:2 cpbdur:2 q:11.65 aq:0.00 tex:106 mv:2 misc:444 imb:0 pmb:2 smb:8158 d:- ref:0 ;
in:2225 out:2227 type:b dur:2 cpbdur:2 q:11.66 aq:0.00 tex:46 mv:1 misc:417 imb:0 pmb:1 smb:8159 d:- ref:0 ;
in:2227 out:2228 type:b dur:2 cpbdur:2 q:11.65 aq:0.00 tex:46 mv:1 misc:417 imb:0 pmb:1 smb:8159 d:- ref:0 ;
in:2232 out:2229 type:P dur:2 cpbdur:2 q:11.63 aq:2.34 tex:20525 mv:238 misc:1989 imb:7 pmb:357 smb:7796 d:- ref:0 ;
in:2230 out:2230 type:B dur:2 cpbdur:2 q:11.64 aq:0.00 tex:141 mv:62 misc:517 imb:0 pmb:12 smb:8148 d:- ref:0 ;
in:2229 out:2231 type:b dur:2 cpbdur:2 q:11.64 aq:0.00 tex:46 mv:1 misc:417 imb:0 pmb:1 smb:8159 d:- ref:0 ;
in:2231 out:2232 type:b dur:2 cpbdur:2 q:11.63 aq:2.66 tex:58 mv:19 misc:443 imb:0 pmb:3 smb:8157 d:- ref:0 ;
in:2236 out:2233 type:P dur:2 cpbdur:2 q:11.62 aq:2.18 tex:11600 mv:139 misc:1925 imb:0 pmb:322 smb:7838 d:- ref:0 ;
in:2234 out:2234 type:B dur:2 cpbdur:2 q:11.62 aq:3.47 tex:152 mv:4 misc:452 imb:0 pmb:3 smb:8157 d:- ref:0 ;
in:2233 out:2235 type:b dur:2 cpbdur:2 q:11.63 aq:0.00 tex:46 mv:1 misc:417 imb:0 pmb:1 smb:8159 d:- ref:0 ;
in:2235 out:2236 type:b dur:2 cpbdur:2 q:11.62 aq:0.00 tex:46 mv:1 misc:417 imb:0 pmb:1 smb:8159 d:- ref:0 ;
in:2240 out:2237 type:P dur:2 cpbdur:2 q:11.60 aq:2.14 tex:12922 mv:125 misc:1937 imb:0 pmb:327 smb:7833 d:- ref:0 ;
in:2238 out:2238 type:B dur:2 cpbdur:2 q:11.61 aq:3.47 tex:152 mv:4 misc:452 imb:0 pmb:3 smb:8157 d:- ref:0 ;
in:2237 out:2239 type:b dur:2 cpbdur:2 q:11.61 aq:0.00 tex:46 mv:1 misc:417 imb:0 pmb:1 smb:8159 d:- ref:0 ;
in:2239 out:2240 type:b dur:2 cpbdur:2 q:11.61 aq:0.00 tex:46 mv:1 misc:417 imb:0 pmb:1 smb:8159 d:- ref:0 ;
in:2244 out:2241 type:P dur:2 cpbdur:2 q:11.59 aq:2.13 tex:12763 mv:128 misc:1909 imb:0 pmb:317 smb:7843 d:- ref:0 ;
in:2242 out:2242 type:B dur:2 cpbdur:2 q:11.59 aq:3.47 tex:152 mv:4 misc:452 imb:0 pmb:3 smb:8157 d:- ref:0 ;
in:2241 out:2243 type:b dur:2 cpbdur:2 q:11.60 aq:0.00 tex:46 mv:1 misc:417 imb:0 pmb:1 smb:8159 d:- ref:0 ;
in:2243 out:2244 type:b dur:2 cpbdur:2 q:11.59 aq:0.00 tex:46 mv:1 misc:417 imb:0 pmb:1 smb:8159 d:- ref:0 ;
in:2248 out:2245 type:P dur:2 cpbdur:2 q:11.57 aq:3.57 tex:65744 mv:2488 misc:2184 imb:40 pmb:527 smb:7593 d:- ref:0 ;
in:2246 out:2246 type:B dur:2 cpbdur:2 q:11.58 aq:4.25 tex:30133 mv:2813 misc:806 imb:7 pmb:217 smb:7936 d:- ref:0 ;
in:2245 out:2247 type:b dur:2 cpbdur:2 q:11.58 aq:11.73 tex:19430 mv:2149 misc:789 imb:2 pmb:196 smb:7962 d:- ref:0 ;
in:2247 out:2248 type:b dur:2 cpbdur:2 q:11.58 aq:6.91 tex:22257 mv:2351 misc:800 imb:9 pmb:201 smb:7950 d:- ref:0 ;
in:2252 out:2249 type:P dur:2 cpbdur:2 q:11.56 aq:2.74 tex:121295 mv:2930 misc:2103 imb:167 pmb:420 smb:7573 d:- ref:0 ;
in:2250 out:2250 type:B dur:2 cpbdur:2 q:11.56 aq:5.71 tex:43847 mv:2174 misc:827 imb:16 pmb:239 smb:7905 d:- ref:0 ;
in:2249 out:2251 type:b dur:2 cpbdur:2 q:11.57 aq:11.87 tex:23174 mv:2460 misc:798 imb:6 pmb:212 smb:7942 d:- ref:0 ;
in:2251 out:2252 type:b dur:2 cpbdur:2 q:11.56 aq:11.81 tex:57446 mv:3925 misc:813 imb:8 pmb:240 smb:7912 d:- ref:0 ;
in:2254 out:2253 type:P dur:2 cpbdur:2 q:11.54 aq:2.38 tex:85118 mv:1684 misc:2166 imb:113 pmb:410 smb:7637 d:- ref:0 ;
in:2253 out:2254 type:b dur:2 cpbdur:2 q:11.55 aq:9.99 tex:46912 mv:1879 misc:641 imb:10 pmb:129 smb:8021 d:- ref:0 ;
in:2258 out:2255 type:P dur:2 cpbdur:2 q:11.53 aq:2.41 tex:65397 mv:1391 misc:1940 imb:75 pmb:330 smb:7755 d:- ref:0 ;
in:2256 out:2256 type:B dur:2 cpbdur:2 q:11.54 aq:1.63 tex:13082 mv:1004 misc:690 imb:1 pmb:93 smb:8066 d:- ref:0 ;
in:2255 out:2257 type:b dur:2 cpbdur:2 q:11.54 aq:8.91 tex:21011 mv:1126 misc:583 imb:4 pmb:83 smb:8073 d:- ref:0 ;
in:2257 out:2258 type:b dur:2 cpbdur:2 q:11.54 aq:1.55 tex:6953 mv:410 misc:525 imb:1 pmb:50 smb:8109 d:- ref:0 ;
in:2262 out:2259 type:P dur:2 cpbdur:2 q:11.52 aq:3.31 tex:33086 mv:627 misc:1583 imb:11 pmb:248 smb:7901 d:- ref:0 ;
in:2260 out:2260 type:B dur:2 cpbdur:2 q:11.53 aq:5.25 tex:10161 mv:659 misc:540 imb:0 pmb:47 smb:8113 d:- ref:0 ;
in:2259 out:2261 type:b dur:2 cpbdur:2 q:11.53 aq:12.11 tex:6608 mv:314 misc:494 imb:0 pmb:44 smb:8116 d:- ref:0 ;
in:2261 out:2262 type:b dur:2 cpbdur:2 q:11.52 aq:11.51 tex:6552 mv:375 misc:489 imb:0 pmb:43 smb:8117 d:- ref:0 ;
in:2266 out:2263 type:P dur:2 cpbdur:2 q:11.51 aq:2.98 tex:8997 mv:129 misc:1354 imb:1 pmb:186 smb:7973 d:- ref:0 ;
in:2264 out:2264 type:B dur:2 cpbdur:2 q:11.51 aq:0.00 tex:106 mv:2 misc:444 imb:0 pmb:2 smb:8158 d:- ref:0 ;
in:2263 out:2265 type:b dur:2 cpbdur:2 q:11.52 aq:0.00 tex:46 mv:1 misc:417 imb:0 pmb:1 smb:8159 d:- ref:0 ;
in:2265 out:2266 type:b dur:2 cpbdur:2 q:11.51 aq:0.00 tex:52 mv:11 misc:433 imb:0 pmb:2 smb:8158 d:- ref:0 ;
in:2270 out:2267 type:P dur:2 cpbdur:2 q:11.50 aq:2.67 tex:3689 mv:113 misc:1030 imb:1 pmb:96 smb:8063 d:- ref:0 ;
in:2268 out:2268 type:B dur:2 cpbdur:2 q:11.50 aq:0.00 tex:106 mv:2 misc:444 imb:0 pmb:2 smb:8158 d:- ref:0 ;
in:2267 out:2269 type:b dur:2 cpbdur:2 q:11.51 aq:0.00 tex:46 mv:1 misc:417 imb:0 pmb:1 smb:8159 d:- ref:0 ;
in:2269 out:2270 type:b dur:2 cpbdur:2 q:11.50 aq:0.00 tex:46 mv:1 misc:417 imb:0 pmb:1 smb:8159 d:- ref:0 ;
in:2274 out:2271 type:P dur:2 cpbdur:2 q:11.49 aq:3.19 tex:2360 mv:147 misc:837 imb:4 pmb:56 smb:8100 d:- ref:0 ;
in:2272 out:2272 type:B dur:2 cpbdur:2 q:11.49 aq:0.00 tex:106 mv:2 misc:444 imb:0 pmb:2 smb:8158 d:- ref:0 ;
in:2271 out:2273 type:b dur:2 cpbdur:2 q:11.50 aq:0.00 tex:46 mv:1 misc:417 imb:0 pmb:1 smb:8159 d:- ref:0 ;
in:2273 out:2274 type:b dur:2 cpbdur:2 q:11.49 aq:0.00 tex:46 mv:1 misc:417 imb:0 pmb:1 smb:8159 d:- ref:0 ;
in:2278 out:2275 type:P dur:2 cpbdur:2 q:11.48 aq:3.56 tex:1579 mv:100 misc:705 imb:1 pmb:39 smb:8120 d:- ref:0 ;
in:2276 out:2276 type:B dur:2 cpbdur:2 q:11.48 aq:0.00 tex:106 mv:2 misc:444 imb:0 pmb:2 smb:8158 d:- ref:0 ;
in:2275 out:2277 type:b dur:2 cpbdur:2 q:11.49 aq:0.00 tex:46 mv:1 misc:417 imb:0 pmb:1 smb:8159 d:- ref:0 ;
in:2277 out:2278 type:b dur:2 cpbdur:2 q:11.48 aq:0.00 tex:46 mv:1 misc:417 imb:0 pmb:1 smb:8159 d:- ref:0 ;
in:2282 out:2279 type:P dur:2 cpbdur:2 q:11.46 aq:4.08 tex:6076 mv:90 misc:666 imb:0 pmb:54 smb:8106 d:- ref:0 ;
in:2280 out:2280 type:B dur:2 cpbdur:2 q:11.47 aq:0.00 tex:135 mv:44 misc:485 imb:0 pmb:9 smb:8151 d:- ref:0 ;
in:2279 out:2281 type:b dur:2 cpbdur:2 q:11.47 aq:0.00 tex:53 mv:12 misc:431 imb:0 pmb:2 smb:8158 d:- ref:0 ;
in:2281 out:2282 type:b dur:2 cpbdur:2 q:11.47 aq:0.00 tex:46 mv:1 misc:417 imb:0 pmb:1 smb:8159 d:- ref:0 ;
in:2286 out:2283 type:P dur:2 cpbdur:2 q:11.45 aq:1.49 tex:832 mv:88 misc:584 imb:2 pmb:17 smb:8141 d:- ref:0 ;
in:2284 out:2284 type:B dur:2 cpbdur:2 q:11.45 aq:0.00 tex:106 mv:2 misc:444 imb:0 pmb:2 smb:8158 d:- ref:0 ;
in:2283 out:2285 type:b dur:2 cpbdur:2 q:11.46 aq:0.00 tex:46 mv:1 misc:417 imb:0 pmb:1 smb:8159 d:- ref:0 ;
in:2285 out:2286 type:b dur:2 cpbdur:2 q:11.45 aq:0.00 tex:46 mv:1 misc:417 imb:0 pmb:1 smb:8159 d:- ref:0 ;
in:2290 out:2287 type:P dur:2 cpbdur:2 q:11.43 aq:6.63 tex:517119 mv:20755 misc:2046 imb:1016 pmb:1837 smb:5307 d:- ref:0 ;
in:2288 out:2288 type:B dur:2 cpbdur:2 q:11.44 aq:8.34 tex:359637 mv:25618 misc:2793 imb:203 pmb:2002 smb:5955 d:- ref:0 ;
in:2287 out:2289 type:b dur:2 cpbdur:2 q:11.44 aq:10.43 tex:273089 mv:20473 misc:2926 imb:175 pmb:1908 smb:6077 d:- ref:0 ;
in:2289 out:2290 type:b dur:2 cpbdur:2 q:11.43 aq:10.42 tex:300118 mv:22217 misc:2945 imb:198 pmb:1935 smb:6027 d:- ref:0 ;
in:2292 out:2291 type:P dur:2 cpbdur:2 q:11.42 aq:7.94 tex:410034 mv:17922 misc:2468 imb:738 pmb:1833 smb:5589 d:- ref:0 ;
in:2291 out:2292 type:b dur:2 cpbdur:2 q:11.42 aq:10.02 tex:313703 mv:21625 misc:2976 imb:181 pmb:1980 smb:5999 d:- ref:0 ;
in:2293 out:2293 type:P dur:2 cpbdur:2 q:11.41 aq:3.10 tex:800348 mv:25050 misc:1898 imb:2192 pmb:996 smb:4972 d:- ref:0 ;
in:2294 out:2294 type:P dur:2 cpbdur:2 q:11.40 aq:2.16 tex:747855 mv:19272 misc:1225 imb:2017 pmb:650 smb:5493 d:- ref:0 ;
in:2295 out:2295 type:P dur:2 cpbdur:2 q:11.40 aq:1.22 tex:581125 mv:13901 misc:1038 imb:1640 pmb:370 smb:6150 d:- ref:0 ;
in:2296 out:2296 type:P dur:2 cpbdur:2 q:11.40 aq:1.73 tex:531947 mv:13188 misc:1097 imb:1106 pmb:505 smb:6549 d:- ref:0 ;
in:2297 out:2297 type:P dur:2 cpbdur:2 q:11.39 aq:2.39 tex:738004 mv:17762 misc:1554 imb:1451 pmb:738 smb:5971 d:- ref:0 ;
in:2301 out:2298 type:P dur:2 cpbdur:2 q:11.39 aq:2.36 tex:1005046 mv:21260 misc:1358 imb:2006 pmb:978 smb:5176 d:- ref:0 ;
in:2299 out:2299 type:B dur:2 cpbdur:2 q:11.39 aq:7.16 tex:262240 mv:17107 misc:2445 imb:184 pmb:1627 smb:6349 d:- ref:0 ;
in:2298 out:2300 type:b dur:2 cpbdur:2 q:11.39 aq:8.13 tex:209688 mv:15264 misc:2608 imb:189 pmb:1584 smb:6387 d:- ref:0 ;
in:2300 out:2301 type:b dur:2 cpbdur:2 q:11.39 aq:7.86 tex:145322 mv:15951 misc:2591 imb:146 pmb:1479 smb:6535 d:- ref:0 ;
in:2305 out:2302 type:P dur:2 cpbdur:2 q:11.39 aq:0.83 tex:629943 mv:14485 misc:1788 imb:828 pmb:1242 smb:6090 d:- ref:0 ;
in:2303 out:2303 type:B dur:2 cpbdur:2 q:11.39 aq:8.02 tex:157239 mv:16440 misc:2465 imb:155 pmb:1413 smb:6592 d:- ref:0 ;
in:2302 out:2304 type:b dur:2 cpbdur:2 q:11.39 aq:9.24 tex:126366 mv:15678 misc:2652 imb:147 pmb:1327 smb:6686 d:- ref:0 ;
in:2304 out:2305 type:b dur:2 cpbdur:2 q:11.39 aq:3.49 tex:22836 mv:1259 misc:1393 imb:3 pmb:378 smb:7779 d:- ref:0 ;
in:2309 out:2306 type:P dur:2 cpbdur:2 q:11.41 aq:2.80 tex:121181 mv:2152 misc:2451 imb:68 pmb:834 smb:7258 d:- ref:0 ;
in:2307 out:2307 type:B dur:2 cpbdur:2 q:11.40 aq:3.22 tex:26048 mv:1823 misc:721 imb:3 pmb:160 smb:7997 d:- ref:0 ;
in:2306 out:2308 type:b dur:2 cpbdur:2 q:11.39 aq:3.94 tex:15482 mv:1182 misc:640 imb:1 pmb:128 smb:8031 d:- ref:0 ;
in:2308 out:2309 type:b dur:2 cpbdur:2 q:11.40 aq:4.00 tex:18571 mv:1410 misc:691 imb:4 pmb:146 smb:8010 d:- ref:0 ;
in:2313 out:2310 type:P dur:2 cpbdur:2 q:11.46 aq:3.64 tex:85860 mv:2119 misc:1973 imb:34 pmb:467 smb:7659 d:- ref:0 ;
in:2311 out:2311 type:B dur:2 cpbdur:2 q:11.43 aq:3.64 tex:27214 mv:2071 misc:699 imb:4 pmb:169 smb:7987 d:- ref:0 ;
in:2310 out:2312 type:b dur:2 cpbdur:2 q:11.42 aq:4.46 tex:18671 mv:1520 misc:697 imb:3 pmb:160 smb:7997 d:- ref:0 ;
in:2312 out:2313 type:b dur:2 cpbdur:2 q:11.45 aq:4.90 tex:17158 mv:1394 misc:632 imb:0 pmb:153 smb:8007 d:- ref:0 ;
in:2317 out:2314 type:P dur:2 cpbdur:2 q:11.51 aq:3.89 tex:59506 mv:1348 misc:1402 imb:16 pmb:311 smb:7833 d:- ref:0 ;
in:2315 out:2315 type:B dur:2 cpbdur:2 q:11.48 aq:3.69 tex:28178 mv:1423 misc:687 imb:1 pmb:165 smb:7994 d:- ref:0 ;
in:2314 out:2316 type:b dur:2 cpbdur:2 q:11.47 aq:4.78 tex:15567 mv:1045 misc:652 imb:3 pmb:146 smb:8011 d:- ref:0 ;
in:2316 out:2317 type:b dur:2 cpbdur:2 q:11.50 aq:4.39 tex:10492 mv:797 misc:711 imb:0 pmb:140 smb:8020 d:- ref:0 ;
in:2321 out:2318 type:P dur:2 cpbdur:2 q:11.53 aq:1.73 tex:64733 mv:1866 misc:1121 imb:49 pmb:218 smb:7893 d:- ref:0 ;
in:2319 out:2319 type:B dur:2 cpbdur:2 q:11.52 aq:3.45 tex:24886 mv:2058 misc:608 imb:5 pmb:141 smb:8014 d:- ref:0 ;
in:2318 out:2320 type:b dur:2 cpbdur:2 q:11.51 aq:3.73 tex:17104 mv:1646 misc:594 imb:7 pmb:127 smb:8026 d:- ref:0 ;
in:2320 out:2321 type:b dur:2 cpbdur:2 q:11.52 aq:4.21 tex:14601 mv:1607 misc:568 imb:4 pmb:127 smb:8029 d:- ref:0 ;
in:2325 out:2322 type:P dur:2 cpbdur:2 q:11.52 aq:1.81 tex:64243 mv:1755 misc:994 imb:32 pmb:196 smb:7932 d:- ref:0 ;
in:2323 out:2323 type:B dur:2 cpbdur:2 q:11.52 aq:2.97 tex:21678 mv:2185 misc:617 imb:4 pmb:142 smb:8014 d:- ref:0 ;
in:2322 out:2324 type:b dur:2 cpbdur:2 q:11.52 aq:3.83 tex:16423 mv:1584 misc:609 imb:7 pmb:128 smb:8025 d:- ref:0 ;
in:2324 out:2325 type:b dur:2 cpbdur:2 q:11.52 aq:2.84 tex:15970 mv:1461 misc:625 imb:1 pmb:135 smb:8024 d:- ref:0 ;
in:2329 out:2326 type:P dur:2 cpbdur:2 q:11.51 aq:2.34 tex:63353 mv:1729 misc:886 imb:30 pmb:199 smb:7931 d:- ref:0 ;
in:2327 out:2327 type:B dur:2 cpbdur:2 q:11.51 aq:2.97 tex:23422 mv:1931 misc:639 imb:3 pmb:151 smb:8006 d:- ref:0 ;
in:2326 out:2328 type:b dur:2 cpbdur:2 q:11.52 aq:3.74 tex:14242 mv:1328 misc:598 imb:4 pmb:128 smb:8028 d:- ref:0 ;
in:2328 out:2329 type:b dur:2 cpbdur:2 q:11.51 aq:4.47 tex:8073 mv:686 misc:633 imb:1 pmb:121 smb:8038 d:- ref:0 ;
in:2330 out:2330 type:I dur:2 cpbdur:2 q:8.57 aq:0.63 tex:889399 mv:47835 misc:534 imb:8160 pmb:0 smb:0 d:- ref:;
in:2334 out:2331 type:P dur:2 cpbdur:2 q:11.49 aq:2.85 tex:40473 mv:1424 misc:727 imb:22 pmb:150 smb:7988 d:- ref:0 ;
in:2332 out:2332 type:B dur:2 cpbdur:2 q:11.49 aq:9.65 tex:15543 mv:1552 misc:569 imb:2 pmb:129 smb:8029 d:- ref:0 ;
in:2331 out:2333 type:b dur:2 cpbdur:2 q:11.49 aq:9.96 tex:14115 mv:1200 misc:565 imb:4 pmb:121 smb:8035 d:- ref:0 ;
in:2333 out:2334 type:b dur:2 cpbdur:2 q:11.49 aq:7.79 tex:13877 mv:1235 misc:576 imb:1 pmb:128 smb:8031 d:- ref:0 ;
in:2338 out:2335 type:P dur:2 cpbdur:2 q:11.48 aq:5.27 tex:320409 mv:16228 misc:1819 imb:723 pmb:1352 smb:6085 d:- ref:0 ;
in:2336 out:2336 type:B dur:2 cpbdur:2 q:11.49 aq:7.31 tex:198981 mv:20364 misc:2343 imb:165 pmb:1583 smb:6412 d:- ref:0 ;
in:2335 out:2337 type:b dur:2 cpbdur:2 q:11.49 aq:9.55 tex:133734 mv:14895 misc:2515 imb:64 pmb:1433 smb:6663 d:- ref:0 ;
in:2337 out:2338 type:b dur:2 cpbdur:2 q:11.48 aq:8.18 tex:155553 mv:17010 misc:2365 imb:176 pmb:1454 smb:6530 d:- ref:0 ;
in:2341 out:2339 type:P dur:2 cpbdur:2 q:11.47 aq:2.15 tex:458188 mv:17082 misc:1658 imb:1743 pmb:679 smb:5738 d:- ref:0 ;
in:2339 out:2340 type:B dur:2 cpbdur:2 q:11.48 aq:7.02 tex:267349 mv:15985 misc:2330 imb:181 pmb:1608 smb:6371 d:- ref:0 ;
in:2340 out:2341 type:b dur:2 cpbdur:2 q:11.47 aq:8.45 tex:217578 mv:16070 misc:2488 imb:185 pmb:1592 smb:6383 d:- ref:0 ;
in:2342 out:2342 type:P dur:2 cpbdur:2 q:11.46 aq:1.71 tex:510734 mv:15102 misc:1292 imb:1374 pmb:501 smb:6285 d:- ref:0 ;
in:2344 out:2343 type:P dur:2 cpbdur:2 q:11.46 aq:1.59 tex:507878 mv:11296 misc:994 imb:1342 pmb:296 smb:6522 d:- ref:0 ;
in:2343 out:2344 type:b dur:2 cpbdur:2 q:11.46 aq:7.13 tex:305058 mv:16307 misc:1731 imb:303 pmb:820 smb:7037 d:- ref:0 ;
in:2348 out:2345 type:P dur:2 cpbdur:2 q:11.47 aq:0.79 tex:271757 mv:7369 misc:1314 imb:758 pmb:419 smb:6983 d:- ref:0 ;
in:2346 out:2346 type:B dur:2 cpbdur:2 q:11.46 aq:2.80 tex:2431 mv:221 misc:1132 imb:0 pmb:164 smb:7996 d:- ref:0 ;
in:2345 out:2347 type:b dur:2 cpbdur:2 q:11.46 aq:6.00 tex:154601 mv:9378 misc:1653 imb:109 pmb:659 smb:7392 d:- ref:0 ;
in:2347 out:2348 type:b dur:2 cpbdur:2 q:11.46 aq:2.19 tex:420 mv:51 misc:537 imb:0 pmb:17 smb:8143 d:- ref:0 ;
in:2352 out:2349 type:P dur:2 cpbdur:2 q:11.45 aq:0.94 tex:168681 mv:1640 misc:1799 imb:370 pmb:510 smb:7280 d:- ref:0 ;
in:2350 out:2350 type:B dur:2 cpbdur:2 q:11.46 aq:1.99 tex:3713 mv:340 misc:1579 imb:0 pmb:276 smb:7884 d:- ref:0 ;
in:2349 out:2351 type:b dur:2 cpbdur:2 q:11.46 aq:4.32 tex:694 mv:133 misc:717 imb:0 pmb:46 smb:8114 d:- ref:0 ;
in:2351 out:2352 type:b dur:2 cpbdur:2 q:11.46 aq:0.41 tex:1508 mv:225 misc:1243 imb:0 pmb:171 smb:7989 d:- ref:0 ;
in:2356 out:2353 type:P dur:2 cpbdur:2 q:11.46 aq:2.36 tex:19326 mv:205 misc:1597 imb:6 pmb:322 smb:7832 d:- ref:0 ;
in:2354 out:2354 type:B dur:2 cpbdur:2 q:11.46 aq:0.38 tex:263 mv:67 misc:558 imb:0 pmb:18 smb:8142 d:- ref:0 ;
in:2353 out:2355 type:b dur:2 cpbdur:2 q:11.46 aq:0.76 tex:127 mv:20 misc:461 imb:0 pmb:5 smb:8155 d:- ref:0 ;
in:2355 out:2356 type:b dur:2 cpbdur:2 q:11.46 aq:0.76 tex:119 mv:4 misc:437 imb:0 pmb:3 smb:8157 d:- ref:0 ;
in:2360 out:2357 type:P dur:2 cpbdur:2 q:11.49 aq:2.19 tex:5562 mv:113 misc:1101 imb:1 pmb:120 smb:8039 d:- ref:0 ;
in:2358 out:2358 type:B dur:2 cpbdur:2 q:11.47 aq:1.10 tex:82 mv:20 misc:466 imb:0 pmb:4 smb:8156 d:- ref:0 ;
in:2357 out:2359 type:b dur:2 cpbdur:2 q:11.47 aq:2.20 tex:76 mv:3 misc:433 imb:0 pmb:2 smb:8158 d:- ref:0 ;
in:2359 out:2360 type:b dur:2 cpbdur:2 q:11.48 aq:2.20 tex:76 mv:3 misc:433 imb:0 pmb:2 smb:8158 d:- ref:0 ;
in:2364 out:2361 type:P dur:2 cpbdur:2 q:11.50 aq:1.90 tex:3341 mv:105 misc:954 imb:1 pmb:86 smb:8073 d:- ref:0 ;
in:2362 out:2362 type:B dur:2 cpbdur:2 q:11.49 aq:1.10 tex:73 mv:3 misc:444 imb:0 pmb:2 smb:8158 d:- ref:0 ;
in:2361 out:2363 type:b dur:2 cpbdur:2 q:11.49 aq:2.20 tex:76 mv:3 misc:433 imb:0 pmb:2 smb:8158 d:- ref:0 ;
in:2363 out:2364 type:b dur:2 cpbdur:2 q:11.50 aq:2.20 tex:76 mv:3 misc:433 imb:0 pmb:2 smb:8158 d:- ref:0 ;
in:2368 out:2365 type:P dur:2 cpbdur:2 q:11.49 aq:1.63 tex:3248 mv:114 misc:926 imb:1 pmb:80 smb:8079 d:- ref:0 ;
in:2366 out:2366 type:B dur:2 cpbdur:2 q:11.50 aq:1.10 tex:73 mv:3 misc:444 imb:0 pmb:2 smb:8158 d:- ref:0 ;
in:2365 out:2367 type:b dur:2 cpbdur:2 q:11.50 aq:2.20 tex:76 mv:3 misc:433 imb:0 pmb:2 smb:8158 d:- ref:0 ;
in:2367 out:2368 type:b dur:2 cpbdur:2 q:11.49 aq:2.20 tex:76 mv:3 misc:433 imb:0 pmb:2 smb:8158 d:- ref:0 ;
in:2372 out:2369 type:P dur:2 cpbdur:2 q:11.48 aq:1.34 tex:2997 mv:111 misc:916 imb:1 pmb:78 smb:8081 d:- ref:0 ;
in:2370 out:2370 type:B dur:2 cpbdur:2 q:11.49 aq:1.10 tex:73 mv:3 misc:444 imb:0 pmb:2 smb:8158 d:- ref:0 ;
in:2369 out:2371 type:b dur:2 cpbdur:2 q:11.49 aq:2.20 tex:76 mv:3 misc:433 imb:0 pmb:2 smb:8158 d:- ref:0 ;
in:2371 out:2372 type:b dur:2 cpbdur:2 q:11.48 aq:2.20 tex:76 mv:3 misc:433 imb:0 pmb:2 smb:8158 d:- ref:0 ;
in:2376 out:2373 type:P dur:2 cpbdur:2 q:11.46 aq:1.20 tex:17308 mv:393 misc:979 imb:33 pmb:112 smb:8015 d:- ref:0 ;
in:2374 out:2374 type:B dur:2 cpbdur:2 q:11.47 aq:1.84 tex:2261 mv:109 misc:558 imb:0 pmb:35 smb:8125 d:- ref:0 ;
in:2373 out:2375 type:b dur:2 cpbdur:2 q:11.47 aq:2.20 tex:117 mv:87 misc:516 imb:0 pmb:24 smb:8136 d:- ref:0 ;
in:2375 out:2376 type:b dur:2 cpbdur:2 q:11.47 aq:3.34 tex:938 mv:143 misc:535 imb:1 pmb:34 smb:8125 d:- ref:0 ;
in:2380 out:2377 type:P dur:2 cpbdur:2 q:11.45 aq:1.28 tex:27934 mv:469 misc:973 imb:37 pmb:108 smb:8015 d:- ref:0 ;
in:2378 out:2378 type:B dur:2 cpbdur:2 q:11.46 aq:1.99 tex:5215 mv:239 misc:522 imb:22 pmb:42 smb:8096 d:- ref:0 ;
in:2377 out:2379 type:b dur:2 cpbdur:2 q:11.46 aq:3.55 tex:2138 mv:157 misc:497 imb:0 pmb:58 smb:8102 d:- ref:0 ;
in:2379 out:2380 type:b dur:2 cpbdur:2 q:11.45 aq:3.44 tex:1978 mv:21 misc:489 imb:0 pmb:59 smb:8101 d:- ref:0 ;
in:2384 out:2381 type:P dur:2 cpbdur:2 q:11.43 aq:1.21 tex:33575 mv:416 misc:945 imb:32 pmb:106 smb:8022 d:- ref:0 ;
in:2382 out:2382 type:B dur:2 cpbdur:2 q:11.44 aq:2.40 tex:2899 mv:22 misc:567 imb:0 pmb:40 smb:8120 d:- ref:0 ;
in:2381 out:2383 type:b dur:2 cpbdur:2 q:11.45 aq:3.62 tex:1688 mv:52 misc:516 imb:0 pmb:56 smb:8104 d:- ref:0 ;
in:2383 out:2384 type:b dur:2 cpbdur:2 q:11.44 aq:3.59 tex:1184 mv:34 misc:510 imb:0 pmb:49 smb:8111 d:- ref:0 ;
in:2388 out:2385 type:P dur:2 cpbdur:2 q:11.42 aq:1.20 tex:17009 mv:303 misc:952 imb:24 pmb:115 smb:8021 d:- ref:0 ;
in:2386 out:2386 type:B dur:2 cpbdur:2 q:11.43 aq:1.45 tex:563 mv:134 misc:551 imb:0 pmb:51 smb:8109 d:- ref:0 ;
in:2385 out:2387 type:b dur:2 cpbdur:2 q:11.43 aq:2.56 tex:647 mv:132 misc:509 imb:0 pmb:49 smb:8111 d:- ref:0 ;
in:2387 out:2388 type:b dur:2 cpbdur:2 q:11.42 aq:3.36 tex:112 mv:4 misc:436 imb:0 pmb:3 smb:8157 d:- ref:0 ;
in:2392 out:2389 type:P dur:2 cpbdur:2 q:11.41 aq:1.15 tex:3763 mv:119 misc:974 imb:1 pmb:89 smb:8070 d:- ref:0 ;
in:2390 out:2390 type:B dur:2 cpbdur:2 q:11.41 aq:2.05 tex:115 mv:4 misc:457 imb:0 pmb:3 smb:8157 d:- ref:0 ;
in:2389 out:2391 type:b dur:2 cpbdur:2 q:11.42 aq:3.36 tex:112 mv:4 misc:436 imb:0 pmb:3 smb:8157 d:- ref:0 ;
in:2391 out:2392 type:b dur:2 cpbdur:2 q:11.41 aq:2.20 tex:76 mv:3 misc:433 imb:0 pmb:2 smb:8158 d:- ref:0 ;
in:2396 out:2393 type:P dur:2 cpbdur:2 q:11.39 aq:1.27 tex:3140 mv:108 misc:896 imb:1 pmb:73 smb:8086 d:- ref:0 ;
in:2394 out:2394 type:B dur:2 cpbdur:2 q:11.40 aq:1.10 tex:73 mv:3 misc:444 imb:0 pmb:2 smb:8158 d:- ref:0 ;
in:2393 out:2395 type:b dur:2 cpbdur:2 q:11.40 aq:2.20 tex:76 mv:3 misc:433 imb:0 pmb:2 smb:8158 d:- ref:0 ;
in:2395 out:2396 type:b dur:2 cpbdur:2 q:11.40 aq:2.20 tex:76 mv:3 misc:433 imb:0 pmb:2 smb:8158 d:- ref:0 ;
in:2400 out:2397 type:P dur:2 cpbdur:2 q:11.38 aq:1.13 tex:18212 mv:317 misc:943 imb:25 pmb:112 smb:8023 d:- ref:0 ;
in:2398 out:2398 type:B dur:2 cpbdur:2 q:11.39 aq:1.10 tex:103 mv:64 misc:529 imb:0 pmb:13 smb:8147 d:- ref:0 ;
in:2397 out:2399 type:b dur:2 cpbdur:2 q:11.39 aq:2.20 tex:85 mv:22 misc:445 imb:0 pmb:4 smb:8156 d:- ref:0 ;
in:2399 out:2400 type:b dur:2 cpbdur:2 q:11.38 aq:2.20 tex:90 mv:27 misc:459 imb:0 pmb:5 smb:8155 d:- ref:0 ;
in:2404 out:2401 type:P dur:2 cpbdur:2 q:11.37 aq:1.10 tex:4650 mv:136 misc:974 imb:2 pmb:98 smb:8060 d:- ref:0 ;
in:2402 out:2402 type:B dur:2 cpbdur:2 q:11.37 aq:1.10 tex:73 mv:3 misc:444 imb:0 pmb:2 smb:8158 d:- ref:0 ;
in:2401 out:2403 type:b dur:2 cpbdur:2 q:11.38 aq:2.20 tex:76 mv:3 misc:433 imb:0 pmb:2 smb:8158 d:- ref:0 ;
in:2403 out:2404 type:b dur:2 cpbdur:2 q:11.37 aq:2.20 tex:76 mv:3 misc:433 imb:0 pmb:2 smb:8158 d:- ref:0 ;
in:2408 out:2405 type:P dur:2 cpbdur:2 q:11.35 aq:1.25 tex:2993 mv:109 misc:890 imb:1 pmb:71 smb:8088 d:- ref:0 ;
in:2406 out:2406 type:B dur:2 cpbdur:2 q:11.36 aq:1.10 tex:73 mv:3 misc:444 imb:0 pmb:2 smb:8158 d:- ref:0 ;
in:2405 out:2407 type:b dur:2 cpbdur:2 q:11.36 aq:2.20 tex:76 mv:3 misc:433 imb:0 pmb:2 smb:8158 d:- ref:0 ;
in:2407 out:2408 type:b dur:2 cpbdur:2 q:11.35 aq:2.20 tex:76 mv:3 misc:433 imb:0 pmb:2 smb:8158 d:- ref:0 ;
in:2412 out:2409 type:P dur:2 cpbdur:2 q:11.34 aq:1.21 tex:2587 mv:108 misc:865 imb:1 pmb:65 smb:8094 d:- ref:0 ;
in:2410 out:2410 type:B dur:2 cpbdur:2 q:11.34 aq:1.10 tex:73 mv:3 misc:444 imb:0 pmb:2 smb:8158 d:- ref:0 ;
in:2409 out:2411 type:b dur:2 cpbdur:2 q:11.35 aq:2.20 tex:76 mv:3 misc:433 imb:0 pmb:2 smb:8158 d:- ref:0 ;
in:2411 out:2412 type:b dur:2 cpbdur:2 q:11.34 aq:2.20 tex:76 mv:3 misc:433 imb:0 pmb:2 smb:8158 d:- ref:0 ;
in:2416 out:2413 type:P dur:2 cpbdur:2 q:11.32 aq:1.25 tex:2694 mv:112 misc:882 imb:1 pmb:68 smb:8091 d:- ref:0 ;
in:2414 out:2414 type:B dur:2 cpbdur:2 q:11.33 aq:1.10 tex:73 mv:3 misc:444 imb:0 pmb:2 smb:8158 d:- ref:0 ;
in:2413 out:2415 type:b dur:2 cpbdur:2 q:11.33 aq:2.20 tex:76 mv:3 misc:433 imb:0 pmb:2 smb:8158 d:- ref:0 ;
in:2415 out:2416 type:b dur:2 cpbdur:2 q:11.33 aq:2.20 tex:76 mv:3 misc:433 imb:0 pmb:2 smb:8158 d:- ref:0 ;
in:2420 out:2417 type:P dur:2 cpbdur:2 q:11.31 aq:1.22 tex:2850 mv:102 misc:896 imb:1 pmb:69 smb:8090 d:- ref:0 ;
in:2418 out:2418 type:B dur:2 cpbdur:2 q:11.32 aq:1.99 tex:115 mv:4 misc:457 imb:0 pmb:3 smb:8157 d:- ref:0 ;
in:2417 out:2419 type:b dur:2 cpbdur:2 q:11.32 aq:2.20 tex:76 mv:3 misc:433 imb:0 pmb:2 smb:8158 d:- ref:0 ;
in:2419 out:2420 type:b dur:2 cpbdur:2 q:11.31 aq:2.20 tex:76 mv:3 misc:433 imb:0 pmb:2 smb:8158 d:- ref:0 ;
in:2424 out:2421 type:P dur:2 cpbdur:2 q:11.29 aq:3.95 tex:81622 mv:648 misc:938 imb:63 pmb:82 smb:8015 d:- ref:0 ;
in:2422 out:2422 type:B dur:2 cpbdur:2 q:11.30 aq:3.69 tex:14180 mv:255 misc:589 imb:4 pmb:44 smb:8112 d:- ref:0 ;
in:2421 out:2423 type:b dur:2 cpbdur:2 q:11.31 aq:2.20 tex:106 mv:60 misc:482 imb:0 pmb:11 smb:8149 d:- ref:0 ;
in:2423 out:2424 type:b dur:2 cpbdur:2 q:11.30 aq:6.53 tex:35317 mv:945 misc:522 imb:13 pmb:60 smb:8087 d:- ref:0 ;
in:2426 out:2425 type:P dur:2 cpbdur:2 q:11.28 aq:4.26 tex:203842 mv:2073 misc:1165 imb:124 pmb:167 smb:7869 d:- ref:0 ;
in:2425 out:2426 type:b dur:2 cpbdur:2 q:11.29 aq:5.23 tex:77156 mv:2923 misc:593 imb:13 pmb:165 smb:7982 d:- ref:0 ;
in:2430 out:2427 type:P dur:2 cpbdur:2 q:11.27 aq:3.13 tex:230913 mv:3090 misc:1125 imb:65 pmb:276 smb:7819 d:- ref:0 ;
in:2428 out:2428 type:B dur:2 cpbdur:2 q:11.28 aq:6.97 tex:90458 mv:2267 misc:675 imb:14 pmb:234 smb:7912 d:- ref:0 ;
in:2427 out:2429 type:b dur:2 cpbdur:2 q:11.28 aq:8.76 tex:69218 mv:1820 misc:682 imb:10 pmb:220 smb:7930 d:- ref:0 ;
in:2429 out:2430 type:b dur:2 cpbdur:2 q:11.27 aq:8.40 tex:49992 mv:2147 misc:685 imb:5 pmb:220 smb:7935 d:- ref:0 ;
in:2434 out:2431 type:P dur:2 cpbdur:2 q:11.26 aq:3.06 tex:180030 mv:2037 misc:1117 imb:44 pmb:274 smb:7842 d:- ref:0 ;
in:2432 out:2432 type:B dur:2 cpbdur:2 q:11.27 aq:6.67 tex:60164 mv:2168 misc:716 imb:3 pmb:236 smb:7921 d:- ref:0 ;
in:2431 out:2433 type:b dur:2 cpbdur:2 q:11.27 aq:6.96 tex:49589 mv:1851 misc:648 imb:3 pmb:223 smb:7934 d:- ref:0 ;
in:2433 out:2434 type:b dur:2 cpbdur:2 q:11.26 aq:4.55 tex:275 mv:156 misc:665 imb:0 pmb:72 smb:8088 d:- ref:0 ;
in:2438 out:2435 type:P dur:2 cpbdur:2 q:11.24 aq:2.96 tex:95586 mv:647 misc:1199 imb:47 pmb:249 smb:7864 d:- ref:0 ;
in:2436 out:2436 type:B dur:2 cpbdur:2 q:11.25 aq:4.92 tex:16349 mv:665 misc:658 imb:3 pmb:69 smb:8088 d:- ref:0 ;
in:2435 out:2437 type:b dur:2 cpbdur:2 q:11.26 aq:6.56 tex:10630 mv:440 misc:522 imb:1 pmb:33 smb:8126 d:- ref:0 ;
in:2437 out:2438 type:b dur:2 cpbdur:2 q:11.25 aq:2.89 tex:12744 mv:1121 misc:551 imb:1 pmb:63 smb:8096 d:- ref:0 ;
in:2442 out:2439 type:P dur:2 cpbdur:2 q:11.23 aq:2.63 tex:65919 mv:1103 misc:1306 imb:5 pmb:237 smb:7918 d:- ref:0 ;
in:2440 out:2440 type:B dur:2 cpbdur:2 q:11.24 aq:3.88 tex:19380 mv:1128 misc:588 imb:0 pmb:80 smb:8080 d:- ref:0 ;
in:2439 out:2441 type:b dur:2 cpbdur:2 q:11.24 aq:4.92 tex:14616 mv:1018 misc:558 imb:0 pmb:78 smb:8082 d:- ref:0 ;
in:2441 out:2442 type:b dur:2 cpbdur:2 q:11.24 aq:4.92 tex:6148 mv:168 misc:612 imb:0 pmb:57 smb:8103 d:- ref:0 ;
in:2446 out:2443 type:P dur:2 cpbdur:2 q:11.23 aq:2.55 tex:63337 mv:827 misc:1276 imb:11 pmb:207 smb:7942 d:- ref:0 ;
in:2444 out:2444 type:B dur:2 cpbdur:2 q:11.23 aq:5.81 tex:10210 mv:367 misc:639 imb:0 pmb:83 smb:8077 d:- ref:0 ;
in:2443 out:2445 type:b dur:2 cpbdur:2 q:11.23 aq:6.74 tex:6492 mv:275 misc:593 imb:0 pmb:60 smb:8100 d:- ref:0 ;
in:2445 out:2446 type:b dur:2 cpbdur:2 q:11.23 aq:2.99 tex:222 mv:143 misc:643 imb:0 pmb:60 smb:8100 d:- ref:0 ;
in:2450 out:2447 type:P dur:2 cpbdur:2 q:11.23 aq:2.52 tex:178198 mv:894 misc:1308 imb:83 pmb:359 smb:7718 d:- ref:0 ;
in:2448 out:2448 type:B dur:2 cpbdur:2 q:11.23 aq:6.51 tex:15434 mv:747 misc:1051 imb:1 pmb:158 smb:8001 d:- ref:0 ;
in:2447 out:2449 type:b dur:2 cpbdur:2 q:11.23 aq:4.90 tex:9233 mv:463 misc:688 imb:0 pmb:56 smb:8104 d:- ref:0 ;
in:2449 out:2450 type:b dur:2 cpbdur:2 q:11.23 aq:2.18 tex:12044 mv:1065 misc:563 imb:0 pmb:63 smb:8097 d:- ref:0 ;
in:2454 out:2451 type:P dur:2 cpbdur:2 q:11.22 aq:2.76 tex:69566 mv:1234 misc:1336 imb:11 pmb:336 smb:7813 d:- ref:0 ;
in:2452 out:2452 type:B dur:2 cpbdur:2 q:11.22 aq:6.07 tex:16506 mv:977 misc:605 imb:0 pmb:80 smb:8080 d:- ref:0 ;
in:2451 out:2453 type:b dur:2 cpbdur:2 q:11.23 aq:7.38 tex:11684 mv:1077 misc:559 imb:0 pmb:80 smb:8080 d:- ref:0 ;
in:2453 out:2454 type:b dur:2 cpbdur:2 q:11.22 aq:7.24 tex:5461 mv:342 misc:589 imb:1 pmb:57 smb:8102 d:- ref:0 ;
in:2458 out:2455 type:P dur:2 cpbdur:2 q:11.21 aq:2.77 tex:55267 mv:793 misc:1340 imb:11 pmb:237 smb:7912 d:- ref:0 ;
in:2456 out:2456 type:B dur:2 cpbdur:2 q:11.21 aq:3.65 tex:8969 mv:532 misc:627 imb:0 pmb:74 smb:8086 d:- ref:0 ;
in:2455 out:2457 type:b dur:2 cpbdur:2 q:11.22 aq:6.11 tex:5054 mv:323 misc:567 imb:0 pmb:49 smb:8111 d:- ref:0 ;
in:2457 out:2458 type:b dur:2 cpbdur:2 q:11.21 aq:3.59 tex:312 mv:139 misc:621 imb:0 pmb:56 smb:8104 d:- ref:0 ;
in:2462 out:2459 type:P dur:2 cpbdur:2 q:11.20 aq:2.55 tex:29638 mv:367 misc:1355 imb:26 pmb:194 smb:7940 d:- ref:0 ;
in:2460 out:2460 type:B dur:2 cpbdur:2 q:11.20 aq:0.85 tex:6486 mv:296 misc:570 imb:5 pmb:33 smb:8122 d:- ref:0 ;
in:2459 out:2461 type:b dur:2 cpbdur:2 q:11.20 aq:0.55 tex:4226 mv:232 misc:454 imb:2 pmb:13 smb:8145 d:- ref:0 ;
in:2461 out:2462 type:b dur:2 cpbdur:2 q:11.20 aq:0.58 tex:5438 mv:521 misc:465 imb:3 pmb:26 smb:8131 d:- ref:0 ;
in:2466 out:2463 type:P dur:2 cpbdur:2 q:11.19 aq:2.41 tex:24181 mv:662 misc:1341 imb:15 pmb:181 smb:7964 d:- ref:0 ;
in:2464 out:2464 type:B dur:2 cpbdur:2 q:11.19 aq:1.04 tex:7002 mv:564 misc:530 imb:2 pmb:39 smb:8119 d:- ref:0 ;
in:2463 out:2465 type:b dur:2 cpbdur:2 q:11.19 aq:4.01 tex:4731 mv:535 misc:470 imb:4 pmb:34 smb:8122 d:- ref:0 ;
in:2465 out:2466 type:b dur:2 cpbdur:2 q:11.19 aq:1.09 tex:3130 mv:409 misc:485 imb:0 pmb:35 smb:8125 d:- ref:0 ;
in:2470 out:2467 type:P dur:2 cpbdur:2 q:11.18 aq:2.82 tex:37516 mv:522 misc:1410 imb:8 pmb:208 smb:7944 d:- ref:0 ;
in:2468 out:2468 type:B dur:2 cpbdur:2 q:11.18 aq:0.55 tex:3638 mv:495 misc:651 imb:2 pmb:61 smb:8097 d:- ref:0 ;
in:2467 out:2469 type:b dur:2 cpbdur:2 q:11.18 aq:4.96 tex:2725 mv:317 misc:486 imb:0 pmb:33 smb:8127 d:- ref:0 ;
in:2469 out:2470 type:b dur:2 cpbdur:2 q:11.18 aq:6.07 tex:250 mv:147 misc:619 imb:0 pmb:46 smb:8114 d:- ref:0 ;
in:2474 out:2471 type:P dur:2 cpbdur:2 q:11.16 aq:2.74 tex:74836 mv:484 misc:1488 imb:28 pmb:286 smb:7846 d:- ref:0 ;
in:2472 out:2472 type:B dur:2 cpbdur:2 q:11.17 aq:5.78 tex:4577 mv:214 misc:777 imb:1 pmb:82 smb:8077 d:- ref:0 ;
in:2471 out:2473 type:b dur:2 cpbdur:2 q:11.17 aq:7.51 tex:2940 mv:224 misc:684 imb:0 pmb:59 smb:8101 d:- ref:0 ;
in:2473 out:2474 type:b dur:2 cpbdur:2 q:11.17 aq:6.62 tex:3567 mv:216 misc:585 imb:0 pmb:37 smb:8123 d:- ref:0 ;
in:2478 out:2475 type:P dur:2 cpbdur:2 q:11.15 aq:2.58 tex:52225 mv:428 misc:1603 imb:13 pmb:294 smb:7853 d:- ref:0 ;
in:2476 out:2476 type:B dur:2 cpbdur:2 q:11.16 aq:6.65 tex:4241 mv:244 misc:659 imb:0 pmb:63 smb:8097 d:- ref:0 ;
in:2475 out:2477 type:b dur:2 cpbdur:2 q:11.16 aq:6.50 tex:4491 mv:262 misc:623 imb:1 pmb:46 smb:8113 d:- ref:0 ;
in:2477 out:2478 type:b dur:2 cpbdur:2 q:11.15 aq:6.83 tex:3918 mv:146 misc:592 imb:1 pmb:41 smb:8118 d:- ref:0 ;
in:2482 out:2479 type:P dur:2 cpbdur:2 q:11.14 aq:2.51 tex:41407 mv:412 misc:1493 imb:14 pmb:230 smb:7916 d:- ref:0 ;
in:2480 out:2480 type:B dur:2 cpbdur:2 q:11.14 aq:5.94 tex:4097 mv:178 misc:661 imb:0 pmb:60 smb:8100 d:- ref:0 ;
in:2479 out:2481 type:b dur:2 cpbdur:2 q:11.15 aq:6.28 tex:2905 mv:269 misc:586 imb:0 pmb:42 smb:8118 d:- ref:0 ;
in:2481 out:2482 type:b dur:2 cpbdur:2 q:11.14 aq:7.10 tex:3510 mv:325 misc:621 imb:1 pmb:40 smb:8119 d:- ref:0 ;
in:2486 out:2483 type:P dur:2 cpbdur:2 q:11.12 aq:2.38 tex:43096 mv:551 misc:1545 imb:22 pmb:238 smb:7900 d:- ref:0 ;
in:2484 out:2484 type:B dur:2 cpbdur:2 q:11.13 aq:6.36 tex:3732 mv:208 misc:684 imb:1 pmb:69 smb:8090 d:- ref:0 ;
in:2483 out:2485 type:b dur:2 cpbdur:2 q:11.13 aq:6.85 tex:3639 mv:254 misc:587 imb:0 pmb:39 smb:8121 d:- ref:0 ;
in:2485 out:2486 type:b dur:2 cpbdur:2 q:11.13 aq:5.82 tex:2957 mv:311 misc:596 imb:1 pmb:42 smb:8117 d:- ref:0 ;
in:2490 out:2487 type:P dur:2 cpbdur:2 q:11.11 aq:2.29 tex:39728 mv:517 misc:1523 imb:20 pmb:222 smb:7918 d:- ref:0 ;
in:2488 out:2488 type:B dur:2 cpbdur:2 q:11.12 aq:4.88 tex:4411 mv:252 misc:657 imb:2 pmb:53 smb:8105 d:- ref:0 ;
in:2487 out:2489 type:b dur:2 cpbdur:2 q:11.12 aq:7.08 tex:3137 mv:290 misc:597 imb:0 pmb:38 smb:8122 d:- ref:0 ;
in:2489 out:2490 type:b dur:2 cpbdur:2 q:11.12 aq:6.27 tex:2744 mv:317 misc:579 imb:0 pmb:34 smb:8126 d:- ref:0 ;
in:2494 out:2491 type:P dur:2 cpbdur:2 q:11.10 aq:2.10 tex:40713 mv:539 misc:1516 imb:21 pmb:228 smb:7911 d:- ref:0 ;
in:2492 out:2492 type:B dur:2 cpbdur:2 q:11.11 aq:5.48 tex:4126 mv:180 misc:662 imb:1 pmb:56 smb:8103 d:- ref:0 ;
in:2491 out:2493 type:b dur:2 cpbdur:2 q:11.11 aq:6.17 tex:3067 mv:274 misc:587 imb:0 pmb:37 smb:8123 d:- ref:0 ;
in:2493 out:2494 type:b dur:2 cpbdur:2 q:11.10 aq:4.77 tex:2654 mv:242 misc:600 imb:0 pmb:40 smb:8120 d:- ref:0 ;
in:2498 out:2495 type:P dur:2 cpbdur:2 q:11.09 aq:2.19 tex:99418 mv:891 misc:1699 imb:41 pmb:399 smb:7720 d:- ref:0 ;
in:2496 out:2496 type:B dur:2 cpbdur:2 q:11.09 aq:4.51 tex:4481 mv:324 misc:1019 imb:0 pmb:151 smb:8009 d:- ref:0 ;
in:2495 out:2497 type:b dur:2 cpbdur:2 q:11.10 aq:5.69 tex:3303 mv:360 misc:785 imb:0 pmb:76 smb:8084 d:- ref:0 ;
in:2497 out:2498 type:b dur:2 cpbdur:2 q:11.09 aq:6.35 tex:3346 mv:240 misc:574 imb:0 pmb:34 smb:8126 d:- ref:0 ;
in:2502 out:2499 type:P dur:2 cpbdur:2 q:11.07 aq:2.06 tex:40498 mv:545 misc:1741 imb:28 pmb:318 smb:7814 d:- ref:0 ;
in:2500 out:2500 type:B dur:2 cpbdur:2 q:11.08 aq:4.79 tex:3544 mv:193 misc:647 imb:0 pmb:61 smb:8099 d:- ref:0 ;
in:2499 out:2501 type:b dur:2 cpbdur:2 q:11.08 aq:6.10 tex:2956 mv:227 misc:577 imb:0 pmb:36 smb:8124 d:- ref:0 ;
in:2501 out:2502 type:b dur:2 cpbdur:2 q:11.08 aq:5.65 tex:3302 mv:312 misc:586 imb:0 pmb:44 smb:8116 d:- ref:0 ;
in:2506 out:2503 type:P dur:2 cpbdur:2 q:11.06 aq:2.00 tex:34340 mv:775 misc:1637 imb:22 pmb:253 smb:7885 d:- ref:0 ;
in:2504 out:2504 type:B dur:2 cpbdur:2 q:11.07 aq:4.15 tex:3709 mv:331 misc:648 imb:0 pmb:61 smb:8099 d:- ref:0 ;
in:2503 out:2505 type:b dur:2 cpbdur:2 q:11.07 aq:5.60 tex:2881 mv:339 misc:588 imb:0 pmb:44 smb:8116 d:- ref:0 ;
in:2505 out:2506 type:b dur:2 cpbdur:2 q:11.07 aq:5.34 tex:2867 mv:333 misc:608 imb:0 pmb:41 smb:8119 d:- ref:0 ;
in:2510 out:2507 type:P dur:2 cpbdur:2 q:11.05 aq:2.04 tex:33599 mv:646 misc:1579 imb:13 pmb:242 smb:7905 d:- ref:0 ;
in:2508 out:2508 type:B dur:2 cpbdur:2 q:11.06 aq:4.51 tex:3382 mv:326 misc:644 imb:0 pmb:50 smb:8110 d:- ref:0 ;
in:2507 out:2509 type:b dur:2 cpbdur:2 q:11.06 aq:6.74 tex:2885 mv:251 misc:568 imb:0 pmb:30 smb:8130 d:- ref:0 ;
in:2509 out:2510 type:b dur:2 cpbdur:2 q:11.05 aq:5.54 tex:2488 mv:282 misc:558 imb:0 pmb:28 smb:8132 d:- ref:0 ;
in:2514 out:2511 type:P dur:2 cpbdur:2 q:11.04 aq:2.12 tex:26368 mv:484 misc:1644 imb:22 pmb:237 smb:7901 d:- ref:0 ;
in:2512 out:2512 type:B dur:2 cpbdur:2 q:11.04 aq:4.89 tex:3049 mv:272 misc:607 imb:0 pmb:45 smb:8115 d:- ref:0 ;
in:2511 out:2513 type:b dur:2 cpbdur:2 q:11.05 aq:6.44 tex:2503 mv:254 misc:571 imb:0 pmb:32 smb:8128 d:- ref:0 ;
in:2513 out:2514 type:b dur:2 cpbdur:2 q:11.04 aq:5.62 tex:1713 mv:248 misc:543 imb:0 pmb:28 smb:8132 d:- ref:0 ;
in:2518 out:2515 type:P dur:2 cpbdur:2 q:11.03 aq:2.05 tex:28126 mv:475 misc:1679 imb:22 pmb:250 smb:7888 d:- ref:0 ;
in:2516 out:2516 type:B dur:2 cpbdur:2 q:11.03 aq:3.48 tex:2884 mv:276 misc:608 imb:1 pmb:44 smb:8115 d:- ref:0 ;
in:2515 out:2517 type:b dur:2 cpbdur:2 q:11.04 aq:6.25 tex:2039 mv:248 misc:545 imb:0 pmb:29 smb:8131 d:- ref:0 ;
in:2517 out:2518 type:b dur:2 cpbdur:2 q:11.03 aq:5.68 tex:2315 mv:256 misc:565 imb:0 pmb:33 smb:8127 d:- ref:0 ;
in:2522 out:2519 type:P dur:2 cpbdur:2 q:11.01 aq:2.01 tex:89006 mv:1195 misc:1935 imb:99 pmb:495 smb:7566 d:- ref:0 ;
in:2520 out:2520 type:B dur:2 cpbdur:2 q:11.02 aq:4.48 tex:3292 mv:350 misc:886 imb:0 pmb:110 smb:8050 d:- ref:0 ;
in:2519 out:2521 type:b dur:2 cpbdur:2 q:11.02 aq:6.52 tex:2774 mv:328 misc:674 imb:0 pmb:53 smb:8107 d:- ref:0 ;
in:2521 out:2522 type:b dur:2 cpbdur:2 q:11.02 aq:5.74 tex:2154 mv:333 misc:569 imb:0 pmb:29 smb:8131 d:- ref:0 ;
in:2526 out:2523 type:P dur:2 cpbdur:2 q:11.00 aq:1.92 tex:40651 mv:648 misc:1933 imb:30 pmb:361 smb:7769 d:- ref:0 ;
in:2524 out:2524 type:B dur:2 cpbdur:2 q:11.01 aq:4.64 tex:3680 mv:245 misc:659 imb:0 pmb:63 smb:8097 d:- ref:0 ;
in:2523 out:2525 type:b dur:2 cpbdur:2 q:11.01 aq:5.12 tex:2329 mv:344 misc:583 imb:0 pmb:39 smb:8121 d:- ref:0 ;
in:2525 out:2526 type:b dur:2 cpbdur:2 q:11.00 aq:5.05 tex:3565 mv:351 misc:580 imb:0 pmb:44 smb:8116 d:- ref:0 ;
in:2530 out:2527 type:P dur:2 cpbdur:2 q:10.99 aq:1.95 tex:36985 mv:719 misc:1760 imb:23 pmb:297 smb:7840 d:- ref:0 ;
in:2528 out:2528 type:B dur:2 cpbdur:2 q:10.99 aq:4.82 tex:3861 mv:206 misc:677 imb:0 pmb:62 smb:8098 d:- ref:0 ;
in:2527 out:2529 type:b dur:2 cpbdur:2 q:11.00 aq:5.29 tex:2334 mv:362 misc:576 imb:0 pmb:40 smb:8120 d:- ref:0 ;
in:2529 out:2530 type:b dur:2 cpbdur:2 q:10.99 aq:5.90 tex:2619 mv:322 misc:595 imb:0 pmb:42 smb:8118 d:- ref:0 ;
in:2534 out:2531 type:P dur:2 cpbdur:2 q:10.98 aq:1.97 tex:40520 mv:527 misc:1633 imb:17 pmb:262 smb:7881 d:- ref:0 ;
in:2532 out:2532 type:B dur:2 cpbdur:2 q:10.98 aq:3.96 tex:3797 mv:254 misc:669 imb:0 pmb:62 smb:8098 d:- ref:0 ;
in:2531 out:2533 type:b dur:2 cpbdur:2 q:10.98 aq:5.06 tex:3059 mv:302 misc:583 imb:0 pmb:39 smb:8121 d:- ref:0 ;
in:2533 out:2534 type:b dur:2 cpbdur:2 q:10.98 aq:5.60 tex:3705 mv:267 misc:588 imb:0 pmb:37 smb:8123 d:- ref:0 ;
in:2538 out:2535 type:P dur:2 cpbdur:2 q:10.96 aq:1.95 tex:42732 mv:471 misc:1693 imb:16 pmb:275 smb:7869 d:- ref:0 ;
in:2536 out:2536 type:B dur:2 cpbdur:2 q:10.97 aq:5.70 tex:4671 mv:280 misc:657 imb:0 pmb:57 smb:8103 d:- ref:0 ;
in:2535 out:2537 type:b dur:2 cpbdur:2 q:10.97 aq:6.56 tex:3218 mv:320 misc:606 imb:0 pmb:41 smb:8119 d:- ref:0 ;
in:2537 out:2538 type:b dur:2 cpbdur:2 q:10.97 aq:6.15 tex:3686 mv:310 misc:596 imb:0 pmb:41 smb:8119 d:- ref:0 ;
in:2542 out:2539 type:P dur:2 cpbdur:2 q:10.95 aq:1.89 tex:48954 mv:540 misc:1810 imb:9 pmb:328 smb:7823 d:- ref:0 ;
in:2540 out:2540 type:B dur:2 cpbdur:2 q:10.96 aq:5.97 tex:4591 mv:200 misc:689 imb:0 pmb:60 smb:8100 d:- ref:0 ;
in:2539 out:2541 type:b dur:2 cpbdur:2 q:10.96 aq:6.79 tex:3712 mv:251 misc:597 imb:0 pmb:39 smb:8121 d:- ref:0 ;
in:2541 out:2542 type:b dur:2 cpbdur:2 q:10.95 aq:6.73 tex:4312 mv:178 misc:614 imb:0 pmb:40 smb:8120 d:- ref:0 ;
in:2546 out:2543 type:P dur:2 cpbdur:2 q:10.94 aq:2.06 tex:107317 mv:816 misc:2019 imb:48 pmb:501 smb:7611 d:- ref:0 ;
in:2544 out:2544 type:B dur:2 cpbdur:2 q:10.94 aq:5.31 tex:5014 mv:288 misc:994 imb:1 pmb:153 smb:8006 d:- ref:0 ;
in:2543 out:2545 type:b dur:2 cpbdur:2 q:10.95 aq:6.68 tex:4910 mv:308 misc:790 imb:0 pmb:82 smb:8078 d:- ref:0 ;
in:2545 out:2546 type:b dur:2 cpbdur:2 q:10.94 aq:6.45 tex:3252 mv:330 misc:610 imb:0 pmb:43 smb:8117 d:- ref:0 ;
in:2550 out:2547 type:P dur:2 cpbdur:2 q:10.93 aq:1.93 tex:53561 mv:419 misc:2044 imb:8 pmb:406 smb:7746 d:- ref:0 ;
in:2548 out:2548 type:B dur:2 cpbdur:2 q:10.93 aq:4.99 tex:5025 mv:153 misc:638 imb:0 pmb:51 smb:8109 d:- ref:0 ;
in:2547 out:2549 type:b dur:2 cpbdur:2 q:10.94 aq:6.91 tex:4022 mv:237 misc:589 imb:0 pmb:35 smb:8125 d:- ref:0 ;
in:2549 out:2550 type:b dur:2 cpbdur:2 q:10.93 aq:7.80 tex:4206 mv:117 misc:565 imb:0 pmb:31 smb:8129 d:- ref:0 ;
in:2554 out:2551 type:P dur:2 cpbdur:2 q:10.91 aq:1.97 tex:45140 mv:381 misc:1975 imb:7 pmb:364 smb:7789 d:- ref:0 ;
in:2552 out:2552 type:B dur:2 cpbdur:2 q:10.92 aq:5.39 tex:4148 mv:154 misc:634 imb:0 pmb:48 smb:8112 d:- ref:0 ;
in:2551 out:2553 type:b dur:2 cpbdur:2 q:10.92 aq:6.88 tex:2523 mv:119 misc:574 imb:0 pmb:35 smb:8125 d:- ref:0 ;
in:2553 out:2554 type:b dur:2 cpbdur:2 q:10.92 aq:7.77 tex:3004 mv:134 misc:582 imb:0 pmb:30 smb:8130 d:- ref:0 ;
in:2558 out:2555 type:P dur:2 cpbdur:2 q:10.90 aq:1.92 tex:42445 mv:274 misc:1881 imb:7 pmb:336 smb:7817 d:- ref:0 ;
in:2556 out:2556 type:B dur:2 cpbdur:2 q:10.91 aq:7.25 tex:3223 mv:154 misc:639 imb:0 pmb:50 smb:8110 d:- ref:0 ;
in:2555 out:2557 type:b dur:2 cpbdur:2 q:10.91 aq:8.04 tex:2837 mv:122 misc:585 imb:0 pmb:35 smb:8125 d:- ref:0 ;
in:2557 out:2558 type:b dur:2 cpbdur:2 q:10.90 aq:8.75 tex:3356 mv:103 misc:549 imb:0 pmb:27 smb:8133 d:- ref:0 ;
in:2562 out:2559 type:P dur:2 cpbdur:2 q:10.89 aq:1.88 tex:27383 mv:229 misc:1932 imb:1 pmb:345 smb:7814 d:- ref:0 ;
in:2560 out:2560 type:B dur:2 cpbdur:2 q:10.90 aq:2.04 tex:195 mv:93 misc:592 imb:0 pmb:31 smb:8129 d:- ref:0 ;
in:2559 out:2561 type:b dur:2 cpbdur:2 q:10.90 aq:4.63 tex:268 mv:86 misc:566 imb:0 pmb:27 smb:8133 d:- ref:0 ;
in:2561 out:2562 type:b dur:2 cpbdur:2 q:10.89 aq:3.22 tex:123 mv:5 misc:448 imb:0 pmb:4 smb:8156 d:- ref:0 ;
in:2566 out:2563 type:P dur:2 cpbdur:2 q:10.88 aq:1.88 tex:9292 mv:118 misc:1654 imb:0 pmb:252 smb:7908 d:- ref:0 ;
in:2564 out:2564 type:B dur:2 cpbdur:2 q:10.89 aq:0.00 tex:68 mv:2 misc:450 imb:0 pmb:2 smb:8158 d:- ref:0 ;
in:2563 out:2565 type:b dur:2 cpbdur:2 q:10.89 aq:1.29 tex:67 mv:2 misc:427 imb:0 pmb:2 smb:8158 d:- ref:0 ;
in:2565 out:2566 type:b dur:2 cpbdur:2 q:10.88 aq:1.29 tex:67 mv:2 misc:427 imb:0 pmb:2 smb:8158 d:- ref:0 ;
in:2570 out:2567 type:P dur:2 cpbdur:2 q:10.87 aq:1.11 tex:72367 mv:444 misc:2045 imb:30 pmb:527 smb:7603 d:- ref:0 ;
in:2568 out:2568 type:B dur:2 cpbdur:2 q:10.87 aq:0.77 tex:409 mv:131 misc:708 imb:0 pmb:54 smb:8106 d:- ref:0 ;
in:2567 out:2569 type:b dur:2 cpbdur:2 q:10.88 aq:1.29 tex:102 mv:81 misc:537 imb:0 pmb:18 smb:8142 d:- ref:0 ;
in:2569 out:2570 type:b dur:2 cpbdur:2 q:10.87 aq:1.29 tex:72 mv:11 misc:437 imb:0 pmb:3 smb:8157 d:- ref:0 ;
in:2574 out:2571 type:P dur:2 cpbdur:2 q:10.85 aq:0.94 tex:11443 mv:120 misc:1741 imb:0 pmb:284 smb:7876 d:- ref:0 ;
in:2572 out:2572 type:B dur:2 cpbdur:2 q:10.86 aq:0.00 tex:111 mv:3 misc:454 imb:0 pmb:3 smb:8157 d:- ref:0 ;
in:2571 out:2573 type:b dur:2 cpbdur:2 q:10.86 aq:1.29 tex:67 mv:2 misc:427 imb:0 pmb:2 smb:8158 d:- ref:0 ;
in:2573 out:2574 type:b dur:2 cpbdur:2 q:10.86 aq:1.29 tex:67 mv:2 misc:427 imb:0 pmb:2 smb:8158 d:- ref:0 ;
in:2578 out:2575 type:P dur:2 cpbdur:2 q:10.84 aq:0.71 tex:5998 mv:119 misc:1347 imb:0 pmb:175 smb:7985 d:- ref:0 ;
in:2576 out:2576 type:B dur:2 cpbdur:2 q:10.85 aq:0.00 tex:157 mv:4 misc:463 imb:0 pmb:4 smb:8156 d:- ref:0 ;
in:2575 out:2577 type:b dur:2 cpbdur:2 q:10.85 aq:1.29 tex:67 mv:2 misc:427 imb:0 pmb:2 smb:8158 d:- ref:0 ;
in:2577 out:2578 type:b dur:2 cpbdur:2 q:10.85 aq:1.29 tex:67 mv:2 misc:427 imb:0 pmb:2 smb:8158 d:- ref:0 ;
in:2579 out:2579 type:P dur:2 cpbdur:2 q:10.83 aq:1.29 tex:67 mv:14 misc:463 imb:0 pmb:2 smb:8158 d:- ref:0 ;
in:2580 out:2580 type:I dur:2 cpbdur:2 q:7.98 aq:0.20 tex:1116831 mv:43149 misc:508 imb:8160 pmb:0 smb:0 d:- ref:;
in:2584 out:2581 type:P dur:2 cpbdur:2 q:10.82 aq:1.15 tex:3318 mv:108 misc:1086 imb:0 pmb:110 smb:8050 d:- ref:0 ;
in:2582 out:2582 type:B dur:2 cpbdur:2 q:10.82 aq:0.00 tex:46 mv:18 misc:440 imb:0 pmb:3 smb:8157 d:- ref:0 ;
in:2581 out:2583 type:b dur:2 cpbdur:2 q:10.82 aq:0.00 tex:13 mv:17 misc:434 imb:0 pmb:2 smb:8158 d:- ref:0 ;
in:2583 out:2584 type:b dur:2 cpbdur:2 q:10.82 aq:0.00 tex:0 mv:0 misc:408 imb:0 pmb:0 smb:8160 d:- ref:0 ;
in:2588 out:2585 type:P dur:2 cpbdur:2 q:10.81 aq:0.32 tex:252 mv:34 misc:514 imb:0 pmb:7 smb:8153 d:- ref:0 ;
in:2586 out:2586 type:B dur:2 cpbdur:2 q:10.82 aq:0.00 tex:0 mv:0 misc:424 imb:0 pmb:0 smb:8160 d:- ref:0 ;
in:2585 out:2587 type:b dur:2 cpbdur:2 q:10.82 aq:0.00 tex:0 mv:0 misc:408 imb:0 pmb:0 smb:8160 d:- ref:0 ;
in:2587 out:2588 type:b dur:2 cpbdur:2 q:10.81 aq:0.00 tex:0 mv:0 misc:408 imb:0 pmb:0 smb:8160 d:- ref:0 ;
in:2592 out:2589 type:P dur:2 cpbdur:2 q:10.80 aq:0.00 tex:0 mv:0 misc:440 imb:0 pmb:0 smb:8160 d:- ref:0 ;
in:2590 out:2590 type:B dur:2 cpbdur:2 q:10.80 aq:0.00 tex:0 mv:0 misc:424 imb:0 pmb:0 smb:8160 d:- ref:0 ;
in:2589 out:2591 type:b dur:2 cpbdur:2 q:10.81 aq:0.00 tex:0 mv:0 misc:408 imb:0 pmb:0 smb:8160 d:- ref:0 ;
in:2591 out:2592 type:b dur:2 cpbdur:2 q:10.80 aq:0.00 tex:0 mv:0 misc:408 imb:0 pmb:0 smb:8160 d:- ref:0 ;
in:2596 out:2593 type:P dur:2 cpbdur:2 q:10.78 aq:0.00 tex:0 mv:0 misc:440 imb:0 pmb:0 smb:8160 d:- ref:0 ;
in:2594 out:2594 type:B dur:2 cpbdur:2 q:10.79 aq:0.00 tex:0 mv:0 misc:424 imb:0 pmb:0 smb:8160 d:- ref:0 ;
in:2593 out:2595 type:b dur:2 cpbdur:2 q:10.79 aq:0.00 tex:0 mv:0 misc:408 imb:0 pmb:0 smb:8160 d:- ref:0 ;
in:2595 out:2596 type:b dur:2 cpbdur:2 q:10.79 aq:0.00 tex:0 mv:0 misc:408 imb:0 pmb:0 smb:8160 d:- ref:0 ;
in:2600 out:2597 type:P dur:2 cpbdur:2 q:10.79 aq:7.49 tex:69899 mv:1839 misc:2526 imb:128 pmb:1032 smb:7000 d:- ref:0 w:7,85,44,7,84,53,85,24 ;
in:2598 out:2598 type:B dur:2 cpbdur:2 q:10.79 aq:0.00 tex:63 mv:160 misc:1161 imb:0 pmb:212 smb:7948 d:- ref:0 ;
in:2597 out:2599 type:b dur:2 cpbdur:2 q:10.79 aq:0.00 tex:0 mv:0 misc:408 imb:0 pmb:0 smb:8160 d:- ref:0 ;
in:2599 out:2600 type:b dur:2 cpbdur:2 q:10.79 aq:10.62 tex:12735 mv:150 misc:1411 imb:4 pmb:659 smb:7497 d:- ref:0 ;
in:2602 out:2601 type:P dur:2 cpbdur:2 q:10.78 aq:6.87 tex:181889 mv:6120 misc:1359 imb:641 pmb:1172 smb:6347 d:- ref:0 w:6,33,63,7,65,76,63,36 ;
in:2601 out:2602 type:b dur:2 cpbdur:2 q:10.78 aq:8.49 tex:45664 mv:479 misc:1321 imb:27 pmb:1541 smb:6592 d:- ref:0 ;
in:2603 out:2603 type:P dur:2 cpbdur:2 q:10.77 aq:4.47 tex:67286 mv:3349 misc:2477 imb:443 pmb:842 smb:6875 d:- ref:0 w:1,1,65,7,63,78,63,36 ;
in:2604 out:2604 type:P dur:2 cpbdur:2 q:10.77 aq:0.00 tex:9678 mv:1971 misc:1183 imb:1845 pmb:17 smb:6298 d:- ref:0 w:7,3,127,7,23,126,2,70 ;
in:2605 out:2605 type:P dur:2 cpbdur:2 q:10.76 aq:0.39 tex:23548 mv:624 misc:1012 imb:141 pmb:6 smb:8013 d:- ref:0 ;
in:2606 out:2606 type:P dur:2 cpbdur:2 q:10.76 aq:1.15 tex:45426 mv:1529 misc:1373 imb:283 pmb:23 smb:7854 d:- ref:0 ;
in:2607 out:2607 type:P dur:2 cpbdur:2 q:10.76 aq:1.66 tex:61751 mv:1509 misc:700 imb:181 pmb:38 smb:7941 d:- ref:0 ;
in:2608 out:2608 type:P dur:2 cpbdur:2 q:10.75 aq:1.86 tex:83660 mv:2250 misc:730 imb:275 pmb:56 smb:7829 d:- ref:0 ;
in:2612 out:2609 type:P dur:2 cpbdur:2 q:10.75 aq:1.10 tex:189738 mv:4394 misc:860 imb:749 pmb:67 smb:7344 d:- ref:0 ;
in:2610 out:2610 type:B dur:2 cpbdur:2 q:10.75 aq:4.00 tex:46095 mv:2942 misc:1507 imb:44 pmb:440 smb:7676 d:- ref:0 ;
in:2609 out:2611 type:b dur:2 cpbdur:2 q:10.75 aq:2.83 tex:68694 mv:4296 misc:1354 imb:42 pmb:393 smb:7725 d:- ref:0 ;
in:2611 out:2612 type:b dur:2 cpbdur:2 q:10.75 aq:4.45 tex:33482 mv:3100 misc:1346 imb:10 pmb:433 smb:7717 d:- ref:0 ;
in:2616 out:2613 type:P dur:2 cpbdur:2 q:10.74 aq:0.11 tex:96441 mv:3127 misc:1712 imb:505 pmb:183 smb:7472 d:- ref:0 ;
in:2614 out:2614 type:B dur:2 cpbdur:2 q:10.74 aq:1.93 tex:43518 mv:3970 misc:1504 imb:14 pmb:507 smb:7639 d:- ref:0 ;
in:2613 out:2615 type:b dur:2 cpbdur:2 q:10.75 aq:3.73 tex:34630 mv:3464 misc:1346 imb:22 pmb:459 smb:7679 d:- ref:0 ;
in:2615 out:2616 type:b dur:2 cpbdur:2 q:10.74 aq:3.59 tex:27263 mv:3045 misc:1460 imb:6 pmb:392 smb:7762 d:- ref:0 ;
in:2619 out:2617 type:P dur:2 cpbdur:2 q:10.73 aq:2.27 tex:30042 mv:341 misc:1025 imb:25 pmb:128 smb:8007 d:- ref:0 ;
in:2617 out:2618 type:B dur:2 cpbdur:2 q:10.74 aq:8.20 tex:4633 mv:192 misc:519 imb:1 pmb:21 smb:8138 d:- ref:0 ;
in:2618 out:2619 type:b dur:2 cpbdur:2 q:10.73 aq:2.45 tex:6991 mv:354 misc:479 imb:0 pmb:29 smb:8131 d:- ref:0 ;
in:2621 out:2620 type:P dur:2 cpbdur:2 q:10.72 aq:3.54 tex:40653 mv:839 misc:868 imb:38 pmb:79 smb:8043 d:- ref:0 ;
in:2620 out:2621 type:b dur:2 cpbdur:2 q:10.73 aq:10.70 tex:9739 mv:932 misc:513 imb:1 pmb:52 smb:8107 d:- ref:0 ;
in:2625 out:2622 type:P dur:2 cpbdur:2 q:10.72 aq:3.43 tex:33404 mv:1127 misc:789 imb:29 pmb:95 smb:8036 d:- ref:0 ;
in:2623 out:2623 type:B dur:2 cpbdur:2 q:10.72 aq:8.24 tex:11034 mv:1148 misc:562 imb:7 pmb:66 smb:8087 d:- ref:0 ;
in:2622 out:2624 type:b dur:2 cpbdur:2 q:10.72 aq:3.02 tex:10249 mv:1059 misc:540 imb:7 pmb:66 smb:8087 d:- ref:0 ;
in:2624 out:2625 type:b dur:2 cpbdur:2 q:10.72 aq:9.81 tex:8128 mv:839 misc:553 imb:0 pmb:68 smb:8092 d:- ref:0 ;
in:2629 out:2626 type:P dur:2 cpbdur:2 q:10.72 aq:3.44 tex:46118 mv:1038 misc:804 imb:36 pmb:101 smb:8023 d:- ref:0 ;
in:2627 out:2627 type:B dur:2 cpbdur:2 q:10.72 aq:8.76 tex:9521 mv:949 misc:610 imb:4 pmb:77 smb:8079 d:- ref:0 ;
in:2626 out:2628 type:b dur:2 cpbdur:2 q:10.72 aq:8.41 tex:8926 mv:918 misc:548 imb:5 pmb:65 smb:8090 d:- ref:0 ;
in:2628 out:2629 type:b dur:2 cpbdur:2 q:10.72 aq:0.00 tex:88 mv:129 misc:583 imb:0 pmb:42 smb:8118 d:- ref:0 ;
in:2632 out:2630 type:P dur:2 cpbdur:2 q:10.71 aq:3.93 tex:189918 mv:2168 misc:946 imb:224 pmb:108 smb:7828 d:- ref:0 ;
in:2630 out:2631 type:B dur:2 cpbdur:2 q:10.71 aq:1.29 tex:50669 mv:1533 misc:662 imb:32 pmb:91 smb:8037 d:- ref:0 ;
in:2631 out:2632 type:b dur:2 cpbdur:2 q:10.71 aq:1.95 tex:81945 mv:3400 misc:671 imb:34 pmb:166 smb:7960 d:- ref:0 ;
in:2633 out:2633 type:P dur:2 cpbdur:2 q:10.70 aq:3.94 tex:257295 mv:4836 misc:957 imb:131 pmb:312 smb:7717 d:- ref:0 ;
in:2637 out:2634 type:P dur:2 cpbdur:2 q:10.70 aq:2.92 tex:352878 mv:6071 misc:931 imb:158 pmb:403 smb:7599 d:- ref:0 ;
in:2635 out:2635 type:B dur:2 cpbdur:2 q:10.70 aq:3.29 tex:117937 mv:4851 misc:788 imb:17 pmb:468 smb:7675 d:- ref:0 ;
in:2634 out:2636 type:b dur:2 cpbdur:2 q:10.70 aq:4.12 tex:98267 mv:4474 misc:771 imb:35 pmb:462 smb:7663 d:- ref:0 ;
in:2636 out:2637 type:b dur:2 cpbdur:2 q:10.70 aq:4.14 tex:75646 mv:4447 misc:803 imb:6 pmb:457 smb:7697 d:- ref:0 ;
in:2641 out:2638 type:P dur:2 cpbdur:2 q:10.68 aq:2.48 tex:279083 mv:4405 misc:1056 imb:143 pmb:503 smb:7514 d:- ref:0 ;
in:2639 out:2639 type:B dur:2 cpbdur:2 q:10.69 aq:3.20 tex:82252 mv:4506 misc:826 imb:9 pmb:468 smb:7683 d:- ref:0 ;
in:2638 out:2640 type:b dur:2 cpbdur:2 q:10.69 aq:3.81 tex:71567 mv:3861 misc:812 imb:5 pmb:438 smb:7717 d:- ref:0 ;
in:2640 out:2641 type:b dur:2 cpbdur:2 q:10.69 aq:3.53 tex:2344 mv:310 misc:762 imb:2 pmb:100 smb:8058 d:- ref:0 ;
in:2645 out:2642 type:P dur:2 cpbdur:2 q:10.67 aq:3.40 tex:195908 mv:1296 misc:1420 imb:116 pmb:415 smb:7629 d:- ref:0 ;
in:2643 out:2643 type:B dur:2 cpbdur:2 q:10.68 aq:8.10 tex:50719 mv:1311 misc:786 imb:7 pmb:136 smb:8017 d:- ref:0 ;
in:2642 out:2644 type:b dur:2 cpbdur:2 q:10.68 aq:8.68 tex:27030 mv:963 misc:607 imb:3 pmb:73 smb:8084 d:- ref:0 ;
in:2644 out:2645 type:b dur:2 cpbdur:2 q:10.68 aq:10.15 tex:54771 mv:2575 misc:694 imb:4 pmb:140 smb:8016 d:- ref:0 ;
in:2649 out:2646 type:P dur:2 cpbdur:2 q:10.67 aq:3.10 tex:178527 mv:2579 misc:1510 imb:29 pmb:403 smb:7728 d:- ref:0 ;
in:2647 out:2647 type:B dur:2 cpbdur:2 q:10.67 aq:8.37 tex:56346 mv:1896 misc:750 imb:3 pmb:178 smb:7979 d:- ref:0 ;
in:2646 out:2648 type:b dur:2 cpbdur:2 q:10.67 aq:10.18 tex:43578 mv:1486 misc:720 imb:6 pmb:172 smb:7982 d:- ref:0 ;
in:2648 out:2649 type:b dur:2 cpbdur:2 q:10.67 aq:9.69 tex:18675 mv:834 misc:699 imb:3 pmb:121 smb:8036 d:- ref:0 ;
in:2653 out:2650 type:P dur:2 cpbdur:2 q:10.67 aq:2.73 tex:128118 mv:1546 misc:1424 imb:16 pmb:348 smb:7796 d:- ref:0 ;
in:2651 out:2651 type:B dur:2 cpbdur:2 q:10.67 aq:9.94 tex:32838 mv:974 misc:748 imb:2 pmb:147 smb:8011 d:- ref:0 ;
in:2650 out:2652 type:b dur:2 cpbdur:2 q:10.67 aq:10.63 tex:19582 mv:771 misc:711 imb:2 pmb:119 smb:8039 d:- ref:0 ;
in:2652 out:2653 type:b dur:2 cpbdur:2 q:10.67 aq:1.15 tex:261 mv:126 misc:717 imb:0 pmb:86 smb:8074 d:- ref:0 ;
in:2657 out:2654 type:P dur:2 cpbdur:2 q:10.67 aq:2.90 tex:21628 mv:221 misc:1439 imb:5 pmb:313 smb:7842 d:- ref:0 ;
in:2655 out:2655 type:B dur:2 cpbdur:2 q:10.67 aq:5.89 tex:285 mv:54 misc:541 imb:0 pmb:14 smb:8146 d:- ref:0 ;
in:2654 out:2656 type:b dur:2 cpbdur:2 q:10.67 aq:0.00 tex:99 mv:3 misc:426 imb:0 pmb:2 smb:8158 d:- ref:0 ;
in:2656 out:2657 type:b dur:2 cpbdur:2 q:10.67 aq:0.00 tex:99 mv:3 misc:426 imb:0 pmb:2 smb:8158 d:- ref:0 ;
in:2661 out:2658 type:P dur:2 cpbdur:2 q:10.66 aq:2.72 tex:10574 mv:145 misc:1369 imb:2 pmb:225 smb:7933 d:- ref:0 ;
in:2659 out:2659 type:B dur:2 cpbdur:2 q:10.67 aq:0.00 tex:127 mv:4 misc:453 imb:0 pmb:3 smb:8157 d:- ref:0 ;
in:2658 out:2660 type:b dur:2 cpbdur:2 q:10.67 aq:0.00 tex:99 mv:3 misc:426 imb:0 pmb:2 smb:8158 d:- ref:0 ;
in:2660 out:2661 type:b dur:2 cpbdur:2 q:10.67 aq:0.00 tex:99 mv:3 misc:426 imb:0 pmb:2 smb:8158 d:- ref:0 ;
in:2665 out:2662 type:P dur:2 cpbdur:2 q:10.66 aq:3.08 tex:106894 mv:531 misc:1439 imb:39 pmb:348 smb:7773 d:- ref:0 ;
in:2663 out:2663 type:B dur:2 cpbdur:2 q:10.66 aq:0.08 tex:365 mv:129 misc:674 imb:0 pmb:53 smb:8107 d:- ref:0 ;
in:2662 out:2664 type:b dur:2 cpbdur:2 q:10.66 aq:0.00 tex:105 mv:13 misc:442 imb:0 pmb:3 smb:8157 d:- ref:0 ;
in:2664 out:2665 type:b dur:2 cpbdur:2 q:10.66 aq:0.00 tex:329 mv:134 misc:649 imb:0 pmb:43 smb:8117 d:- ref:0 ;
in:2667 out:2666 type:P dur:2 cpbdur:2 q:10.65 aq:3.58 tex:194984 mv:2168 misc:1608 imb:192 pmb:358 smb:7610 d:- ref:0 ;
in:2666 out:2667 type:b dur:2 cpbdur:2 q:10.65 aq:1.67 tex:73936 mv:1846 misc:714 imb:28 pmb:123 smb:8009 d:- ref:0 ;
in:2668 out:2668 type:P dur:2 cpbdur:2 q:10.64 aq:3.48 tex:259465 mv:4485 misc:1826 imb:123 pmb:485 smb:7552 d:- ref:0 ;
in:2669 out:2669 type:P dur:2 cpbdur:2 q:10.64 aq:3.05 tex:369053 mv:6602 misc:1705 imb:284 pmb:563 smb:7313 d:- ref:0 ;
in:2673 out:2670 type:P dur:2 cpbdur:2 q:10.64 aq:3.01 tex:418673 mv:7095 misc:1720 imb:222 pmb:632 smb:7306 d:- ref:0 ;
in:2671 out:2671 type:B dur:2 cpbdur:2 q:10.64 aq:7.31 tex:171368 mv:6985 misc:959 imb:72 pmb:549 smb:7539 d:- ref:0 ;
in:2670 out:2672 type:b dur:2 cpbdur:2 q:10.64 aq:7.87 tex:120240 mv:6038 misc:1042 imb:80 pmb:546 smb:7534 d:- ref:0 ;
in:2672 out:2673 type:b dur:2 cpbdur:2 q:10.64 aq:7.86 tex:83941 mv:6971 misc:968 imb:48 pmb:524 smb:7588 d:- ref:0 ;
in:2677 out:2674 type:P dur:2 cpbdur:2 q:10.63 aq:2.12 tex:332784 mv:6054 misc:1690 imb:347 pmb:626 smb:7187 d:- ref:0 ;
in:2675 out:2675 type:B dur:2 cpbdur:2 q:10.63 aq:4.69 tex:103156 mv:7001 misc:947 imb:36 pmb:530 smb:7594 d:- ref:0 ;
in:2674 out:2676 type:b dur:2 cpbdur:2 q:10.64 aq:7.12 tex:80324 mv:6808 misc:940 imb:61 pmb:484 smb:7615 d:- ref:0 ;
in:2676 out:2677 type:b dur:2 cpbdur:2 q:10.63 aq:6.66 tex:8633 mv:617 misc:822 imb:0 pmb:152 smb:8008 d:- ref:0 ;
in:2681 out:2678 type:P dur:2 cpbdur:2 q:10.62 aq:2.75 tex:60437 mv:836 misc:1895 imb:19 pmb:549 smb:7592 d:- ref:0 ;
in:2679 out:2679 type:B dur:2 cpbdur:2 q:10.62 aq:4.92 tex:7848 mv:535 misc:625 imb:1 pmb:53 smb:8106 d:- ref:0 ;
in:2678 out:2680 type:b dur:2 cpbdur:2 q:10.62 aq:5.12 tex:6026 mv:299 misc:555 imb:0 pmb:47 smb:8113 d:- ref:0 ;
in:2680 out:2681 type:b dur:2 cpbdur:2 q:10.62 aq:2.57 tex:5707 mv:293 misc:504 imb:0 pmb:35 smb:8125 d:- ref:0 ;
in:2685 out:2682 type:P dur:2 cpbdur:2 q:10.61 aq:2.59 tex:42709 mv:596 misc:1895 imb:6 pmb:395 smb:7759 d:- ref:0 ;
in:2683 out:2683 type:B dur:2 cpbdur:2 q:10.61 aq:6.90 tex:9019 mv:379 misc:546 imb:1 pmb:44 smb:8115 d:- ref:0 ;
in:2682 out:2684 type:b dur:2 cpbdur:2 q:10.61 aq:2.66 tex:5103 mv:278 misc:507 imb:0 pmb:35 smb:8125 d:- ref:0 ;
in:2684 out:2685 type:b dur:2 cpbdur:2 q:10.61 aq:2.59 tex:4060 mv:162 misc:490 imb:0 pmb:34 smb:8126 d:- ref:0 ;
in:2689 out:2686 type:P dur:2 cpbdur:2 q:10.62 aq:2.58 tex:77282 mv:808 misc:1838 imb:50 pmb:606 smb:7504 d:- ref:0 ;
in:2687 out:2687 type:B dur:2 cpbdur:2 q:10.62 aq:4.00 tex:9810 mv:316 misc:570 imb:0 pmb:47 smb:8113 d:- ref:0 ;
in:2686 out:2688 type:b dur:2 cpbdur:2 q:10.61 aq:2.35 tex:2984 mv:164 misc:500 imb:0 pmb:34 smb:8126 d:- ref:0 ;
in:2688 out:2689 type:b dur:2 cpbdur:2 q:10.62 aq:2.32 tex:2889 mv:160 misc:535 imb:0 pmb:42 smb:8118 d:- ref:0 ;
in:2693 out:2690 type:P dur:2 cpbdur:2 q:10.62 aq:2.61 tex:45564 mv:668 misc:1904 imb:5 pmb:405 smb:7750 d:- ref:0 ;
in:2691 out:2691 type:B dur:2 cpbdur:2 q:10.62 aq:3.49 tex:10984 mv:585 misc:567 imb:1 pmb:45 smb:8114 d:- ref:0 ;
in:2690 out:2692 type:b dur:2 cpbdur:2 q:10.62 aq:2.40 tex:6688 mv:388 misc:492 imb:0 pmb:36 smb:8124 d:- ref:0 ;
in:2692 out:2693 type:b dur:2 cpbdur:2 q:10.62 aq:2.13 tex:6994 mv:382 misc:496 imb:0 pmb:38 smb:8122 d:- ref:0 ;
in:2697 out:2694 type:P dur:2 cpbdur:2 q:10.62 aq:2.60 tex:43449 mv:712 misc:1807 imb:6 pmb:363 smb:7791 d:- ref:0 ;
in:2695 out:2695 type:B dur:2 cpbdur:2 q:10.62 aq:3.30 tex:11088 mv:602 misc:550 imb:0 pmb:47 smb:8113 d:- ref:0 ;
in:2694 out:2696 type:b dur:2 cpbdur:2 q:10.62 aq:2.13 tex:7558 mv:380 misc:486 imb:1 pmb:38 smb:8121 d:- ref:0 ;
in:2696 out:2697 type:b dur:2 cpbdur:2 q:10.62 aq:2.12 tex:7344 mv:403 misc:485 imb:0 pmb:41 smb:8119 d:- ref:0 ;
in:2701 out:2698 type:P dur:2 cpbdur:2 q:10.60 aq:2.56 tex:43554 mv:658 misc:1788 imb:5 pmb:354 smb:7801 d:- ref:0 ;
in:2699 out:2699 type:B dur:2 cpbdur:2 q:10.61 aq:3.41 tex:10029 mv:509 misc:534 imb:0 pmb:51 smb:8109 d:- ref:0 ;
in:2698 out:2700 type:b dur:2 cpbdur:2 q:10.61 aq:2.33 tex:7652 mv:363 misc:489 imb:0 pmb:43 smb:8117 d:- ref:0 ;
in:2700 out:2701 type:b dur:2 cpbdur:2 q:10.61 aq:2.21 tex:2586 mv:172 misc:530 imb:0 pmb:36 smb:8124 d:- ref:0 ;
in:2705 out:2702 type:P dur:2 cpbdur:2 q:10.59 aq:2.55 tex:36456 mv:590 misc:1738 imb:1 pmb:337 smb:7822 d:- ref:0 ;
in:2703 out:2703 type:B dur:2 cpbdur:2 q:10.60 aq:3.48 tex:10461 mv:400 misc:539 imb:0 pmb:50 smb:8110 d:- ref:0 ;
in:2702 out:2704 type:b dur:2 cpbdur:2 q:10.60 aq:2.35 tex:3574 mv:55 misc:499 imb:0 pmb:29 smb:8131 d:- ref:0 ;
in:2704 out:2705 type:b dur:2 cpbdur:2 q:10.60 aq:2.21 tex:6532 mv:318 misc:494 imb:0 pmb:42 smb:8118 d:- ref:0 ;
in:2709 out:2706 type:P dur:2 cpbdur:2 q:10.58 aq:2.54 tex:38747 mv:631 misc:1710 imb:1 pmb:336 smb:7823 d:- ref:0 ;
in:2707 out:2707 type:B dur:2 cpbdur:2 q:10.59 aq:3.37 tex:11058 mv:462 misc:544 imb:0 pmb:49 smb:8111 d:- ref:0 ;
in:2706 out:2708 type:b dur:2 cpbdur:2 q:10.59 aq:2.05 tex:7363 mv:375 misc:494 imb:0 pmb:42 smb:8118 d:- ref:0 ;
in:2708 out:2709 type:b dur:2 cpbdur:2 q:10.59 aq:2.31 tex:7458 mv:410 misc:492 imb:0 pmb:40 smb:8120 d:- ref:0 ;
in:2713 out:2710 type:P dur:2 cpbdur:2 q:10.57 aq:2.49 tex:40391 mv:612 misc:1693 imb:7 pmb:330 smb:7823 d:- ref:0 ;
in:2711 out:2711 type:B dur:2 cpbdur:2 q:10.58 aq:3.45 tex:9970 mv:431 misc:535 imb:0 pmb:46 smb:8114 d:- ref:0 ;
in:2710 out:2712 type:b dur:2 cpbdur:2 q:10.58 aq:2.21 tex:7042 mv:287 misc:471 imb:0 pmb:36 smb:8124 d:- ref:0 ;
in:2712 out:2713 type:b dur:2 cpbdur:2 q:10.57 aq:2.27 tex:3253 mv:167 misc:492 imb:0 pmb:40 smb:8120 d:- ref:0 ;
in:2717 out:2714 type:P dur:2 cpbdur:2 q:10.56 aq:2.52 tex:36731 mv:582 misc:1735 imb:5 pmb:333 smb:7822 d:- ref:0 ;
in:2715 out:2715 type:B dur:2 cpbdur:2 q:10.57 aq:3.52 tex:8412 mv:436 misc:552 imb:0 pmb:41 smb:8119 d:- ref:0 ;
in:2714 out:2716 type:b dur:2 cpbdur:2 q:10.57 aq:2.33 tex:3181 mv:109 misc:502 imb:0 pmb:29 smb:8131 d:- ref:0 ;
in:2716 out:2717 type:b dur:2 cpbdur:2 q:10.56 aq:2.27 tex:5957 mv:301 misc:494 imb:0 pmb:34 smb:8126 d:- ref:0 ;
in:2721 out:2718 type:P dur:2 cpbdur:2 q:10.55 aq:1.77 tex:51190 mv:663 misc:1723 imb:10 pmb:326 smb:7824 d:- ref:0 ;
in:2719 out:2719 type:B dur:2 cpbdur:2 q:10.55 aq:3.69 tex:8779 mv:477 misc:568 imb:0 pmb:49 smb:8111 d:- ref:0 ;
in:2718 out:2720 type:b dur:2 cpbdur:2 q:10.56 aq:2.37 tex:6539 mv:292 misc:489 imb:1 pmb:33 smb:8126 d:- ref:0 ;
in:2720 out:2721 type:b dur:2 cpbdur:2 q:10.55 aq:2.66 tex:5813 mv:324 misc:519 imb:0 pmb:39 smb:8121 d:- ref:0 ;
in:2725 out:2722 type:P dur:2 cpbdur:2 q:10.54 aq:1.77 tex:59286 mv:475 misc:1759 imb:12 pmb:339 smb:7809 d:- ref:0 ;
in:2723 out:2723 type:B dur:2 cpbdur:2 q:10.54 aq:5.63 tex:12357 mv:417 misc:594 imb:0 pmb:60 smb:8100 d:- ref:0 ;
in:2722 out:2724 type:b dur:2 cpbdur:2 q:10.55 aq:5.38 tex:4034 mv:231 misc:519 imb:0 pmb:40 smb:8120 d:- ref:0 ;
in:2724 out:2725 type:b dur:2 cpbdur:2 q:10.54 aq:4.97 tex:3439 mv:159 misc:538 imb:0 pmb:45 smb:8115 d:- ref:0 ;
in:2729 out:2726 type:P dur:2 cpbdur:2 q:10.53 aq:2.72 tex:54450 mv:665 misc:1765 imb:11 pmb:331 smb:7818 d:- ref:0 ;
in:2727 out:2727 type:B dur:2 cpbdur:2 q:10.53 aq:5.01 tex:12146 mv:639 misc:567 imb:1 pmb:56 smb:8103 d:- ref:0 ;
in:2726 out:2728 type:b dur:2 cpbdur:2 q:10.53 aq:2.14 tex:6987 mv:379 misc:498 imb:0 pmb:40 smb:8120 d:- ref:0 ;
in:2728 out:2729 type:b dur:2 cpbdur:2 q:10.53 aq:2.10 tex:7164 mv:424 misc:516 imb:0 pmb:44 smb:8116 d:- ref:0 ;
in:2733 out:2730 type:P dur:2 cpbdur:2 q:10.51 aq:2.57 tex:64557 mv:795 misc:1816 imb:17 pmb:355 smb:7788 d:- ref:0 ;
in:2731 out:2731 type:B dur:2 cpbdur:2 q:10.52 aq:3.39 tex:11300 mv:616 misc:556 imb:0 pmb:59 smb:8101 d:- ref:0 ;
in:2730 out:2732 type:b dur:2 cpbdur:2 q:10.52 aq:2.02 tex:7424 mv:428 misc:500 imb:1 pmb:48 smb:8111 d:- ref:0 ;
in:2732 out:2733 type:b dur:2 cpbdur:2 q:10.52 aq:2.02 tex:7519 mv:464 misc:505 imb:0 pmb:47 smb:8113 d:- ref:0 ;
in:2737 out:2734 type:P dur:2 cpbdur:2 q:10.50 aq:2.58 tex:83448 mv:835 misc:1845 imb:15 pmb:409 smb:7736 d:- ref:0 ;
in:2735 out:2735 type:B dur:2 cpbdur:2 q:10.51 aq:5.10 tex:11661 mv:609 misc:586 imb:2 pmb:65 smb:8093 d:- ref:0 ;
in:2734 out:2736 type:b dur:2 cpbdur:2 q:10.51 aq:2.25 tex:7517 mv:418 misc:513 imb:0 pmb:46 smb:8114 d:- ref:0 ;
in:2736 out:2737 type:b dur:2 cpbdur:2 q:10.51 aq:4.58 tex:2227 mv:209 misc:596 imb:0 pmb:50 smb:8110 d:- ref:0 ;
in:2741 out:2738 type:P dur:2 cpbdur:2 q:10.49 aq:2.58 tex:67664 mv:704 misc:1912 imb:12 pmb:398 smb:7750 d:- ref:0 ;
in:2739 out:2739 type:B dur:2 cpbdur:2 q:10.50 aq:4.89 tex:9965 mv:511 misc:564 imb:2 pmb:59 smb:8099 d:- ref:0 ;
in:2738 out:2740 type:b dur:2 cpbdur:2 q:10.50 aq:2.18 tex:3504 mv:104 misc:520 imb:0 pmb:39 smb:8121 d:- ref:0 ;
in:2740 out:2741 type:b dur:2 cpbdur:2 q:10.50 aq:1.91 tex:6509 mv:326 misc:541 imb:0 pmb:47 smb:8113 d:- ref:0 ;
in:2745 out:2742 type:P dur:2 cpbdur:2 q:10.48 aq:2.54 tex:54275 mv:717 misc:1872 imb:8 pmb:375 smb:7777 d:- ref:0 ;
in:2743 out:2743 type:B dur:2 cpbdur:2 q:10.49 aq:3.36 tex:10564 mv:520 misc:572 imb:0 pmb:56 smb:8104 d:- ref:0 ;
in:2742 out:2744 type:b dur:2 cpbdur:2 q:10.49 aq:1.85 tex:7175 mv:317 misc:492 imb:0 pmb:44 smb:8116 d:- ref:0 ;
in:2744 out:2745 type:b dur:2 cpbdur:2 q:10.48 aq:2.07 tex:7334 mv:418 misc:520 imb:0 pmb:45 smb:8115 d:- ref:0 ;
in:2749 out:2746 type:P dur:2 cpbdur:2 q:10.47 aq:2.42 tex:63519 mv:683 misc:1902 imb:13 pmb:369 smb:7778 d:- ref:0 ;
in:2747 out:2747 type:B dur:2 cpbdur:2 q:10.48 aq:3.47 tex:9117 mv:461 misc:550 imb:0 pmb:59 smb:8101 d:- ref:0 ;
in:2746 out:2748 type:b dur:2 cpbdur:2 q:10.48 aq:1.79 tex:7579 mv:390 misc:519 imb:0 pmb:46 smb:8114 d:- ref:0 ;
in:2748 out:2749 type:b dur:2 cpbdur:2 q:10.47 aq:0.51 tex:271 mv:92 misc:549 imb:0 pmb:33 smb:8127 d:- ref:0 ;
in:2753 out:2750 type:P dur:2 cpbdur:2 q:10.46 aq:2.43 tex:40658 mv:270 misc:1928 imb:15 pmb:380 smb:7765 d:- ref:0 ;
in:2751 out:2751 type:B dur:2 cpbdur:2 q:10.47 aq:3.50 tex:1515 mv:90 misc:539 imb:1 pmb:22 smb:8137 d:- ref:0 ;
in:2750 out:2752 type:b dur:2 cpbdur:2 q:10.47 aq:0.10 tex:165 mv:44 misc:463 imb:0 pmb:10 smb:8150 d:- ref:0 ;
in:2752 out:2753 type:b dur:2 cpbdur:2 q:10.46 aq:0.10 tex:167 mv:45 misc:468 imb:0 pmb:11 smb:8149 d:- ref:0 ;
in:2757 out:2754 type:P dur:2 cpbdur:2 q:10.45 aq:2.36 tex:30279 mv:231 misc:1914 imb:9 pmb:359 smb:7792 d:- ref:0 ;
in:2755 out:2755 type:B dur:2 cpbdur:2 q:10.46 aq:1.91 tex:259 mv:53 misc:512 imb:0 pmb:14 smb:8146 d:- ref:0 ;
in:2754 out:2756 type:b dur:2 cpbdur:2 q:10.46 aq:0.10 tex:162 mv:41 misc:469 imb:0 pmb:9 smb:8151 d:- ref:0 ;
in:2756 out:2757 type:b dur:2 cpbdur:2 q:10.45 aq:0.10 tex:151 mv:21 misc:452 imb:0 pmb:5 smb:8155 d:- ref:0 ;
in:2761 out:2758 type:P dur:2 cpbdur:2 q:10.44 aq:2.38 tex:64748 mv:313 misc:1939 imb:14 pmb:435 smb:7711 d:- ref:0 ;
in:2759 out:2759 type:B dur:2 cpbdur:2 q:10.44 aq:2.30 tex:779 mv:103 misc:558 imb:1 pmb:26 smb:8133 d:- ref:0 ;
in:2758 out:2760 type:b dur:2 cpbdur:2 q:10.45 aq:0.10 tex:166 mv:54 misc:468 imb:0 pmb:12 smb:8148 d:- ref:0 ;
in:2760 out:2761 type:b dur:2 cpbdur:2 q:10.44 aq:1.56 tex:391 mv:86 misc:523 imb:0 pmb:22 smb:8138 d:- ref:0 ;
in:2765 out:2762 type:P dur:2 cpbdur:2 q:10.43 aq:1.49 tex:39662 mv:320 misc:1986 imb:16 pmb:422 smb:7722 d:- ref:0 ;
in:2763 out:2763 type:B dur:2 cpbdur:2 q:10.43 aq:1.13 tex:352 mv:83 misc:517 imb:0 pmb:23 smb:8137 d:- ref:0 ;
in:2762 out:2764 type:b dur:2 cpbdur:2 q:10.44 aq:0.10 tex:166 mv:49 misc:457 imb:0 pmb:11 smb:8149 d:- ref:0 ;
in:2764 out:2765 type:b dur:2 cpbdur:2 q:10.43 aq:0.10 tex:164 mv:46 misc:462 imb:0 pmb:10 smb:8150 d:- ref:0 ;
in:2769 out:2766 type:P dur:2 cpbdur:2 q:10.42 aq:1.50 tex:19745 mv:164 misc:1995 imb:1 pmb:394 smb:7765 d:- ref:0 ;
in:2767 out:2767 type:B dur:2 cpbdur:2 q:10.42 aq:1.98 tex:336 mv:18 misc:510 imb:0 pmb:9 smb:8151 d:- ref:0 ;
in:2766 out:2768 type:b dur:2 cpbdur:2 q:10.43 aq:0.10 tex:142 mv:4 misc:438 imb:0 pmb:3 smb:8157 d:- ref:0 ;
in:2768 out:2769 type:b dur:2 cpbdur:2 q:10.42 aq:0.10 tex:142 mv:4 misc:438 imb:0 pmb:3 smb:8157 d:- ref:0 ;
in:2773 out:2770 type:P dur:2 cpbdur:2 q:10.41 aq:2.12 tex:26619 mv:164 misc:2025 imb:1 pmb:434 smb:7725 d:- ref:0 ;
in:2771 out:2771 type:B dur:2 cpbdur:2 q:10.41 aq:1.91 tex:290 mv:7 misc:487 imb:0 pmb:7 smb:8153 d:- ref:0 ;
in:2770 out:2772 type:b dur:2 cpbdur:2 q:10.41 aq:0.10 tex:142 mv:4 misc:438 imb:0 pmb:3 smb:8157 d:- ref:0 ;
in:2772 out:2773 type:b dur:2 cpbdur:2 q:10.41 aq:0.10 tex:142 mv:4 misc:438 imb:0 pmb:3 smb:8157 d:- ref:0 ;
in:2777 out:2774 type:P dur:2 cpbdur:2 q:10.39 aq:2.14 tex:16822 mv:167 misc:2003 imb:1 pmb:391 smb:7768 d:- ref:0 ;
in:2775 out:2775 type:B dur:2 cpbdur:2 q:10.40 aq:1.98 tex:332 mv:8 misc:500 imb:0 pmb:8 smb:8152 d:- ref:0 ;
in:2774 out:2776 type:b dur:2 cpbdur:2 q:10.40 aq:0.10 tex:142 mv:4 misc:438 imb:0 pmb:3 smb:8157 d:- ref:0 ;
in:2776 out:2777 type:b dur:2 cpbdur:2 q:10.40 aq:0.10 tex:142 mv:4 misc:438 imb:0 pmb:3 smb:8157 d:- ref:0 ;
in:2781 out:2778 type:P dur:2 cpbdur:2 q:10.38 aq:2.14 tex:15881 mv:163 misc:1964 imb:1 pmb:377 smb:7782 d:- ref:0 ;
in:2779 out:2779 type:B dur:2 cpbdur:2 q:10.39 aq:1.91 tex:290 mv:7 misc:487 imb:0 pmb:7 smb:8153 d:- ref:0 ;
in:2778 out:2780 type:b dur:2 cpbdur:2 q:10.39 aq:0.10 tex:142 mv:4 misc:438 imb:0 pmb:3 smb:8157 d:- ref:0 ;
in:2780 out:2781 type:b dur:2 cpbdur:2 q:10.39 aq:0.10 tex:142 mv:4 misc:438 imb:0 pmb:3 smb:8157 d:- ref:0 ;
in:2785 out:2782 type:P dur:2 cpbdur:2 q:10.37 aq:1.45 tex:20295 mv:176 misc:1921 imb:3 pmb:368 smb:7789 d:- ref:0 ;
in:2783 out:2783 type:B dur:2 cpbdur:2 q:10.38 aq:1.19 tex:367 mv:9 misc:504 imb:0 pmb:9 smb:8151 d:- ref:0 ;
in:2782 out:2784 type:b dur:2 cpbdur:2 q:10.38 aq:0.10 tex:142 mv:4 misc:438 imb:0 pmb:3 smb:8157 d:- ref:0 ;
in:2784 out:2785 type:b dur:2 cpbdur:2 q:10.37 aq:0.10 tex:195 mv:15 misc:454 imb:0 pmb:5 smb:8155 d:- ref:0 ;
in:2789 out:2786 type:P dur:2 cpbdur:2 q:10.36 aq:2.30 tex:17360 mv:169 misc:1983 imb:2 pmb:378 smb:7780 d:- ref:0 ;
in:2787 out:2787 type:B dur:2 cpbdur:2 q:10.36 aq:1.91 tex:290 mv:7 misc:487 imb:0 pmb:7 smb:8153 d:- ref:0 ;
in:2786 out:2788 type:b dur:2 cpbdur:2 q:10.37 aq:0.10 tex:142 mv:4 misc:438 imb:0 pmb:3 smb:8157 d:- ref:0 ;
in:2788 out:2789 type:b dur:2 cpbdur:2 q:10.36 aq:0.10 tex:142 mv:4 misc:438 imb:0 pmb:3 smb:8157 d:- ref:0 ;
in:2793 out:2790 type:P dur:2 cpbdur:2 q:10.35 aq:2.13 tex:17027 mv:173 misc:1984 imb:2 pmb:379 smb:7779 d:- ref:0 ;
in:2791 out:2791 type:B dur:2 cpbdur:2 q:10.35 aq:1.98 tex:332 mv:8 misc:500 imb:0 pmb:8 smb:8152 d:- ref:0 ;
in:2790 out:2792 type:b dur:2 cpbdur:2 q:10.36 aq:0.10 tex:142 mv:4 misc:438 imb:0 pmb:3 smb:8157 d:- ref:0 ;
in:2792 out:2793 type:b dur:2 cpbdur:2 q:10.35 aq:0.10 tex:142 mv:4 misc:438 imb:0 pmb:3 smb:8157 d:- ref:0 ;
in:2797 out:2794 type:P dur:2 cpbdur:2 q:10.33 aq:2.80 tex:15642 mv:193 misc:1925 imb:3 pmb:373 smb:7784 d:- ref:0 ;
in:2795 out:2795 type:B dur:2 cpbdur:2 q:10.34 aq:1.91 tex:290 mv:7 misc:487 imb:0 pmb:7 smb:8153 d:- ref:0 ;
in:2794 out:2796 type:b dur:2 cpbdur:2 q:10.34 aq:0.10 tex:142 mv:4 misc:438 imb:0 pmb:3 smb:8157 d:- ref:0 ;
in:2796 out:2797 type:b dur:2 cpbdur:2 q:10.34 aq:0.10 tex:142 mv:4 misc:438 imb:0 pmb:3 smb:8157 d:- ref:0 ;
in:2801 out:2798 type:P dur:2 cpbdur:2 q:10.32 aq:2.76 tex:13599 mv:165 misc:1836 imb:2 pmb:340 smb:7818 d:- ref:0 ;
in:2799 out:2799 type:B dur:2 cpbdur:2 q:10.33 aq:1.98 tex:332 mv:8 misc:500 imb:0 pmb:8 smb:8152 d:- ref:0 ;
in:2798 out:2800 type:b dur:2 cpbdur:2 q:10.33 aq:0.10 tex:142 mv:4 misc:438 imb:0 pmb:3 smb:8157 d:- ref:0 ;
in:2800 out:2801 type:b dur:2 cpbdur:2 q:10.33 aq:0.10 tex:142 mv:4 misc:438 imb:0 pmb:3 smb:8157 d:- ref:0 ;
in:2805 out:2802 type:P dur:2 cpbdur:2 q:10.31 aq:2.92 tex:12038 mv:160 misc:1634 imb:2 pmb:285 smb:7873 d:- ref:0 ;
in:2803 out:2803 type:B dur:2 cpbdur:2 q:10.32 aq:1.91 tex:290 mv:7 misc:487 imb:0 pmb:7 smb:8153 d:- ref:0 ;
in:2802 out:2804 type:b dur:2 cpbdur:2 q:10.32 aq:0.10 tex:142 mv:4 misc:438 imb:0 pmb:3 smb:8157 d:- ref:0 ;
in:2804 out:2805 type:b dur:2 cpbdur:2 q:10.31 aq:0.10 tex:142 mv:4 misc:438 imb:0 pmb:3 smb:8157 d:- ref:0 ;
in:2809 out:2806 type:P dur:2 cpbdur:2 q:10.30 aq:2.67 tex:9529 mv:129 misc:1534 imb:1 pmb:234 smb:7925 d:- ref:0 ;
in:2807 out:2807 type:B dur:2 cpbdur:2 q:10.30 aq:1.98 tex:332 mv:8 misc:500 imb:0 pmb:8 smb:8152 d:- ref:0 ;
in:2806 out:2808 type:b dur:2 cpbdur:2 q:10.31 aq:0.10 tex:142 mv:4 misc:438 imb:0 pmb:3 smb:8157 d:- ref:0 ;
in:2808 out:2809 type:b dur:2 cpbdur:2 q:10.30 aq:0.10 tex:142 mv:4 misc:438 imb:0 pmb:3 smb:8157 d:- ref:0 ;
in:2813 out:2810 type:P dur:2 cpbdur:2 q:10.29 aq:2.28 tex:7554 mv:125 misc:1321 imb:1 pmb:184 smb:7975 d:- ref:0 ;
in:2811 out:2811 type:B dur:2 cpbdur:2 q:10.29 aq:1.91 tex:290 mv:7 misc:487 imb:0 pmb:7 smb:8153 d:- ref:0 ;
in:2810 out:2812 type:b dur:2 cpbdur:2 q:10.30 aq:0.10 tex:142 mv:4 misc:438 imb:0 pmb:3 smb:8157 d:- ref:0 ;
in:2812 out:2813 type:b dur:2 cpbdur:2 q:10.29 aq:0.10 tex:142 mv:4 misc:438 imb:0 pmb:3 smb:8157 d:- ref:0 ;
in:2817 out:2814 type:P dur:2 cpbdur:2 q:10.27 aq:2.21 tex:6209 mv:136 misc:1199 imb:1 pmb:153 smb:8006 d:- ref:0 ;
in:2815 out:2815 type:B dur:2 cpbdur:2 q:10.28 aq:1.95 tex:338 mv:8 misc:494 imb:0 pmb:8 smb:8152 d:- ref:0 ;
in:2814 out:2816 type:b dur:2 cpbdur:2 q:10.28 aq:0.10 tex:142 mv:4 misc:438 imb:0 pmb:3 smb:8157 d:- ref:0 ;
in:2816 out:2817 type:b dur:2 cpbdur:2 q:10.28 aq:0.10 tex:142 mv:4 misc:438 imb:0 pmb:3 smb:8157 d:- ref:0 ;
in:2821 out:2818 type:P dur:2 cpbdur:2 q:10.26 aq:1.29 tex:4824 mv:103 misc:1081 imb:0 pmb:126 smb:8034 d:- ref:0 ;
in:2819 out:2819 type:B dur:2 cpbdur:2 q:10.27 aq:1.89 tex:293 mv:7 misc:492 imb:0 pmb:7 smb:8153 d:- ref:0 ;
in:2818 out:2820 type:b dur:2 cpbdur:2 q:10.27 aq:0.10 tex:142 mv:4 misc:438 imb:0 pmb:3 smb:8157 d:- ref:0 ;
in:2820 out:2821 type:b dur:2 cpbdur:2 q:10.27 aq:0.10 tex:142 mv:4 misc:438 imb:0 pmb:3 smb:8157 d:- ref:0 ;
in:2825 out:2822 type:P dur:2 cpbdur:2 q:10.25 aq:0.92 tex:3505 mv:98 misc:941 imb:0 pmb:91 smb:8069 d:- ref:0 ;
in:2823 out:2823 type:B dur:2 cpbdur:2 q:10.26 aq:1.95 tex:338 mv:8 misc:494 imb:0 pmb:8 smb:8152 d:- ref:0 ;
in:2822 out:2824 type:b dur:2 cpbdur:2 q:10.26 aq:0.10 tex:142 mv:4 misc:438 imb:0 pmb:3 smb:8157 d:- ref:0 ;
in:2824 out:2825 type:b dur:2 cpbdur:2 q:10.25 aq:0.10 tex:142 mv:4 misc:438 imb:0 pmb:3 smb:8157 d:- ref:0 ;
in:2829 out:2826 type:P dur:2 cpbdur:2 q:10.24 aq:1.26 tex:2210 mv:88 misc:806 imb:0 pmb:54 smb:8106 d:- ref:0 ;
in:2827 out:2827 type:B dur:2 cpbdur:2 q:10.24 aq:1.89 tex:293 mv:7 misc:492 imb:0 pmb:7 smb:8153 d:- ref:0 ;
in:2826 out:2828 type:b dur:2 cpbdur:2 q:10.25 aq:0.10 tex:142 mv:4 misc:438 imb:0 pmb:3 smb:8157 d:- ref:0 ;
in:2828 out:2829 type:b dur:2 cpbdur:2 q:10.24 aq:0.10 tex:142 mv:4 misc:438 imb:0 pmb:3 smb:8157 d:- ref:0 ;
in:2830 out:2830 type:I dur:2 cpbdur:2 q:7.38 aq:0.66 tex:1139350 mv:48667 misc:527 imb:8160 pmb:0 smb:0 d:- ref:;
in:2834 out:2831 type:P dur:2 cpbdur:2 q:10.22 aq:0.66 tex:490 mv:52 misc:554 imb:0 pmb:13 smb:8147 d:- ref:0 ;
in:2832 out:2832 type:B dur:2 cpbdur:2 q:10.22 aq:0.00 tex:0 mv:0 misc:408 imb:0 pmb:0 smb:8160 d:- ref:0 ;
in:2831 out:2833 type:b dur:2 cpbdur:2 q:10.22 aq:0.00 tex:0 mv:0 misc:408 imb:0 pmb:0 smb:8160 d:- ref:0 ;
in:2833 out:2834 type:b dur:2 cpbdur:2 q:10.22 aq:0.00 tex:0 mv:0 misc:408 imb:0 pmb:0 smb:8160 d:- ref:0 ;
in:2836 out:2835 type:P dur:2 cpbdur:2 q:10.21 aq:5.46 tex:452323 mv:9225 misc:1436 imb:1130 pmb:988 smb:6042 d:- ref:0 w:7,83,46,7,86,51,99,16 ;
in:2835 out:2836 type:b dur:2 cpbdur:2 q:10.22 aq:0.00 tex:114 mv:177 misc:1365 imb:0 pmb:298 smb:7862 d:- ref:0 ;
in:2837 out:2837 type:P dur:2 cpbdur:2 q:10.21 aq:3.55 tex:385357 mv:9867 misc:1416 imb:1195 pmb:990 smb:5975 d:- ref:0 w:4,7,73,7,59,83,77,28 ;
in:2838 out:2838 type:i dur:2 cpbdur:2 q:7.36 aq:0.31 tex:1207144 mv:36131 misc:189 imb:8160 pmb:0 smb:0 d:- ref:w:4,7,73,7,59,83,77,28 ;
in:2842 out:2839 type:P dur:2 cpbdur:2 q:10.20 aq:3.54 tex:3491 mv:137 misc:1020 imb:1 pmb:106 smb:8053 d:- ref:0 ;
in:2840 out:2840 type:B dur:2 cpbdur:2 q:10.20 aq:2.17 tex:47 mv:17 misc:456 imb:0 pmb:3 smb:8157 d:- ref:0 ;
in:2839 out:2841 type:b dur:2 cpbdur:2 q:10.20 aq:0.00 tex:0 mv:0 misc:408 imb:0 pmb:0 smb:8160 d:- ref:0 ;
in:2841 out:2842 type:b dur:2 cpbdur:2 q:10.20 aq:0.00 tex:0 mv:0 misc:408 imb:0 pmb:0 smb:8160 d:- ref:0 ;
in:2846 out:2843 type:P dur:2 cpbdur:2 q:10.19 aq:3.18 tex:617 mv:74 misc:581 imb:1 pmb:16 smb:8143 d:- ref:0 ;
in:2844 out:2844 type:B dur:2 cpbdur:2 q:10.19 aq:0.00 tex:0 mv:0 misc:424 imb:0 pmb:0 smb:8160 d:- ref:0 ;
in:2843 out:2845 type:b dur:2 cpbdur:2 q:10.20 aq:0.00 tex:0 mv:0 misc:408 imb:0 pmb:0 smb:8160 d:- ref:0 ;
in:2845 out:2846 type:b dur:2 cpbdur:2 q:10.19 aq:0.00 tex:0 mv:0 misc:408 imb:0 pmb:0 smb:8160 d:- ref:0 ;
in:2850 out:2847 type:P dur:2 cpbdur:2 q:10.19 aq:3.19 tex:81 mv:28 misc:475 imb:1 pmb:2 smb:8157 d:- ref:0 ;
in:2848 out:2848 type:B dur:2 cpbdur:2 q:10.19 aq:0.00 tex:0 mv:0 misc:424 imb:0 pmb:0 smb:8160 d:- ref:0 ;
in:2847 out:2849 type:b dur:2 cpbdur:2 q:10.19 aq:0.00 tex:0 mv:0 misc:408 imb:0 pmb:0 smb:8160 d:- ref:0 ;
in:2849 out:2850 type:b dur:2 cpbdur:2 q:10.19 aq:0.00 tex:0 mv:0 misc:408 imb:0 pmb:0 smb:8160 d:- ref:0 ;
in:2854 out:2851 type:P dur:2 cpbdur:2 q:10.19 aq:3.19 tex:77 mv:14 misc:461 imb:0 pmb:2 smb:8158 d:- ref:0 ;
in:2852 out:2852 type:B dur:2 cpbdur:2 q:10.19 aq:0.00 tex:0 mv:0 misc:424 imb:0 pmb:0 smb:8160 d:- ref:0 ;
in:2851 out:2853 type:b dur:2 cpbdur:2 q:10.19 aq:0.00 tex:0 mv:0 misc:408 imb:0 pmb:0 smb:8160 d:- ref:0 ;
in:2853 out:2854 type:b dur:2 cpbdur:2 q:10.19 aq:0.00 tex:0 mv:0 misc:408 imb:0 pmb:0 smb:8160 d:- ref:0 ;
in:2858 out:2855 type:P dur:2 cpbdur:2 q:10.20 aq:1.73 tex:216584 mv:1208 misc:1528 imb:231 pmb:919 smb:7010 d:- ref:0 ;
in:2856 out:2856 type:B dur:2 cpbdur:2 q:10.20 aq:0.08 tex:2018 mv:158 misc:832 imb:0 pmb:86 smb:8074 d:- ref:0 ;
in:2855 out:2857 type:b dur:2 cpbdur:2 q:10.19 aq:0.00 tex:1706 mv:67 misc:659 imb:0 pmb:48 smb:8112 d:- ref:0 ;
in:2857 out:2858 type:b dur:2 cpbdur:2 q:10.20 aq:0.00 tex:89 mv:3 misc:436 imb:0 pmb:3 smb:8157 d:- ref:0 ;
in:2862 out:2859 type:P dur:2 cpbdur:2 q:10.19 aq:3.39 tex:45071 mv:211 misc:1758 imb:4 pmb:490 smb:7666 d:- ref:0 ;
in:2860 out:2860 type:B dur:2 cpbdur:2 q:10.20 aq:8.13 tex:48 mv:18 misc:454 imb:0 pmb:3 smb:8157 d:- ref:0 ;
in:2859 out:2861 type:b dur:2 cpbdur:2 q:10.20 aq:0.00 tex:0 mv:0 misc:408 imb:0 pmb:0 smb:8160 d:- ref:0 ;
in:2861 out:2862 type:b dur:2 cpbdur:2 q:10.20 aq:0.00 tex:0 mv:0 misc:408 imb:0 pmb:0 smb:8160 d:- ref:0 ;
in:2866 out:2863 type:P dur:2 cpbdur:2 q:10.18 aq:3.16 tex:39715 mv:213 misc:1440 imb:4 pmb:355 smb:7801 d:- ref:0 ;
in:2864 out:2864 type:B dur:2 cpbdur:2 q:10.19 aq:8.13 tex:37 mv:9 misc:434 imb:0 pmb:1 smb:8159 d:- ref:0 ;
in:2863 out:2865 type:b dur:2 cpbdur:2 q:10.19 aq:0.00 tex:0 mv:0 misc:408 imb:0 pmb:0 smb:8160 d:- ref:0 ;
in:2865 out:2866 type:b dur:2 cpbdur:2 q:10.18 aq:0.00 tex:0 mv:0 misc:408 imb:0 pmb:0 smb:8160 d:- ref:0 ;
in:2870 out:2867 type:P dur:2 cpbdur:2 q:10.17 aq:3.14 tex:12144 mv:174 misc:1250 imb:4 pmb:211 smb:7945 d:- ref:0 ;
in:2868 out:2868 type:B dur:2 cpbdur:2 q:10.17 aq:8.13 tex:37 mv:1 misc:434 imb:0 pmb:1 smb:8159 d:- ref:0 ;
in:2867 out:2869 type:b dur:2 cpbdur:2 q:10.18 aq:0.00 tex:0 mv:0 misc:408 imb:0 pmb:0 smb:8160 d:- ref:0 ;
in:2869 out:2870 type:b dur:2 cpbdur:2 q:10.17 aq:0.00 tex:0 mv:0 misc:408 imb:0 pmb:0 smb:8160 d:- ref:0 ;
in:2874 out:2871 type:P dur:2 cpbdur:2 q:10.16 aq:3.63 tex:20729 mv:165 misc:1194 imb:3 pmb:223 smb:7934 d:- ref:0 ;
in:2872 out:2872 type:B dur:2 cpbdur:2 q:10.16 aq:8.13 tex:37 mv:1 misc:434 imb:0 pmb:1 smb:8159 d:- ref:0 ;
in:2871 out:2873 type:b dur:2 cpbdur:2 q:10.17 aq:0.00 tex:0 mv:0 misc:408 imb:0 pmb:0 smb:8160 d:- ref:0 ;
in:2873 out:2874 type:b dur:2 cpbdur:2 q:10.16 aq:0.00 tex:0 mv:0 misc:408 imb:0 pmb:0 smb:8160 d:- ref:0 ;
in:2878 out:2875 type:P dur:2 cpbdur:2 q:10.15 aq:3.38 tex:7148 mv:143 misc:1213 imb:2 pmb:172 smb:7986 d:- ref:0 ;
in:2876 out:2876 type:B dur:2 cpbdur:2 q:10.16 aq:8.13 tex:37 mv:1 misc:434 imb:0 pmb:1 smb:8159 d:- ref:0 ;
in:2875 out:2877 type:b dur:2 cpbdur:2 q:10.16 aq:0.00 tex:0 mv:0 misc:408 imb:0 pmb:0 smb:8160 d:- ref:0 ;
in:2877 out:2878 type:b dur:2 cpbdur:2 q:10.15 aq:0.00 tex:0 mv:0 misc:408 imb:0 pmb:0 smb:8160 d:- ref:0 ;
in:2882 out:2879 type:P dur:2 cpbdur:2 q:10.14 aq:3.35 tex:4777 mv:143 misc:1144 imb:2 pmb:141 smb:8017 d:- ref:0 ;
in:2880 out:2880 type:B dur:2 cpbdur:2 q:10.14 aq:8.13 tex:37 mv:1 misc:434 imb:0 pmb:1 smb:8159 d:- ref:0 ;
in:2879 out:2881 type:b dur:2 cpbdur:2 q:10.15 aq:0.00 tex:0 mv:0 misc:408 imb:0 pmb:0 smb:8160 d:- ref:0 ;
in:2881 out:2882 type:b dur:2 cpbdur:2 q:10.14 aq:0.00 tex:0 mv:0 misc:408 imb:0 pmb:0 smb:8160 d:- ref:0 ;
in:2886 out:2883 type:P dur:2 cpbdur:2 q:10.13 aq:3.32 tex:5604 mv:133 misc:1151 imb:2 pmb:144 smb:8014 d:- ref:0 ;
in:2884 out:2884 type:B dur:2 cpbdur:2 q:10.13 aq:8.13 tex:37 mv:1 misc:434 imb:0 pmb:1 smb:8159 d:- ref:0 ;
in:2883 out:2885 type:b dur:2 cpbdur:2 q:10.14 aq:0.00 tex:0 mv:0 misc:408 imb:0 pmb:0 smb:8160 d:- ref:0 ;
in:2885 out:2886 type:b dur:2 cpbdur:2 q:10.13 aq:0.00 tex:0 mv:0 misc:408 imb:0 pmb:0 smb:8160 d:- ref:0 ;
in:2890 out:2887 type:P dur:2 cpbdur:2 q:10.12 aq:3.61 tex:3394 mv:126 misc:952 imb:2 pmb:92 smb:8066 d:- ref:0 ;
in:2888 out:2888 type:B dur:2 cpbdur:2 q:10.12 aq:8.13 tex:37 mv:1 misc:434 imb:0 pmb:1 smb:8159 d:- ref:0 ;
in:2887 out:2889 type:b dur:2 cpbdur:2 q:10.12 aq:0.00 tex:0 mv:0 misc:408 imb:0 pmb:0 smb:8160 d:- ref:0 ;
in:2889 out:2890 type:b dur:2 cpbdur:2 q:10.12 aq:0.00 tex:0 mv:0 misc:408 imb:0 pmb:0 smb:8160 d:- ref:0 ;
in:2894 out:2891 type:P dur:2 cpbdur:2 q:10.10 aq:3.32 tex:4662 mv:141 misc:1133 imb:2 pmb:141 smb:8017 d:- ref:0 ;
in:2892 out:2892 type:B dur:2 cpbdur:2 q:10.11 aq:8.13 tex:37 mv:1 misc:434 imb:0 pmb:1 smb:8159 d:- ref:0 ;
in:2891 out:2893 type:b dur:2 cpbdur:2 q:10.11 aq:0.00 tex:0 mv:0 misc:408 imb:0 pmb:0 smb:8160 d:- ref:0 ;
in:2893 out:2894 type:b dur:2 cpbdur:2 q:10.11 aq:0.00 tex:0 mv:0 misc:408 imb:0 pmb:0 smb:8160 d:- ref:0 ;
in:2898 out:2895 type:P dur:2 cpbdur:2 q:10.09 aq:3.32 tex:4606 mv:136 misc:1122 imb:2 pmb:139 smb:8019 d:- ref:0 ;
in:2896 out:2896 type:B dur:2 cpbdur:2 q:10.10 aq:8.13 tex:37 mv:1 misc:434 imb:0 pmb:1 smb:8159 d:- ref:0 ;
in:2895 out:2897 type:b dur:2 cpbdur:2 q:10.10 aq:0.00 tex:0 mv:0 misc:408 imb:0 pmb:0 smb:8160 d:- ref:0 ;
in:2897 out:2898 type:b dur:2 cpbdur:2 q:10.09 aq:0.00 tex:0 mv:0 misc:408 imb:0 pmb:0 smb:8160 d:- ref:0 ;
in:2902 out:2899 type:P dur:2 cpbdur:2 q:10.08 aq:3.32 tex:5125 mv:137 misc:1138 imb:2 pmb:142 smb:8016 d:- ref:0 ;
in:2900 out:2900 type:B dur:2 cpbdur:2 q:10.09 aq:8.13 tex:37 mv:1 misc:434 imb:0 pmb:1 smb:8159 d:- ref:0 ;
in:2899 out:2901 type:b dur:2 cpbdur:2 q:10.09 aq:0.00 tex:0 mv:0 misc:408 imb:0 pmb:0 smb:8160 d:- ref:0 ;
in:2901 out:2902 type:b dur:2 cpbdur:2 q:10.08 aq:0.00 tex:0 mv:0 misc:408 imb:0 pmb:0 smb:8160 d:- ref:0 ;
in:2906 out:2903 type:P dur:2 cpbdur:2 q:10.07 aq:3.32 tex:4700 mv:133 misc:1127 imb:2 pmb:141 smb:8017 d:- ref:0 ;
in:2904 out:2904 type:B dur:2 cpbdur:2 q:10.07 aq:8.13 tex:37 mv:1 misc:434 imb:0 pmb:1 smb:8159 d:- ref:0 ;
in:2903 out:2905 type:b dur:2 cpbdur:2 q:10.08 aq:0.00 tex:0 mv:0 misc:408 imb:0 pmb:0 smb:8160 d:- ref:0 ;
in:2905 out:2906 type:b dur:2 cpbdur:2 q:10.07 aq:0.00 tex:0 mv:0 misc:408 imb:0 pmb:0 smb:8160 d:- ref:0 ;
in:2910 out:2907 type:P dur:2 cpbdur:2 q:10.06 aq:3.01 tex:5592 mv:138 misc:1166 imb:2 pmb:146 smb:8012 d:- ref:0 ;
in:2908 out:2908 type:B dur:2 cpbdur:2 q:10.06 aq:8.13 tex:37 mv:1 misc:434 imb:0 pmb:1 smb:8159 d:- ref:0 ;
in:2907 out:2909 type:b dur:2 cpbdur:2 q:10.06 aq:0.00 tex:0 mv:0 misc:408 imb:0 pmb:0 smb:8160 d:- ref:0 ;
in:2909 out:2910 type:b dur:2 cpbdur:2 q:10.06 aq:0.00 tex:0 mv:0 misc:408 imb:0 pmb:0 smb:8160 d:- ref:0 ;
in:2914 out:2911 type:P dur:2 cpbdur:2 q:10.04 aq:3.22 tex:4447 mv:131 misc:1086 imb:2 pmb:130 smb:8028 d:- ref:0 ;
in:2912 out:2912 type:B dur:2 cpbdur:2 q:10.05 aq:8.13 tex:37 mv:1 misc:434 imb:0 pmb:1 smb:8159 d:- ref:0 ;
in:2911 out:2913 type:b dur:2 cpbdur:2 q:10.05 aq:0.00 tex:0 mv:0 misc:408 imb:0 pmb:0 smb:8160 d:- ref:0 ;
in:2913 out:2914 type:b dur:2 cpbdur:2 q:10.05 aq:0.00 tex:0 mv:0 misc:408 imb:0 pmb:0 smb:8160 d:- ref:0 ;
in:2918 out:2915 type:P dur:2 cpbdur:2 q:10.03 aq:3.32 tex:4604 mv:145 misc:1123 imb:2 pmb:140 smb:8018 d:- ref:0 ;
in:2916 out:2916 type:B dur:2 cpbdur:2 q:10.04 aq:8.13 tex:37 mv:1 misc:434 imb:0 pmb:1 smb:8159 d:- ref:0 ;
in:2915 out:2917 type:b dur:2 cpbdur:2 q:10.04 aq:0.00 tex:0 mv:0 misc:408 imb:0 pmb:0 smb:8160 d:- ref:0 ;
in:2917 out:2918 type:b dur:2 cpbdur:2 q:10.04 aq:0.00 tex:0 mv:0 misc:408 imb:0 pmb:0 smb:8160 d:- ref:0 ;
in:2922 out:2919 type:P dur:2 cpbdur:2 q:10.02 aq:3.32 tex:4606 mv:133 misc:1125 imb:2 pmb:139 smb:8019 d:- ref:0 ;
in:2920 out:2920 type:B dur:2 cpbdur:2 q:10.03 aq:8.13 tex:37 mv:1 misc:434 imb:0 pmb:1 smb:8159 d:- ref:0 ;
in:2919 out:2921 type:b dur:2 cpbdur:2 q:10.03 aq:0.00 tex:0 mv:0 misc:408 imb:0 pmb:0 smb:8160 d:- ref:0 ;
in:2921 out:2922 type:b dur:2 cpbdur:2 q:10.02 aq:0.00 tex:0 mv:0 misc:408 imb:0 pmb:0 smb:8160 d:- ref:0 ;
in:2926 out:2923 type:P dur:2 cpbdur:2 q:10.01 aq:3.32 tex:4882 mv:144 misc:1134 imb:2 pmb:140 smb:8018 d:- ref:0 ;
in:2924 out:2924 type:B dur:2 cpbdur:2 q:10.01 aq:8.13 tex:37 mv:1 misc:434 imb:0 pmb:1 smb:8159 d:- ref:0 ;
in:2923 out:2925 type:b dur:2 cpbdur:2 q:10.02 aq:0.00 tex:0 mv:0 misc:408 imb:0 pmb:0 smb:8160 d:- ref:0 ;
in:2925 out:2926 type:b dur:2 cpbdur:2 q:10.01 aq:0.00 tex:0 mv:0 misc:408 imb:0 pmb:0 smb:8160 d:- ref:0 ;
in:2930 out:2927 type:P dur:2 cpbdur:2 q:10.00 aq:3.30 tex:2385 mv:123 misc:780 imb:2 pmb:53 smb:8105 d:- ref:0 ;
in:2928 out:2928 type:B dur:2 cpbdur:2 q:10.00 aq:8.13 tex:37 mv:1 misc:434 imb:0 pmb:1 smb:8159 d:- ref:0 ;
in:2927 out:2929 type:b dur:2 cpbdur:2 q:10.01 aq:0.00 tex:0 mv:0 misc:408 imb:0 pmb:0 smb:8160 d:- ref:0 ;
in:2929 out:2930 type:b dur:2 cpbdur:2 q:10.00 aq:0.00 tex:0 mv:0 misc:408 imb:0 pmb:0 smb:8160 d:- ref:0 ;
in:2934 out:2931 type:P dur:2 cpbdur:2 q:9.99 aq:3.86 tex:586 mv:92 misc:594 imb:2 pmb:18 smb:8140 d:- ref:0 ;
in:2932 out:2932 type:B dur:2 cpbdur:2 q:9.99 aq:8.13 tex:37 mv:1 misc:434 imb:0 pmb:1 smb:8159 d:- ref:0 ;
in:2931 out:2933 type:b dur:2 cpbdur:2 q:9.99 aq:0.00 tex:0 mv:0 misc:408 imb:0 pmb:0 smb:8160 d:- ref:0 ;
in:2933 out:2934 type:b dur:2 cpbdur:2 q:9.99 aq:0.00 tex:0 mv:0 misc:408 imb:0 pmb:0 smb:8160 d:- ref:0 ;
in:2938 out:2935 type:P dur:2 cpbdur:2 q:9.97 aq:1.35 tex:93 mv:34 misc:481 imb:2 pmb:1 smb:8157 d:- ref:0 ;
in:2936 out:2936 type:B dur:2 cpbdur:2 q:9.98 aq:8.13 tex:37 mv:1 misc:434 imb:0 pmb:1 smb:8159 d:- ref:0 ;
in:2935 out:2937 type:b dur:2 cpbdur:2 q:9.98 aq:0.00 tex:0 mv:0 misc:408 imb:0 pmb:0 smb:8160 d:- ref:0 ;
in:2937 out:2938 type:b dur:2 cpbdur:2 q:9.98 aq:0.00 tex:0 mv:0 misc:408 imb:0 pmb:0 smb:8160 d:- ref:0 ;
in:2942 out:2939 type:P dur:2 cpbdur:2 q:9.96 aq:2.68 tex:156 mv:45 misc:495 imb:2 pmb:3 smb:8155 d:- ref:0 ;
in:2940 out:2940 type:B dur:2 cpbdur:2 q:9.97 aq:8.13 tex:37 mv:1 misc:434 imb:0 pmb:1 smb:8159 d:- ref:0 ;
in:2939 out:2941 type:b dur:2 cpbdur:2 q:9.97 aq:0.00 tex:0 mv:0 misc:408 imb:0 pmb:0 smb:8160 d:- ref:0 ;
in:2941 out:2942 type:b dur:2 cpbdur:2 q:9.97 aq:0.00 tex:0 mv:0 misc:408 imb:0 pmb:0 smb:8160 d:- ref:0 ;
in:2946 out:2943 type:P dur:2 cpbdur:2 q:9.95 aq:2.69 tex:69 mv:27 misc:480 imb:1 pmb:2 smb:8157 d:- ref:0 ;
in:2944 out:2944 type:B dur:2 cpbdur:2 q:9.96 aq:8.13 tex:37 mv:1 misc:434 imb:0 pmb:1 smb:8159 d:- ref:0 ;
in:2943 out:2945 type:b dur:2 cpbdur:2 q:9.96 aq:0.00 tex:0 mv:0 misc:408 imb:0 pmb:0 smb:8160 d:- ref:0 ;
in:2945 out:2946 type:b dur:2 cpbdur:2 q:9.95 aq:0.00 tex:0 mv:0 misc:408 imb:0 pmb:0 smb:8160 d:- ref:0 ;
in:2950 out:2947 type:P dur:2 cpbdur:2 q:9.94 aq:0.34 tex:82 mv:29 misc:473 imb:1 pmb:2 smb:8157 d:- ref:0 ;
in:2948 out:2948 type:B dur:2 cpbdur:2 q:9.94 aq:8.13 tex:37 mv:1 misc:434 imb:0 pmb:1 smb:8159 d:- ref:0 ;
in:2947 out:2949 type:b dur:2 cpbdur:2 q:9.95 aq:0.00 tex:0 mv:0 misc:408 imb:0 pmb:0 smb:8160 d:- ref:0 ;
in:2949 out:2950 type:b dur:2 cpbdur:2 q:9.94 aq:0.00 tex:0 mv:0 misc:408 imb:0 pmb:0 smb:8160 d:- ref:0 ;
in:2954 out:2951 type:P dur:2 cpbdur:2 q:9.93 aq:0.00 tex:34 mv:8 misc:454 imb:0 pmb:1 smb:8159 d:- ref:0 ;
in:2952 out:2952 type:B dur:2 cpbdur:2 q:9.93 aq:0.00 tex:0 mv:0 misc:424 imb:0 pmb:0 smb:8160 d:- ref:0 ;
in:2951 out:2953 type:b dur:2 cpbdur:2 q:9.94 aq:0.00 tex:0 mv:0 misc:408 imb:0 pmb:0 smb:8160 d:- ref:0 ;
in:2953 out:2954 type:b dur:2 cpbdur:2 q:9.93 aq:0.00 tex:0 mv:0 misc:408 imb:0 pmb:0 smb:8160 d:- ref:0 ;
in:2957 out:2955 type:P dur:2 cpbdur:2 q:9.92 aq:0.00 tex:0 mv:0 misc:440 imb:0 pmb:0 smb:8160 d:- ref:0 ;
in:2955 out:2956 type:B dur:2 cpbdur:2 q:9.92 aq:0.00 tex:0 mv:0 misc:424 imb:0 pmb:0 smb:8160 d:- ref:0 ;
in:2956 out:2957 type:b dur:2 cpbdur:2 q:9.92 aq:0.00 tex:0 mv:0 misc:408 imb:0 pmb:0 smb:8160 d:- ref:0 ;
